name,female_ratio
Aabha,1.0
Momie,1.0
Mohani,1.0
Mohini,1.0
Mohogany,1.0
Moina,1.0
Moira,1.0
Moire,1.0
Moiya,1.0
Moksha,1.0
Mokshitha,1.0
Molani,1.0
Molene,1.0
Molette,1.0
Moli,1.0
Molika,1.0
Molina,1.0
Molinda,1.0
Moline,1.0
Molissa,1.0
Molla,1.0
Mollee,1.0
Molleigh,1.0
Molley,1.0
Molli,1.0
Mollyann,1.0
Mollyanne,1.0
Mollye,1.0
Mollykate,1.0
Mohana,1.0
Mohagany,1.0
Mofiyinfoluwa,1.0
Modest,1.0
Mmasinachi,1.0
Moana,1.0
Moani,1.0
Moanna,1.0
Mocha,1.0
Modean,1.0
Modelle,1.0
Modena,1.0
Modene,1.0
Modenia,1.0
Modesire,1.0
Modesireoluwa,1.0
Modesta,1.0
Moet,1.0
Modeste,1.0
Modesti,1.0
Modestine,1.0
Modesty,1.0
Modine,1.0
Modupe,1.0
Modupeoluwa,1.0
Moeisha,1.0
Moeko,1.0
Moena,1.0
Moesha,1.0
Moeshia,1.0
Mollyrose,1.0
Momina,1.0
Mlynn,1.0
Momo,1.0
Monda,1.0
Monday,1.0
Mone,1.0
Monea,1.0
Moneak,1.0
Moneca,1.0
Monecia,1.0
Monee,1.0
Moneek,1.0
Moneeka,1.0
Moneik,1.0
Moneika,1.0
Moneisha,1.0
Monek,1.0
Moneka,1.0
Moneke,1.0
Monekia,1.0
Monelle,1.0
Moneque,1.0
Monesha,1.0
Moneshia,1.0
Moneta,1.0
Monetta,1.0
Monette,1.0
Monez,1.0
Monia,1.0
Monic,1.0
Moncia,1.0
Moncheri,1.0
Monchelle,1.0
Monalisa,1.0
Momoe,1.0
Momoka,1.0
Momoko,1.0
Momoreoluwa,1.0
Momoyo,1.0
Monaca,1.0
Monae,1.0
Monah,1.0
Monai,1.0
Monajah,1.0
Monalee,1.0
Monali,1.0
Monarch,1.0
Monchell,1.0
Monasha,1.0
Monasia,1.0
Monay,1.0
Monaya,1.0
Monaye,1.0
Monce,1.0
Moncerat,1.0
Moncerath,1.0
Moncerrad,1.0
Moncerrat,1.0
Moncerrath,1.0
Monchel,1.0
Mmary,1.0
Mlissa,1.0
Mishay,1.0
Mitzel,1.0
Mistelle,1.0
Mistey,1.0
Misti,1.0
Mistic,1.0
Mistica,1.0
Mistie,1.0
Mistina,1.0
Mistique,1.0
Mistyann,1.0
Mistydawn,1.0
Mistye,1.0
Misue,1.0
Mita,1.0
Mitali,1.0
Mithila,1.0
Mitia,1.0
Mitsi,1.0
Mitsie,1.0
Mitsu,1.0
Mitsue,1.0
Mitsuko,1.0
Mitsuye,1.0
Mitsuyo,1.0
Mitsy,1.0
Mittie,1.0
Mitty,1.0
Mitza,1.0
Mistee,1.0
Miste,1.0
Mistaya,1.0
Mishonda,1.0
Mishea,1.0
Misheel,1.0
Misheeta,1.0
Mishel,1.0
Mishele,1.0
Mishell,1.0
Mishelle,1.0
Mishia,1.0
Mishie,1.0
Mishika,1.0
Mishita,1.0
Mishka,1.0
Mishri,1.0
Mistala,1.0
Mishti,1.0
Misk,1.0
Miski,1.0
Misri,1.0
Missel,1.0
Missey,1.0
Missi,1.0
Missie,1.0
Missouri,1.0
Missouria,1.0
Missty,1.0
Missy,1.0
Mitze,1.0
Mitzi,1.0
Mliss,1.0
Mitzie,1.0
Miyona,1.0
Miyoni,1.0
Miyonna,1.0
Miyonni,1.0
Miyori,1.0
Miyosha,1.0
Miyoshi,1.0
Miyouri,1.0
Miyu,1.0
Miyuki,1.0
Miyuri,1.0
Mizani,1.0
Mkaela,1.0
Mkaila,1.0
Mkayla,1.0
Mkaylah,1.0
Mkenna,1.0
Mkenzi,1.0
Mkenzie,1.0
Mkiyah,1.0
Mkya,1.0
Mkyla,1.0
Mlak,1.0
Mlani,1.0
Mlasi,1.0
Mleah,1.0
Mlisa,1.0
Miyomi,1.0
Miyoko,1.0
Miyoka,1.0
Miyali,1.0
Mitzy,1.0
Miu,1.0
Miura,1.0
Miwa,1.0
Mixtli,1.0
Mixtly,1.0
Miya,1.0
Miyabi,1.0
Miyae,1.0
Miyah,1.0
Miyahna,1.0
Miyako,1.0
Miyana,1.0
Miyo,1.0
Miyanah,1.0
Miyani,1.0
Miyanna,1.0
Miyanni,1.0
Miyari,1.0
Miye,1.0
Miyeko,1.0
Miyelle,1.0
Miyesha,1.0
Miyisha,1.0
Miyla,1.0
Miylah,1.0
Monice,1.0
Monicia,1.0
Monick,1.0
Moyra,1.0
Morrine,1.0
Morrisa,1.0
Morrissa,1.0
Morsal,1.0
Morticia,1.0
Mortisha,1.0
Morwenna,1.0
Moryah,1.0
Mosella,1.0
Moselle,1.0
Mosetta,1.0
Moshay,1.0
Moska,1.0
Motie,1.0
Motunrayo,1.0
Moudie,1.0
Moukthika,1.0
Mouna,1.0
Mounia,1.0
Mourine,1.0
Movita,1.0
Moxi,1.0
Moxie,1.0
Moxxi,1.0
Moy,1.0
Moya,1.0
Moyinoluwa,1.0
Morrighan,1.0
Morrigan,1.0
Morriah,1.0
Moria,1.0
Morgandy,1.0
Morgane,1.0
Morgann,1.0
Morganna,1.0
Morganne,1.0
Morgayne,1.0
Morghann,1.0
Morghen,1.0
Morghyn,1.0
Morgin,1.0
Morgyn,1.0
Morgynn,1.0
Moriana,1.0
Morolaoluwa,1.0
Morica,1.0
Morina,1.0
Morine,1.0
Morisa,1.0
Morissa,1.0
Moriya,1.0
Moriyah,1.0
Morjorie,1.0
Morlene,1.0
Morna,1.0
Morning,1.0
Morningstar,1.0
Moyosore,1.0
Moza,1.0
Monicka,1.0
Mozella,1.0
Mundi,1.0
Mundy,1.0
Muneera,1.0
Muneerah,1.0
Munha,1.0
Muniba,1.0
Munira,1.0
Munirah,1.0
Munisa,1.0
Muniza,1.0
Muntaha,1.0
Muntas,1.0
Muntaz,1.0
Munzarin,1.0
Muqadas,1.0
Mura,1.0
Murael,1.0
Mural,1.0
Muranda,1.0
Murdie,1.0
Murdis,1.0
Muri,1.0
Muriah,1.0
Murial,1.0
Murielle,1.0
Murissa,1.0
Murjani,1.0
Muna,1.0
Mumtaz,1.0
Mumtas,1.0
Muffy,1.0
Mozetta,1.0
Mozter,1.0
Mria,1.0
Mrida,1.0
Mridula,1.0
Mrinalini,1.0
Mry,1.0
Mryah,1.0
Mrytle,1.0
Msgana,1.0
Mtisha,1.0
Mubina,1.0
Mugdha,1.0
Mumtahina,1.0
Muggie,1.0
Muguette,1.0
Muhlani,1.0
Mui,1.0
Muireann,1.0
Mukta,1.0
Mukti,1.0
Mulani,1.0
Mulanii,1.0
Mulki,1.0
Mumina,1.0
Mumtaaz,1.0
Morgana,1.0
Morgaine,1.0
Moretta,1.0
Morenike,1.0
Monquie,1.0
Monquita,1.0
Monreaux,1.0
Monsae,1.0
Monsai,1.0
Monse,1.0
Monserat,1.0
Monserath,1.0
Monseratt,1.0
Monserrad,1.0
Monserrath,1.0
Monserratt,1.0
Monserratte,1.0
Monsita,1.0
Monsserat,1.0
Monsserrat,1.0
Montanah,1.0
Montasia,1.0
Montavia,1.0
Montaya,1.0
Montaysia,1.0
Monteen,1.0
Montene,1.0
Montera,1.0
Monterey,1.0
Monteria,1.0
Monterra,1.0
Monque,1.0
Monnica,1.0
Monnette,1.0
Monioluwa,1.0
Monie,1.0
Moniece,1.0
Moniesha,1.0
Monifa,1.0
Monifah,1.0
Monigue,1.0
Monik,1.0
Monika,1.0
Monikah,1.0
Monike,1.0
Monikia,1.0
Monina,1.0
Moniq,1.0
Monna,1.0
Moniqua,1.0
Moniquea,1.0
Moniquie,1.0
Monira,1.0
Monisa,1.0
Monise,1.0
Monisha,1.0
Monissa,1.0
Monita,1.0
Moniya,1.0
Moniyah,1.0
Monja,1.0
Montesha,1.0
Montessa,1.0
Montia,1.0
Moraima,1.0
Monzerrad,1.0
Monzerrath,1.0
Moona,1.0
Moonee,1.0
Moonie,1.0
Moonlight,1.0
Moonyean,1.0
Moonyeen,1.0
Moorea,1.0
Mora,1.0
Morag,1.0
Morah,1.0
Moranda,1.0
Monzerath,1.0
Moraya,1.0
Morayah,1.0
Morayma,1.0
Morayo,1.0
Morea,1.0
Moree,1.0
Moreen,1.0
Morelia,1.0
Morella,1.0
Moremi,1.0
Morena,1.0
Morene,1.0
Monzeratt,1.0
Monzerat,1.0
Montiara,1.0
Montserat,1.0
Montica,1.0
Montiera,1.0
Montina,1.0
Montine,1.0
Montinique,1.0
Montisha,1.0
Montoria,1.0
Montoyia,1.0
Montrece,1.0
Montressa,1.0
Montry,1.0
Montse,1.0
Montserrad,1.0
Monzelle,1.0
Montserrat,1.0
Montserrath,1.0
Montzerrat,1.0
Monya,1.0
Monyca,1.0
Monye,1.0
Monyea,1.0
Monyetta,1.0
Monyette,1.0
Monyka,1.0
Monzell,1.0
Monzella,1.0
Mishayla,1.0
Mishall,1.0
Marj,1.0
Mileigh,1.0
Milarose,1.0
Milasia,1.0
Milaun,1.0
Milauni,1.0
Milay,1.0
Milaya,1.0
Milayah,1.0
Milayna,1.0
Milaysia,1.0
Milbra,1.0
Milbrey,1.0
Milca,1.0
Milcah,1.0
Milda,1.0
Milderd,1.0
Mildra,1.0
Mildre,1.0
Mildren,1.0
Mildreth,1.0
Mildrid,1.0
Milea,1.0
Mileah,1.0
Milee,1.0
Mileen,1.0
Mileena,1.0
Milei,1.0
Mileidi,1.0
Milarain,1.0
Milarae,1.0
Milanya,1.0
Milaina,1.0
Mikylla,1.0
Mikynlee,1.0
Mikyra,1.0
Milada,1.0
Miladeen,1.0
Miladie,1.0
Milady,1.0
Milagrace,1.0
Milah,1.0
Milahn,1.0
Milahni,1.0
Milaia,1.0
Milajade,1.0
Milany,1.0
Milamarie,1.0
Milana,1.0
Milanee,1.0
Milania,1.0
Milanie,1.0
Milanii,1.0
Milanis,1.0
Milaniya,1.0
Milann,1.0
Milanna,1.0
Milanni,1.0
Milanny,1.0
Mileidy,1.0
Mileina,1.0
Mikylee,1.0
Milele,1.0
Mililani,1.0
Milina,1.0
Milinda,1.0
Milini,1.0
Milira,1.0
Milisa,1.0
Milisha,1.0
Milisia,1.0
Milissa,1.0
Milissia,1.0
Militza,1.0
Miliyah,1.0
Miliyana,1.0
Milka,1.0
Milki,1.0
Milla,1.0
Millah,1.0
Millana,1.0
Millani,1.0
Millar,1.0
Millaray,1.0
Mille,1.0
Millee,1.0
Milleigh,1.0
Millena,1.0
Millenia,1.0
Millenium,1.0
Milika,1.0
Milie,1.0
Milicent,1.0
Mileya,1.0
Milena,1.0
Milene,1.0
Mileni,1.0
Milenia,1.0
Milenka,1.0
Milenna,1.0
Mileny,1.0
Milesha,1.0
Milessa,1.0
Milett,1.0
Milette,1.0
Mileva,1.0
Mileyah,1.0
Milica,1.0
Mileydi,1.0
Mileydy,1.0
Mileyna,1.0
Mileyshka,1.0
Mili,1.0
Milia,1.0
Miliah,1.0
Miliana,1.0
Miliani,1.0
Milianna,1.0
Miliany,1.0
Milianys,1.0
Mikylie,1.0
Mikylah,1.0
Mishale,1.0
Mikaylynn,1.0
Mikaiyah,1.0
Mikalah,1.0
Mikalee,1.0
Mikali,1.0
Mikalia,1.0
Mikalla,1.0
Mikalya,1.0
Mikalyn,1.0
Mikalynn,1.0
Mikan,1.0
Mikara,1.0
Mikasa,1.0
Mikasia,1.0
Mikaya,1.0
Mikayah,1.0
Mikayala,1.0
Mikayela,1.0
Mikayia,1.0
Mikaylah,1.0
Mikaylee,1.0
Mikayleigh,1.0
Mikaylen,1.0
Mikayli,1.0
Mikaylia,1.0
Mikaylie,1.0
Mikaylin,1.0
Mikaylla,1.0
Mikaiya,1.0
Mikailyn,1.0
Mikaili,1.0
Mija,1.0
Mihaela,1.0
Miheeka,1.0
Mihika,1.0
Mihira,1.0
Miho,1.0
Mihra,1.0
Mihrimah,1.0
Miia,1.0
Miiangel,1.0
Miika,1.0
Miila,1.0
Miina,1.0
Mijah,1.0
Mikailah,1.0
Mijoi,1.0
Mijoy,1.0
Mikaela,1.0
Mikaelah,1.0
Mikaeli,1.0
Mikaella,1.0
Mikaely,1.0
Mikaelyn,1.0
Mikaeyla,1.0
Mikahla,1.0
Mikaia,1.0
Mikaila,1.0
Mikaylyn,1.0
Mikea,1.0
Mikyla,1.0
Mikeala,1.0
Mikhayla,1.0
Mikhia,1.0
Mikhiya,1.0
Mikia,1.0
Mikiala,1.0
Mikiela,1.0
Mikiko,1.0
Mikila,1.0
Mikilah,1.0
Mikinlee,1.0
Mikinley,1.0
Mikinzi,1.0
Mikinzie,1.0
Mikira,1.0
Mikisha,1.0
Mikita,1.0
Mikiya,1.0
Mikiyah,1.0
Mikka,1.0
Mikkala,1.0
Mikkayla,1.0
Mikkia,1.0
Mikoto,1.0
Miku,1.0
Mikya,1.0
Mikyah,1.0
Mikyia,1.0
Mikhala,1.0
Mikhaila,1.0
Mikhaela,1.0
Mikenley,1.0
Mikeayla,1.0
Mikecia,1.0
Mikeia,1.0
Mikeila,1.0
Mikeisha,1.0
Mikela,1.0
Mikelann,1.0
Mikelia,1.0
Mikella,1.0
Mikelyn,1.0
Mikena,1.0
Mikenlee,1.0
Mikenna,1.0
Mikeyla,1.0
Mikenya,1.0
Mikenzi,1.0
Mikenzie,1.0
Mikenzy,1.0
Mikera,1.0
Mikeria,1.0
Mikesha,1.0
Mikeshia,1.0
Miketa,1.0
Mikeya,1.0
Mikeyah,1.0
Mikeyia,1.0
Millenna,1.0
Millennia,1.0
Millennium,1.0
Miriel,1.0
Mireida,1.0
Mireille,1.0
Mireily,1.0
Mirel,1.0
Mirela,1.0
Mirella,1.0
Mirelle,1.0
Mirely,1.0
Mirelys,1.0
Miren,1.0
Mirena,1.0
Mirenda,1.0
Mireya,1.0
Mireyah,1.0
Mireyda,1.0
Mireyli,1.0
Mireyna,1.0
Mirha,1.0
Miri,1.0
Miria,1.0
Miriah,1.0
Miriama,1.0
Mirian,1.0
Miriana,1.0
Mirianna,1.0
Mirical,1.0
Miricale,1.0
Mireia,1.0
Mirei,1.0
Mircle,1.0
Miral,1.0
Mirabella,1.0
Mirabelle,1.0
Miracal,1.0
Miraclle,1.0
Mirae,1.0
Mirah,1.0
Miraha,1.0
Mirai,1.0
Mirajane,1.0
Mirakal,1.0
Mirakel,1.0
Mirakle,1.0
Miralee,1.0
Mircale,1.0
Miram,1.0
Mirana,1.0
Mirandah,1.0
Mirandy,1.0
Mirannda,1.0
Mirari,1.0
Miraslava,1.0
Mirasol,1.0
Miray,1.0
Miraya,1.0
Mirayah,1.0
Mirca,1.0
Miricle,1.0
Miriella,1.0
Millerkate,1.0
Mirielle,1.0
Mirtis,1.0
Mirtle,1.0
Miruna,1.0
Mirya,1.0
Miryah,1.0
Miryam,1.0
Miryan,1.0
Mirycal,1.0
Miryea,1.0
Misa,1.0
Misae,1.0
Misaki,1.0
Misako,1.0
Misao,1.0
Misato,1.0
Misaye,1.0
Misayo,1.0
Mischel,1.0
Mischele,1.0
Mischell,1.0
Mischelle,1.0
Misel,1.0
Misgana,1.0
Mishaal,1.0
Mishaela,1.0
Mishaila,1.0
Mishalay,1.0
Mirtie,1.0
Mirtha,1.0
Mirth,1.0
Mirlene,1.0
Mirin,1.0
Mirina,1.0
Mirinda,1.0
Mirisa,1.0
Mirissa,1.0
Mirium,1.0
Miriya,1.0
Mirjana,1.0
Mirka,1.0
Mirla,1.0
Mirlande,1.0
Mirle,1.0
Mirlinda,1.0
Mirta,1.0
Mirola,1.0
Mironda,1.0
Miroslava,1.0
Mirra,1.0
Mirracle,1.0
Mirrah,1.0
Mirranda,1.0
Mirren,1.0
Mirriah,1.0
Mirriam,1.0
Mirsa,1.0
Mirsha,1.0
Mirabell,1.0
Mirabel,1.0
Mirabai,1.0
Miraal,1.0
Milyanna,1.0
Milyn,1.0
Milynda,1.0
Milynn,1.0
Mima,1.0
Mimi,1.0
Mimia,1.0
Mimie,1.0
Mimma,1.0
Mimmie,1.0
Mimose,1.0
Minaal,1.0
Minah,1.0
Minahil,1.0
Minako,1.0
Minal,1.0
Minami,1.0
Minaya,1.0
Minda,1.0
Minday,1.0
Minde,1.0
Mindee,1.0
Mindel,1.0
Minden,1.0
Mindi,1.0
Mindie,1.0
Minea,1.0
Milyana,1.0
Milya,1.0
Mily,1.0
Millinia,1.0
Millette,1.0
Milley,1.0
Milli,1.0
Millia,1.0
Milliana,1.0
Milliani,1.0
Millianna,1.0
Millicent,1.0
Millieann,1.0
Milliemae,1.0
Millierose,1.0
Millina,1.0
Milliona,1.0
Milvia,1.0
Millisa,1.0
Millison,1.0
Millissa,1.0
Milly,1.0
Millyana,1.0
Miloni,1.0
Milou,1.0
Milove,1.0
Milred,1.0
Milta,1.0
Miluna,1.0
Miluv,1.0
Mineko,1.0
Minela,1.0
Minelba,1.0
Miona,1.0
Minnia,1.0
Minnielee,1.0
Minnow,1.0
Minola,1.0
Minori,1.0
Minsa,1.0
Minseo,1.0
Minta,1.0
Mintha,1.0
Mintie,1.0
Minya,1.0
Minyon,1.0
Mionna,1.0
Minnetta,1.0
Mior,1.0
Miori,1.0
Miosha,1.0
Miosoti,1.0
Miosotis,1.0
Miosoty,1.0
Miqueen,1.0
Miquela,1.0
Miquella,1.0
Miquelle,1.0
Miquesha,1.0
Miquisha,1.0
Minnette,1.0
Minneola,1.0
Minelly,1.0
Minhchau,1.0
Minelva,1.0
Minely,1.0
Mineola,1.0
Minerba,1.0
Minerva,1.0
Minervia,1.0
Minesha,1.0
Minetta,1.0
Minette,1.0
Minga,1.0
Minha,1.0
Minhanh,1.0
Minhthu,1.0
Minne,1.0
Mini,1.0
Minica,1.0
Minie,1.0
Minika,1.0
Minique,1.0
Minisha,1.0
Miniya,1.0
Miniyah,1.0
Minji,1.0
Minka,1.0
Minna,1.0
Minnah,1.0
Murlean,1.0
Murlee,1.0
Murleen,1.0
Nala,1.0
Nakila,1.0
Nakima,1.0
Nakina,1.0
Nakira,1.0
Nakirah,1.0
Nakiria,1.0
Nakisa,1.0
Nakish,1.0
Nakisha,1.0
Nakishia,1.0
Nakitia,1.0
Nakitta,1.0
Nakiyah,1.0
Nakiyha,1.0
Nakiyla,1.0
Nakkia,1.0
Nakosha,1.0
Nakova,1.0
Nakshatra,1.0
Nakya,1.0
Nakyah,1.0
Nakyia,1.0
Nakyiah,1.0
Nakyla,1.0
Nakylah,1.0
Nakyra,1.0
Nakyrah,1.0
Nakijah,1.0
Nakieya,1.0
Nakieta,1.0
Nakeya,1.0
Nakema,1.0
Nakendra,1.0
Nakenya,1.0
Nakenzie,1.0
Nakera,1.0
Nakeria,1.0
Nakesha,1.0
Nakeshia,1.0
Nakesia,1.0
Naketa,1.0
Naketta,1.0
Nakevia,1.0
Nakeyah,1.0
Nakiesha,1.0
Nakeyia,1.0
Nakeysha,1.0
Nakeyta,1.0
Nakhia,1.0
Nakhiya,1.0
Nakhya,1.0
Nakhyla,1.0
Nakiah,1.0
Nakiaya,1.0
Nakida,1.0
Nakiea,1.0
Nakiera,1.0
Nakysha,1.0
Nalah,1.0
Nakel,1.0
Nalahni,1.0
Naleyah,1.0
Nali,1.0
Nalia,1.0
Naliah,1.0
Naliana,1.0
Nalijah,1.0
Nalina,1.0
Nalini,1.0
Nalisa,1.0
Nalisha,1.0
Nalissa,1.0
Naliya,1.0
Naliyah,1.0
Nalla,1.0
Nallah,1.0
Nalleli,1.0
Nallely,1.0
Nalley,1.0
Nally,1.0
Naloni,1.0
Naly,1.0
Nalya,1.0
Nalyah,1.0
Nalyjah,1.0
Nalyn,1.0
Nalynn,1.0
Nalyssa,1.0
Naleya,1.0
Nalene,1.0
Naleigha,1.0
Nalaya,1.0
Nalai,1.0
Nalaia,1.0
Nalaiah,1.0
Nalaiya,1.0
Nalaiyah,1.0
Nalana,1.0
Nalanee,1.0
Nalani,1.0
Nalanie,1.0
Nalanii,1.0
Nalanni,1.0
Nalany,1.0
Nalayah,1.0
Naleigh,1.0
Nalayiah,1.0
Nalayna,1.0
Nalaysia,1.0
Nalda,1.0
Nalea,1.0
Naleah,1.0
Naledi,1.0
Nalee,1.0
Naleea,1.0
Nalei,1.0
Naleia,1.0
Naleiah,1.0
Nakela,1.0
Nakeitha,1.0
Murlene,1.0
Naiza,1.0
Naimal,1.0
Naimo,1.0
Naina,1.0
Nainika,1.0
Naioma,1.0
Naiome,1.0
Naiomi,1.0
Naiomy,1.0
Naiovy,1.0
Naira,1.0
Nairah,1.0
Nairi,1.0
Nairoby,1.0
Nairy,1.0
Naisa,1.0
Naisha,1.0
Naissa,1.0
Naitri,1.0
Naivee,1.0
Naivy,1.0
Naiya,1.0
Naiyah,1.0
Naiyana,1.0
Naiyanna,1.0
Naiyeli,1.0
Naiyla,1.0
Naiylah,1.0
Naimah,1.0
Naima,1.0
Nailyn,1.0
Naiima,1.0
Naidaly,1.0
Naidelin,1.0
Naideline,1.0
Naidely,1.0
Naidelyn,1.0
Naiella,1.0
Naielle,1.0
Naiely,1.0
Naiema,1.0
Naiesha,1.0
Naihla,1.0
Naihomy,1.0
Naija,1.0
Naily,1.0
Naijah,1.0
Naika,1.0
Naikia,1.0
Naila,1.0
Nailah,1.0
Nailani,1.0
Nailany,1.0
Nailea,1.0
Naileah,1.0
Nailee,1.0
Naileen,1.0
Naileth,1.0
Naiyma,1.0
Naizeth,1.0
Nakeita,1.0
Najaah,1.0
Nakaiya,1.0
Nakaiyah,1.0
Nakala,1.0
Nakara,1.0
Nakaria,1.0
Nakasha,1.0
Nakasia,1.0
Nakaya,1.0
Nakayah,1.0
Nakayia,1.0
Nakayla,1.0
Nakaylah,1.0
Nakaylee,1.0
Nakea,1.0
Nakeba,1.0
Nakecia,1.0
Nakeda,1.0
Nakedra,1.0
Nakee,1.0
Nakeea,1.0
Nakeema,1.0
Nakeena,1.0
Nakeesha,1.0
Nakeeta,1.0
Nakeia,1.0
Nakeira,1.0
Nakeisha,1.0
Nakaila,1.0
Nakaiah,1.0
Nakaia,1.0
Najha,1.0
Najada,1.0
Najala,1.0
Najat,1.0
Najaya,1.0
Najayah,1.0
Najd,1.0
Najea,1.0
Najeebah,1.0
Najeli,1.0
Najelly,1.0
Najely,1.0
Najera,1.0
Najia,1.0
Najya,1.0
Najiah,1.0
Najila,1.0
Najilah,1.0
Najirah,1.0
Najiyah,1.0
Najiyyah,1.0
Najla,1.0
Najma,1.0
Najmah,1.0
Najmo,1.0
Najuma,1.0
Najwa,1.0
Namal,1.0
Namani,1.0
Namara,1.0
Naseera,1.0
Narissa,1.0
Narita,1.0
Nariya,1.0
Nariyah,1.0
Narjes,1.0
Narjis,1.0
Narkita,1.0
Narma,1.0
Narmeen,1.0
Narnia,1.0
Narriah,1.0
Narrissa,1.0
Narsis,1.0
Narumi,1.0
Narva,1.0
Narvelle,1.0
Narvis,1.0
Nary,1.0
Narya,1.0
Naryah,1.0
Naryia,1.0
Naryiah,1.0
Nasani,1.0
Nasara,1.0
Nasaria,1.0
Nasasha,1.0
Nasaya,1.0
Narisa,1.0
Narine,1.0
Narina,1.0
Narel,1.0
Narcie,1.0
Narcille,1.0
Narcisa,1.0
Narciss,1.0
Narcissa,1.0
Narcissus,1.0
Narda,1.0
Nardia,1.0
Nardos,1.0
Nare,1.0
Nareen,1.0
Nareh,1.0
Nareli,1.0
Nariman,1.0
Narelle,1.0
Narely,1.0
Naret,1.0
Nareth,1.0
Narges,1.0
Nargis,1.0
Nari,1.0
Naria,1.0
Nariah,1.0
Nariana,1.0
Narice,1.0
Narielle,1.0
Nascha,1.0
Nasha,1.0
Namaria,1.0
Nashad,1.0
Nashla,1.0
Nashley,1.0
Nashli,1.0
Nashlie,1.0
Nashlly,1.0
Nashly,1.0
Nashlyn,1.0
Nashmia,1.0
Nashonda,1.0
Nashrah,1.0
Nashwa,1.0
Nashya,1.0
Nashyah,1.0
Nashyia,1.0
Nashyla,1.0
Nashyra,1.0
Nasia,1.0
Nasiha,1.0
Nasima,1.0
Nasira,1.0
Nasirah,1.0
Nasiriyah,1.0
Nasiya,1.0
Nasjah,1.0
Nasli,1.0
Nasly,1.0
Naslyn,1.0
Nashiyah,1.0
Nashiya,1.0
Nashira,1.0
Nashari,1.0
Nashae,1.0
Nashai,1.0
Nashalee,1.0
Nashaley,1.0
Nashali,1.0
Nashalie,1.0
Nashally,1.0
Nashaly,1.0
Nashana,1.0
Nashanda,1.0
Nashanti,1.0
Nashara,1.0
Nashay,1.0
Nashima,1.0
Nashaya,1.0
Nashayla,1.0
Nashea,1.0
Nasheema,1.0
Nasheena,1.0
Nasheka,1.0
Nashell,1.0
Nashelle,1.0
Nashelly,1.0
Nashely,1.0
Nashia,1.0
Nashika,1.0
Narcedalia,1.0
Narayani,1.0
Narayah,1.0
Naraya,1.0
Nanalee,1.0
Nanami,1.0
Nanati,1.0
Nanayaa,1.0
Nancee,1.0
Nancey,1.0
Nanci,1.0
Nanciann,1.0
Nancianne,1.0
Nancie,1.0
Nancilee,1.0
Nancyann,1.0
Nancyanne,1.0
Nancye,1.0
Nancyjane,1.0
Nancyjean,1.0
Nancyjo,1.0
Nancylee,1.0
Nancylou,1.0
Nandana,1.0
Nandhana,1.0
Nandhini,1.0
Nandi,1.0
Nandika,1.0
Nandini,1.0
Nandita,1.0
Nanditha,1.0
Nanala,1.0
Nanako,1.0
Nanaama,1.0
Namirah,1.0
Namarie,1.0
Namaste,1.0
Namasvi,1.0
Namaya,1.0
Nameera,1.0
Namia,1.0
Namiah,1.0
Namie,1.0
Namii,1.0
Namila,1.0
Namine,1.0
Namira,1.0
Namita,1.0
Nanaakua,1.0
Namitha,1.0
Namiya,1.0
Namiyah,1.0
Namoni,1.0
Namora,1.0
Namrata,1.0
Namuun,1.0
Namya,1.0
Namyah,1.0
Namyia,1.0
Nan,1.0
Nanaadwoa,1.0
Nandni,1.0
Nandy,1.0
Nane,1.0
Naquasia,1.0
Naomie,1.0
Naomigrace,1.0
Naomii,1.0
Naomika,1.0
Naomirose,1.0
Naomy,1.0
Naori,1.0
Naporsha,1.0
Napua,1.0
Naquana,1.0
Naquanda,1.0
Naquasha,1.0
Naquelle,1.0
Naomee,1.0
Naquesha,1.0
Naquisha,1.0
Naquita,1.0
Naquitta,1.0
Narae,1.0
Narah,1.0
Narai,1.0
Naralee,1.0
Narali,1.0
Naralie,1.0
Naraly,1.0
Narasha,1.0
Naomia,1.0
Naome,1.0
Nanea,1.0
Nann,1.0
Naneka,1.0
Nanelle,1.0
Nanett,1.0
Nanetta,1.0
Nanette,1.0
Nani,1.0
Nanie,1.0
Nanika,1.0
Nanine,1.0
Nanisha,1.0
Nanita,1.0
Nanki,1.0
Nanna,1.0
Naoma,1.0
Nannett,1.0
Nannetta,1.0
Nannette,1.0
Nanny,1.0
Nanor,1.0
Nansi,1.0
Nansy,1.0
Nanyamka,1.0
Naobi,1.0
Naohmi,1.0
Naoko,1.0
Naola,1.0
Naida,1.0
Naica,1.0
Naibe,1.0
Myliegh,1.0
Mylasha,1.0
Mylashia,1.0
Mylasia,1.0
Mylaya,1.0
Mylayah,1.0
Myldred,1.0
Mylea,1.0
Myleah,1.0
Mylee,1.0
Myleen,1.0
Myleena,1.0
Myleene,1.0
Myleesha,1.0
Mylei,1.0
Myleigh,1.0
Myleigha,1.0
Myleisha,1.0
Myleka,1.0
Mylena,1.0
Mylene,1.0
Mylesha,1.0
Myley,1.0
Myli,1.0
Mylia,1.0
Myliah,1.0
Myliana,1.0
Mylicia,1.0
Mylarose,1.0
Mylarae,1.0
Mylania,1.0
Mykie,1.0
Mykenzi,1.0
Mykenzie,1.0
Mykera,1.0
Mykeria,1.0
Mykerria,1.0
Mykesha,1.0
Mykeshia,1.0
Mykeya,1.0
Mykhala,1.0
Mykhia,1.0
Mykia,1.0
Mykiah,1.0
Mykila,1.0
Mylani,1.0
Mykira,1.0
Mykisha,1.0
Mykita,1.0
Mykiya,1.0
Mykiyah,1.0
Mykya,1.0
Mykyah,1.0
Mykyla,1.0
Myla,1.0
Mylaa,1.0
Mylah,1.0
Mylana,1.0
Mylie,1.0
Mylii,1.0
Myrianna,1.0
Mylika,1.0
Myosha,1.0
Myoshi,1.0
Myoshia,1.0
Myphuong,1.0
Myquisha,1.0
Myraa,1.0
Myrabelle,1.0
Myracle,1.0
Myrah,1.0
Myrakle,1.0
Myraline,1.0
Myranda,1.0
Myrcella,1.0
Myrdell,1.0
Myrdis,1.0
Myree,1.0
Myreen,1.0
Myrella,1.0
Myrene,1.0
Myresha,1.0
Myreta,1.0
Myretta,1.0
Myreya,1.0
Myria,1.0
Myriah,1.0
Myriam,1.0
Myrian,1.0
Myori,1.0
Myonna,1.0
Myoni,1.0
Mylynn,1.0
Mylina,1.0
Mylinda,1.0
Mylinh,1.0
Mylinn,1.0
Mylisa,1.0
Mylisha,1.0
Mylissa,1.0
Myliyah,1.0
Mylla,1.0
Mylove,1.0
Mylyn,1.0
Mylynda,1.0
Myna,1.0
Myong,1.0
Mynasia,1.0
Myndee,1.0
Myndi,1.0
Myneisha,1.0
Mynesha,1.0
Mynette,1.0
Mynia,1.0
Myniah,1.0
Mynika,1.0
Mynisha,1.0
Myomi,1.0
Myona,1.0
Mykenzee,1.0
Mykenna,1.0
Mykena,1.0
Mykela,1.0
Mwajuma,1.0
Mwangaza,1.0
Mwavita,1.0
Myaa,1.0
Myabella,1.0
Myahna,1.0
Myaira,1.0
Myairah,1.0
Myaisa,1.0
Myaisha,1.0
Myajah,1.0
Myalee,1.0
Myalin,1.0
Myalise,1.0
Myalyn,1.0
Myalynn,1.0
Myamarie,1.0
Myami,1.0
Myana,1.0
Myanah,1.0
Myangel,1.0
Myanh,1.0
Myani,1.0
Myann,1.0
Myanna,1.0
Myannah,1.0
Myanni,1.0
Muzna,1.0
Muzette,1.0
Muyi,1.0
Musette,1.0
Murlie,1.0
Murline,1.0
Murna,1.0
Murnie,1.0
Murphee,1.0
Murphi,1.0
Murphie,1.0
Murrie,1.0
Murron,1.0
Murtie,1.0
Murtis,1.0
Musetta,1.0
Musfira,1.0
Muxi,1.0
Musfirah,1.0
Musheerah,1.0
Mushka,1.0
Mushtaaq,1.0
Mushtaq,1.0
Musie,1.0
Muska,1.0
Muskaan,1.0
Muskan,1.0
Muslima,1.0
Muslimah,1.0
Mutsuko,1.0
Myar,1.0
Myara,1.0
Myari,1.0
Mykaela,1.0
Myhanh,1.0
Myia,1.0
Myiah,1.0
Myianna,1.0
Myiesha,1.0
Myiona,1.0
Myionna,1.0
Myisha,1.0
Myishia,1.0
Myja,1.0
Myjah,1.0
Myjoy,1.0
Mykaella,1.0
Myesia,1.0
Mykaila,1.0
Mykailah,1.0
Mykala,1.0
Mykalah,1.0
Mykalia,1.0
Mykalla,1.0
Mykaya,1.0
Mykayla,1.0
Mykaylah,1.0
Mykea,1.0
Mykeia,1.0
Mykeisha,1.0
Myha,1.0
Myeshia,1.0
Myarii,1.0
Mychala,1.0
Myarose,1.0
Myashia,1.0
Myasia,1.0
Myasiah,1.0
Myauna,1.0
Myayla,1.0
Myazia,1.0
Mycaela,1.0
Mycala,1.0
Mycayla,1.0
Mycha,1.0
Mychaela,1.0
Mychele,1.0
Myesheia,1.0
Mychell,1.0
Mychelle,1.0
Myckala,1.0
Myda,1.0
Myeasha,1.0
Myeesha,1.0
Myeisha,1.0
Myeka,1.0
Myelin,1.0
Myella,1.0
Myelle,1.0
Myesha,1.0
Myriana,1.0
Myrical,1.0
Naiayla,1.0
Nafeesah,1.0
Nadyah,1.0
Nadyalee,1.0
Nadyia,1.0
Nadyne,1.0
Naedelyn,1.0
Naeema,1.0
Naeemah,1.0
Naeisha,1.0
Naela,1.0
Naelah,1.0
Naelani,1.0
Naeli,1.0
Naella,1.0
Naelle,1.0
Naely,1.0
Naelyn,1.0
Naelynn,1.0
Naema,1.0
Naemi,1.0
Naeomi,1.0
Naesha,1.0
Naeva,1.0
Naevi,1.0
Naevia,1.0
Naeyli,1.0
Nafanua,1.0
Nafas,1.0
Nadya,1.0
Nadxheli,1.0
Nadrea,1.0
Nadifo,1.0
Nadelie,1.0
Nadeline,1.0
Nadell,1.0
Nadelyn,1.0
Nadelynn,1.0
Nadene,1.0
Nadera,1.0
Naderge,1.0
Nadeya,1.0
Nadezhda,1.0
Nadiah,1.0
Nadie,1.0
Nadija,1.0
Nadra,1.0
Nadilee,1.0
Nadilyn,1.0
Nadilynn,1.0
Nadin,1.0
Nadina,1.0
Nadira,1.0
Nadirah,1.0
Nadiya,1.0
Nadiyah,1.0
Nadja,1.0
Nadjah,1.0
Nadolyn,1.0
Nafeesa,1.0
Nafeesha,1.0
Myricle,1.0
Nafia,1.0
Nahjae,1.0
Nahjai,1.0
Nahjay,1.0
Nahje,1.0
Nahla,1.0
Nahlah,1.0
Nahlani,1.0
Nahlia,1.0
Nahliyah,1.0
Nahmi,1.0
Nahomi,1.0
Nahomie,1.0
Nahomy,1.0
Nahrain,1.0
Nahriah,1.0
Nahtanha,1.0
Nahvi,1.0
Nahya,1.0
Nahyeli,1.0
Nahyla,1.0
Nahyma,1.0
Naia,1.0
Naiah,1.0
Naiahri,1.0
Naiana,1.0
Naiara,1.0
Naiari,1.0
Nahja,1.0
Nahira,1.0
Nahiomy,1.0
Nahara,1.0
Nafisa,1.0
Nafisah,1.0
Nafiso,1.0
Nafissa,1.0
Nafissatou,1.0
Nagela,1.0
Nagelly,1.0
Nagely,1.0
Nagham,1.0
Nagisa,1.0
Nagwa,1.0
Nahal,1.0
Nahaven,1.0
Nahima,1.0
Nahayla,1.0
Nahbi,1.0
Nahdia,1.0
Naheed,1.0
Nahely,1.0
Nahema,1.0
Nahia,1.0
Nahiara,1.0
Nahida,1.0
Nahide,1.0
Nahila,1.0
Nahili,1.0
Nadeja,1.0
Nadeige,1.0
Nadege,1.0
Nadeene,1.0
Myshae,1.0
Myshayla,1.0
Myshell,1.0
Myshia,1.0
Mysia,1.0
Mystee,1.0
Mystery,1.0
Mysti,1.0
Mystic,1.0
Mystica,1.0
Mystical,1.0
Mystie,1.0
Mystik,1.0
Mystique,1.0
Mysty,1.0
Mythili,1.0
Mythri,1.0
Mytia,1.0
Mytien,1.0
Mytisha,1.0
Myung,1.0
Myunique,1.0
Myya,1.0
Myyah,1.0
Naa,1.0
Naadia,1.0
Naadira,1.0
Mysha,1.0
Myrtus,1.0
Myrtte,1.0
Myrline,1.0
Myrie,1.0
Myrielle,1.0
Myrikal,1.0
Myrikle,1.0
Myrisa,1.0
Myrissa,1.0
Myrka,1.0
Myrla,1.0
Myrlande,1.0
Myrlee,1.0
Myrleen,1.0
Myrlene,1.0
Myrne,1.0
Myrtlene,1.0
Myrra,1.0
Myrrah,1.0
Myrt,1.0
Myrta,1.0
Myrtes,1.0
Myrth,1.0
Myrtha,1.0
Myrtia,1.0
Myrtice,1.0
Myrtie,1.0
Myrtise,1.0
Myrtlee,1.0
Naadirah,1.0
Naailah,1.0
Naairah,1.0
Nadaleigh,1.0
Nachel,1.0
Nachele,1.0
Nachelle,1.0
Nachole,1.0
Nacirema,1.0
Nacola,1.0
Nacole,1.0
Nacona,1.0
Nacy,1.0
Nada,1.0
Nadaja,1.0
Nadalee,1.0
Nadalia,1.0
Nachaly,1.0
Nadalie,1.0
Nadaly,1.0
Nadalyn,1.0
Nadalynn,1.0
Nadara,1.0
Nadasha,1.0
Nadasia,1.0
Nadaya,1.0
Nadea,1.0
Nadean,1.0
Nadeane,1.0
Nadeen,1.0
Nache,1.0
Nacala,1.0
Naajia,1.0
Naaya,1.0
Naaliyah,1.0
Naama,1.0
Naamah,1.0
Naami,1.0
Naana,1.0
Naara,1.0
Naarah,1.0
Naariah,1.0
Naasia,1.0
Naava,1.0
Naavah,1.0
Naavya,1.0
Naaz,1.0
Nabria,1.0
Naba,1.0
Nabaa,1.0
Nabeeha,1.0
Nabeela,1.0
Nabeelah,1.0
Nabella,1.0
Nabia,1.0
Nabiha,1.0
Nabihah,1.0
Nabila,1.0
Nabilah,1.0
Nabile,1.0
Miha,1.0
Miguelina,1.0
Miguela,1.0
Mattisyn,1.0
Matiya,1.0
Matlin,1.0
Matline,1.0
Matlyn,1.0
Matney,1.0
Matoya,1.0
Matraca,1.0
Matracia,1.0
Matrice,1.0
Matricia,1.0
Matrona,1.0
Matsue,1.0
Matsuko,1.0
Matsuye,1.0
Matsuyo,1.0
Mattalyn,1.0
Mattalynn,1.0
Mattaya,1.0
Mattea,1.0
Mattel,1.0
Mattelyn,1.0
Mattelynn,1.0
Matthea,1.0
Mattielee,1.0
Mattigan,1.0
Mattilyn,1.0
Mattilynn,1.0
Matisyn,1.0
Matison,1.0
Matisha,1.0
Mathie,1.0
Matayah,1.0
Matea,1.0
Mateah,1.0
Mateel,1.0
Matella,1.0
Matelyn,1.0
Matelynn,1.0
Matesha,1.0
Mateya,1.0
Matha,1.0
Mathea,1.0
Mathel,1.0
Mathilda,1.0
Matisen,1.0
Mathilde,1.0
Matiah,1.0
Matiana,1.0
Maticia,1.0
Matie,1.0
Matigan,1.0
Matika,1.0
Matildia,1.0
Matilee,1.0
Matilyn,1.0
Matilynn,1.0
Matina,1.0
Mattisen,1.0
Mattlyn,1.0
Matasia,1.0
Mattye,1.0
Mauriana,1.0
Maurianna,1.0
Maurica,1.0
Mauricia,1.0
Mauriella,1.0
Maurielle,1.0
Maurietta,1.0
Maurika,1.0
Maurin,1.0
Maurina,1.0
Maurine,1.0
Maurisa,1.0
Maurisha,1.0
Maurissa,1.0
Maurita,1.0
Mauriyah,1.0
Mauryn,1.0
Mauve,1.0
Mauwa,1.0
Mava,1.0
Mave,1.0
Mavel,1.0
Mavelyn,1.0
Maveri,1.0
Maverie,1.0
Maverly,1.0
Mavery,1.0
Mauriah,1.0
Mauria,1.0
Mauresha,1.0
Maudene,1.0
Mattyson,1.0
Maty,1.0
Matylda,1.0
Matyson,1.0
Mauda,1.0
Maudean,1.0
Maudeen,1.0
Maudeline,1.0
Maudell,1.0
Maudella,1.0
Maudelle,1.0
Maudena,1.0
Maudestine,1.0
Maurene,1.0
Maudie,1.0
Maudine,1.0
Maudra,1.0
Maudrey,1.0
Maudry,1.0
Maudy,1.0
Mauli,1.0
Mauline,1.0
Mauna,1.0
Maureena,1.0
Maureene,1.0
Mauren,1.0
Mataya,1.0
Matasha,1.0
Mckailah,1.0
Marziya,1.0
Marypaz,1.0
Maryrita,1.0
Maryrose,1.0
Maryruth,1.0
Marysa,1.0
Marysabel,1.0
Maryse,1.0
Marysia,1.0
Marysol,1.0
Maryssa,1.0
Marysue,1.0
Marysusan,1.0
Maryterese,1.0
Marytheresa,1.0
Marytza,1.0
Maryum,1.0
Maryuri,1.0
Maryury,1.0
Maryvel,1.0
Marzee,1.0
Marzella,1.0
Marzelle,1.0
Marzena,1.0
Marzetta,1.0
Marzette,1.0
Marzia,1.0
Marziah,1.0
Marypatricia,1.0
Marypat,1.0
Maryory,1.0
Marylynn,1.0
Marylinn,1.0
Marylisa,1.0
Maryliz,1.0
Maryln,1.0
Marylois,1.0
Marylon,1.0
Marylou,1.0
Marylouise,1.0
Marylu,1.0
Marylue,1.0
Maryluz,1.0
Marylyn,1.0
Marylynne,1.0
Maryorie,1.0
Marymae,1.0
Marymar,1.0
Marymargaret,1.0
Marymichael,1.0
Maryn,1.0
Maryna,1.0
Marynel,1.0
Marynell,1.0
Marynn,1.0
Maryona,1.0
Maryonna,1.0
Maryori,1.0
Marzie,1.0
Masae,1.0
Matalynn,1.0
Masah,1.0
Mashunda,1.0
Mashyia,1.0
Masia,1.0
Masie,1.0
Masiel,1.0
Masiela,1.0
Masika,1.0
Masil,1.0
Masina,1.0
Maslin,1.0
Maslyn,1.0
Maslynn,1.0
Masoka,1.0
Masooma,1.0
Massa,1.0
Massiel,1.0
Mastani,1.0
Masue,1.0
Masuko,1.0
Masuma,1.0
Masumi,1.0
Masynn,1.0
Mata,1.0
Mataia,1.0
Matalie,1.0
Matalin,1.0
Matalyn,1.0
Mashonda,1.0
Mashona,1.0
Mashiya,1.0
Mashanti,1.0
Masako,1.0
Masal,1.0
Masaye,1.0
Masayo,1.0
Masel,1.0
Masey,1.0
Masha,1.0
Mashae,1.0
Mashala,1.0
Mashana,1.0
Mashanda,1.0
Mashanna,1.0
Mashari,1.0
Mashika,1.0
Mashauna,1.0
Mashaunda,1.0
Mashawna,1.0
Mashawnda,1.0
Mashay,1.0
Mashaya,1.0
Mashayla,1.0
Mashea,1.0
Masheka,1.0
Mashell,1.0
Mashelle,1.0
Mashia,1.0
Mavey,1.0
Mavia,1.0
Mavie,1.0
Mayu,1.0
Mayre,1.0
Mayree,1.0
Mayrel,1.0
Mayreli,1.0
Mayrelin,1.0
Mayrely,1.0
Mayren,1.0
Mayrene,1.0
Mayreni,1.0
Mayrim,1.0
Mayrin,1.0
Maysa,1.0
Maysaa,1.0
Maysam,1.0
Maysan,1.0
Maysea,1.0
Maysel,1.0
Maysha,1.0
Maysie,1.0
Maysoon,1.0
Mayssa,1.0
Maytal,1.0
Mayte,1.0
Maytee,1.0
Maytha,1.0
Maythe,1.0
Maythel,1.0
Mayrani,1.0
Mayrah,1.0
Mayraalejandra,1.0
Mayme,1.0
Mayliana,1.0
Maylie,1.0
Maylin,1.0
Maylina,1.0
Mayline,1.0
Mayling,1.0
Maylinn,1.0
Maylis,1.0
Mayloni,1.0
Mayly,1.0
Maylyn,1.0
Maylynn,1.0
Maymie,1.0
Mayori,1.0
Maymouna,1.0
Maymun,1.0
Maymuna,1.0
Maymunah,1.0
Mayna,1.0
Maynette,1.0
Maynie,1.0
Mayola,1.0
Mayoma,1.0
Mayona,1.0
Mayoni,1.0
Mayonna,1.0
Maytte,1.0
Mayuka,1.0
Mavisha,1.0
Mayukha,1.0
Mazelyn,1.0
Mazelynn,1.0
Mazey,1.0
Mazie,1.0
Mazilyn,1.0
Mazilynn,1.0
Maziya,1.0
Maziyah,1.0
Mazle,1.0
Mazlee,1.0
Mazleigh,1.0
Mazlyn,1.0
Mazlynn,1.0
Mazna,1.0
Mazola,1.0
Mazuri,1.0
Mazy,1.0
Mazyah,1.0
Mazzie,1.0
Mbene,1.0
Mber,1.0
Mcayla,1.0
Mccaela,1.0
Mccayla,1.0
Mcihelle,1.0
Mckae,1.0
Mckaela,1.0
Mazelle,1.0
Mazella,1.0
Mazell,1.0
Mayzelle,1.0
Mayuko,1.0
Mayumi,1.0
Mayura,1.0
Mayuri,1.0
Mayva,1.0
Mayve,1.0
Mayvee,1.0
Mayven,1.0
Mayvie,1.0
Mayvis,1.0
Mayzee,1.0
Mayzell,1.0
Mayzi,1.0
Mazeleigh,1.0
Mayzie,1.0
Mayzlee,1.0
Mazakeen,1.0
Mazal,1.0
Mazani,1.0
Mazaria,1.0
Mazarine,1.0
Mazayah,1.0
Mazee,1.0
Mazekeen,1.0
Mazel,1.0
Mazelee,1.0
Mayliah,1.0
Maylia,1.0
Mayli,1.0
Mayley,1.0
Mayalyn,1.0
Mayalynn,1.0
Mayana,1.0
Mayani,1.0
Mayann,1.0
Mayanna,1.0
Mayara,1.0
Mayari,1.0
Mayarose,1.0
Maybel,1.0
Maybelin,1.0
Maybeline,1.0
Maybell,1.0
Maybelle,1.0
Maybellene,1.0
Maybelline,1.0
Maybeth,1.0
Mayble,1.0
Maybre,1.0
Maybree,1.0
Maybri,1.0
Maybrie,1.0
Maycee,1.0
Maycel,1.0
Maycey,1.0
Mayci,1.0
Maycie,1.0
Mayalen,1.0
Mayalee,1.0
Mayala,1.0
Maxiene,1.0
Mavourneen,1.0
Mavra,1.0
Mavy,1.0
Mavyn,1.0
Mawa,1.0
Mawada,1.0
Mawaddah,1.0
Mawata,1.0
Mawiyah,1.0
Maxcine,1.0
Maxeen,1.0
Maxene,1.0
Maxima,1.0
Mayahuel,1.0
Maximiliana,1.0
Maximina,1.0
Maxinne,1.0
Maxlee,1.0
Maxlyn,1.0
Maxlynn,1.0
Maxola,1.0
Maxxine,1.0
Maxyne,1.0
Mayaar,1.0
Mayada,1.0
Mayah,1.0
Maycin,1.0
Maycle,1.0
Mayda,1.0
Maylasia,1.0
Mayisha,1.0
Mayka,1.0
Maykala,1.0
Maykayla,1.0
Maykaylee,1.0
Mayla,1.0
Maylah,1.0
Maylan,1.0
Maylana,1.0
Maylani,1.0
Maylanie,1.0
Maylanni,1.0
Mayle,1.0
Mayiah,1.0
Maylea,1.0
Mayleah,1.0
Maylee,1.0
Mayleen,1.0
Maylei,1.0
Mayleigh,1.0
Maylen,1.0
Maylena,1.0
Maylene,1.0
Mayleni,1.0
Maylet,1.0
Mayleth,1.0
Mayim,1.0
Mayia,1.0
Maydean,1.0
Mayela,1.0
Maydee,1.0
Maydeen,1.0
Maydel,1.0
Maydeli,1.0
Maydelin,1.0
Maydell,1.0
Maydelle,1.0
Maydelyn,1.0
Mayden,1.0
Maydene,1.0
Maye,1.0
Mayeda,1.0
Mayeli,1.0
Mayher,1.0
Mayelin,1.0
Mayella,1.0
Mayely,1.0
Mayerli,1.0
Mayerlin,1.0
Mayerly,1.0
Mayetta,1.0
Mayfred,1.0
Maygan,1.0
Maygen,1.0
Mayghan,1.0
Mayha,1.0
Maryline,1.0
Marylinda,1.0
Marylin,1.0
Marlynda,1.0
Marliee,1.0
Marliegh,1.0
Marliene,1.0
Marlies,1.0
Marliese,1.0
Marlii,1.0
Marlika,1.0
Marlina,1.0
Marlinda,1.0
Marline,1.0
Marlis,1.0
Marlisa,1.0
Marlise,1.0
Marlisha,1.0
Marliss,1.0
Marlissa,1.0
Marlita,1.0
Marliya,1.0
Marliyah,1.0
Marliz,1.0
Marlize,1.0
Marloe,1.0
Marlou,1.0
Marlus,1.0
Marlyce,1.0
Marlye,1.0
Marlyin,1.0
Marlie,1.0
Marlicia,1.0
Marlice,1.0
Marleth,1.0
Marlenie,1.0
Marlenis,1.0
Marlenn,1.0
Marlenne,1.0
Marlenny,1.0
Marleny,1.0
Marles,1.0
Marlesa,1.0
Marlese,1.0
Marlesha,1.0
Marlet,1.0
Marleta,1.0
Marletha,1.0
Marlianna,1.0
Marlett,1.0
Marletta,1.0
Marlette,1.0
Marleyah,1.0
Marleyann,1.0
Marleyjane,1.0
Marleyna,1.0
Marleyrae,1.0
Marleyrose,1.0
Marlia,1.0
Marliah,1.0
Marliana,1.0
Marlyna,1.0
Marlyne,1.0
Marquisa,1.0
Marlynn,1.0
Marpessa,1.0
Marqita,1.0
Marquala,1.0
Marquasha,1.0
Marquasia,1.0
Marquea,1.0
Marqueen,1.0
Marqueeta,1.0
Marqueisha,1.0
Marquella,1.0
Marquerite,1.0
Marquesa,1.0
Marquesha,1.0
Marqueshia,1.0
Marquessa,1.0
Marqueta,1.0
Marquetia,1.0
Marquetta,1.0
Marquettia,1.0
Marquia,1.0
Marquida,1.0
Marquiesha,1.0
Marquieta,1.0
Marquietta,1.0
Marquila,1.0
Marquilla,1.0
Marquina,1.0
Maroska,1.0
Maronica,1.0
Maronda,1.0
Marnetta,1.0
Marlynne,1.0
Marlyse,1.0
Marlyss,1.0
Marlyssa,1.0
Marna,1.0
Marnae,1.0
Marnay,1.0
Marnee,1.0
Marneisha,1.0
Marnella,1.0
Marnesha,1.0
Marneshia,1.0
Marnette,1.0
Marolyn,1.0
Marney,1.0
Marnia,1.0
Marnice,1.0
Marnie,1.0
Marnika,1.0
Marnina,1.0
Marniqua,1.0
Marnique,1.0
Marnisha,1.0
Marnita,1.0
Marniyah,1.0
Marny,1.0
Marlenia,1.0
Marleni,1.0
Marlenee,1.0
Marlenea,1.0
Markecia,1.0
Markeda,1.0
Markeeda,1.0
Markeesha,1.0
Markeeta,1.0
Markeia,1.0
Markeida,1.0
Markeisha,1.0
Markeita,1.0
Markeitha,1.0
Markela,1.0
Markella,1.0
Markena,1.0
Markenzie,1.0
Markera,1.0
Markeria,1.0
Markesa,1.0
Markesha,1.0
Markeshia,1.0
Markesia,1.0
Marketa,1.0
Marketia,1.0
Marketta,1.0
Markette,1.0
Markevia,1.0
Markeya,1.0
Markeyda,1.0
Markea,1.0
Markaysia,1.0
Markaysha,1.0
Marjolaine,1.0
Marjaan,1.0
Marjae,1.0
Marjan,1.0
Marjane,1.0
Marjani,1.0
Marjarie,1.0
Marje,1.0
Marjean,1.0
Marjeanne,1.0
Marji,1.0
Marjie,1.0
Marjo,1.0
Marjona,1.0
Markaylah,1.0
Marjoree,1.0
Marjori,1.0
Marjoria,1.0
Marjorine,1.0
Marjory,1.0
Markaila,1.0
Markala,1.0
Markan,1.0
Markasia,1.0
Markay,1.0
Markaya,1.0
Markayla,1.0
Markeyia,1.0
Markeyla,1.0
Markeysha,1.0
Marleah,1.0
Marlania,1.0
Marlanna,1.0
Marlasia,1.0
Marlay,1.0
Marlaya,1.0
Marlayah,1.0
Marlayna,1.0
Marlayne,1.0
Marlaysha,1.0
Marlayshia,1.0
Marlaysia,1.0
Marlea,1.0
Marlean,1.0
Marlane,1.0
Marleana,1.0
Marleaux,1.0
Marlecia,1.0
Marleen,1.0
Marleena,1.0
Marleene,1.0
Marleigh,1.0
Marleigha,1.0
Marleina,1.0
Marleisha,1.0
Marlem,1.0
Marlena,1.0
Marlani,1.0
Marlanda,1.0
Markeyta,1.0
Markishia,1.0
Markhia,1.0
Markia,1.0
Markiah,1.0
Markida,1.0
Markiea,1.0
Markiesha,1.0
Markieta,1.0
Markila,1.0
Markina,1.0
Markira,1.0
Markisa,1.0
Markisha,1.0
Markita,1.0
Marlana,1.0
Markitta,1.0
Markiya,1.0
Markiyah,1.0
Markki,1.0
Markya,1.0
Markyia,1.0
Markyiah,1.0
Markyla,1.0
Markysha,1.0
Marlaena,1.0
Marlaina,1.0
Marlaine,1.0
Marquinta,1.0
Marquisha,1.0
Marylene,1.0
Maryclaire,1.0
Marvita,1.0
Marvlene,1.0
Marvyl,1.0
Marwa,1.0
Marwah,1.0
Marya,1.0
Maryagnes,1.0
Maryah,1.0
Maryalice,1.0
Maryalyce,1.0
Maryam,1.0
Maryama,1.0
Maryamawit,1.0
Maryana,1.0
Maryangel,1.0
Maryanna,1.0
Maryanne,1.0
Marybel,1.0
Marybell,1.0
Marybella,1.0
Marybelle,1.0
Marybeth,1.0
Marycarmen,1.0
Marycarol,1.0
Marycaroline,1.0
Marycatherine,1.0
Marycela,1.0
Marvinia,1.0
Marvina,1.0
Marvilla,1.0
Marveen,1.0
Martiza,1.0
Martricia,1.0
Martrina,1.0
Martyna,1.0
Marua,1.0
Marueen,1.0
Maruska,1.0
Marval,1.0
Marvalee,1.0
Marvalene,1.0
Marvaline,1.0
Marvalyn,1.0
Marvela,1.0
Marvil,1.0
Marvelene,1.0
Marveline,1.0
Marvella,1.0
Marvely,1.0
Marvelyn,1.0
Marvena,1.0
Marvene,1.0
Marvenia,1.0
Marvetta,1.0
Marvette,1.0
Marvi,1.0
Marvia,1.0
Marychristina,1.0
Maryclare,1.0
Marquishia,1.0
Marycollins,1.0
Maryjane,1.0
Maryjayne,1.0
Maryjean,1.0
Maryjeanne,1.0
Maryjo,1.0
Maryjoan,1.0
Maryjoe,1.0
Maryjose,1.0
Maryjoy,1.0
Maryjune,1.0
Maryka,1.0
Marykate,1.0
Marykatherine,1.0
Marykathleen,1.0
Marykathryn,1.0
Marykay,1.0
Marykaye,1.0
Maryke,1.0
Maryl,1.0
Maryla,1.0
Marylan,1.0
Marylane,1.0
Marylea,1.0
Marylean,1.0
Marylee,1.0
Marylen,1.0
Marylena,1.0
Maryiah,1.0
Maryia,1.0
Maryhelen,1.0
Maryellen,1.0
Marycruz,1.0
Marydell,1.0
Marye,1.0
Maryeileen,1.0
Maryel,1.0
Maryela,1.0
Maryelaine,1.0
Maryeleanor,1.0
Maryeli,1.0
Maryelizabeth,1.0
Maryella,1.0
Maryelle,1.0
Maryellis,1.0
Maryhannah,1.0
Maryellyn,1.0
Maryem,1.0
Maryemma,1.0
Maryesther,1.0
Maryetta,1.0
Maryette,1.0
Maryevelyn,1.0
Maryfaith,1.0
Maryfer,1.0
Maryfrances,1.0
Marygrace,1.0
Maryha,1.0
Martita,1.0
Martisha,1.0
Martisa,1.0
Martiqua,1.0
Marry,1.0
Marryjane,1.0
Marryn,1.0
Marsa,1.0
Marsadie,1.0
Marsali,1.0
Marschell,1.0
Marsea,1.0
Marseille,1.0
Marsela,1.0
Marselina,1.0
Marsella,1.0
Marsena,1.0
Marsetta,1.0
Marshae,1.0
Marshai,1.0
Marshala,1.0
Marshalene,1.0
Marshalle,1.0
Marshan,1.0
Marshana,1.0
Marshanna,1.0
Marshanti,1.0
Marshawna,1.0
Marshaya,1.0
Marshaye,1.0
Marshayla,1.0
Marron,1.0
Marriyah,1.0
Marrissa,1.0
Marretta,1.0
Marquisia,1.0
Marquite,1.0
Marquitha,1.0
Marquitia,1.0
Marquitta,1.0
Marquitte,1.0
Marqurita,1.0
Marqutia,1.0
Marra,1.0
Marrah,1.0
Marranda,1.0
Marren,1.0
Marri,1.0
Marrisha,1.0
Marria,1.0
Marriah,1.0
Marriam,1.0
Marrian,1.0
Marriana,1.0
Marriann,1.0
Marrianna,1.0
Marrianne,1.0
Marrie,1.0
Marrietta,1.0
Marrina,1.0
Marrisa,1.0
Marshe,1.0
Marshea,1.0
Marsheela,1.0
Marthie,1.0
Marthana,1.0
Marthann,1.0
Marthanne,1.0
Martharee,1.0
Marthe,1.0
Marthel,1.0
Marthell,1.0
Marthella,1.0
Marthena,1.0
Marthenia,1.0
Marther,1.0
Marthia,1.0
Marthina,1.0
Marthalee,1.0
Marthy,1.0
Martia,1.0
Martiana,1.0
Martianna,1.0
Martica,1.0
Marticia,1.0
Martiel,1.0
Martika,1.0
Martile,1.0
Martini,1.0
Martinique,1.0
Martinque,1.0
Marthalene,1.0
Marthajane,1.0
Marsheena,1.0
Martaja,1.0
Marsheila,1.0
Marshelia,1.0
Marshella,1.0
Marshelle,1.0
Marshia,1.0
Marshie,1.0
Marshonda,1.0
Marsi,1.0
Marsia,1.0
Marsie,1.0
Marsinah,1.0
Marsue,1.0
Martajah,1.0
Marthaann,1.0
Martasia,1.0
Martavia,1.0
Martee,1.0
Marteeka,1.0
Marteen,1.0
Marteisha,1.0
Marteka,1.0
Martella,1.0
Martena,1.0
Martene,1.0
Martesha,1.0
Marth,1.0
Mckaila,1.0
Mckailey,1.0
Mignonne,1.0
Merribeth,1.0
Merlee,1.0
Merleen,1.0
Merlena,1.0
Merlene,1.0
Merli,1.0
Merliah,1.0
Merlie,1.0
Merlina,1.0
Merlinda,1.0
Merline,1.0
Merlisa,1.0
Merlot,1.0
Merly,1.0
Merlyne,1.0
Merlynn,1.0
Merna,1.0
Mernie,1.0
Merola,1.0
Merolla,1.0
Merranda,1.0
Merredith,1.0
Merri,1.0
Merriah,1.0
Merrial,1.0
Merriam,1.0
Merrian,1.0
Merriann,1.0
Merlean,1.0
Merleah,1.0
Merla,1.0
Merina,1.0
Meriel,1.0
Merielle,1.0
Meriem,1.0
Merika,1.0
Merikay,1.0
Merilda,1.0
Merilee,1.0
Merilou,1.0
Merilyn,1.0
Merilynn,1.0
Merima,1.0
Merin,1.0
Merinda,1.0
Merjem,1.0
Meris,1.0
Merisa,1.0
Merisha,1.0
Merissa,1.0
Merita,1.0
Meritta,1.0
Meritxell,1.0
Meritza,1.0
Merium,1.0
Meriwether,1.0
Meriya,1.0
Meriyah,1.0
Merrianne,1.0
Merridee,1.0
Meridyth,1.0
Merrideth,1.0
Mersiha,1.0
Merta,1.0
Mertha,1.0
Mertice,1.0
Mertie,1.0
Mertle,1.0
Merva,1.0
Mervat,1.0
Merve,1.0
Merveille,1.0
Mery,1.0
Meryah,1.0
Meryam,1.0
Meryem,1.0
Meryll,1.0
Meryn,1.0
Meryssa,1.0
Merzedes,1.0
Mesa,1.0
Mesan,1.0
Mescal,1.0
Meschelle,1.0
Mesha,1.0
Meshae,1.0
Meshalia,1.0
Meshan,1.0
Meshaun,1.0
Mersedes,1.0
Mersaydez,1.0
Mersaydes,1.0
Merrisa,1.0
Merridith,1.0
Merridy,1.0
Merrie,1.0
Merrikay,1.0
Merrilee,1.0
Merrilie,1.0
Merrillyn,1.0
Merrilu,1.0
Merrily,1.0
Merrilyn,1.0
Merrilynn,1.0
Merrin,1.0
Merrissa,1.0
Mersana,1.0
Merrium,1.0
Merrlyn,1.0
Merry,1.0
Merryl,1.0
Merrylee,1.0
Merryn,1.0
Mersadees,1.0
Mersades,1.0
Mersadez,1.0
Mersadie,1.0
Mersadies,1.0
Mersadiez,1.0
Merie,1.0
Meridy,1.0
Mckailyn,1.0
Meraris,1.0
Menata,1.0
Menaye,1.0
Menda,1.0
Mende,1.0
Mendee,1.0
Mendi,1.0
Mendie,1.0
Menika,1.0
Menley,1.0
Menna,1.0
Mennah,1.0
Mennie,1.0
Menorah,1.0
Mentha,1.0
Mentie,1.0
Menucha,1.0
Menyon,1.0
Meosha,1.0
Meoshi,1.0
Meoshia,1.0
Mera,1.0
Merab,1.0
Meradith,1.0
Meraiah,1.0
Meral,1.0
Merali,1.0
Meraly,1.0
Menal,1.0
Menah,1.0
Menaal,1.0
Mely,1.0
Melvalene,1.0
Melveen,1.0
Melvena,1.0
Melvene,1.0
Melvenia,1.0
Melverine,1.0
Melvia,1.0
Melvie,1.0
Melvina,1.0
Melvinia,1.0
Melvita,1.0
Melvonia,1.0
Melyna,1.0
Memorie,1.0
Melynda,1.0
Melynie,1.0
Melynn,1.0
Melynna,1.0
Melysa,1.0
Melyssa,1.0
Melzie,1.0
Melzina,1.0
Memarie,1.0
Meme,1.0
Memoree,1.0
Memori,1.0
Meranda,1.0
Merary,1.0
Meridth,1.0
Merav,1.0
Meredeth,1.0
Meredy,1.0
Meredyth,1.0
Meredythe,1.0
Merelene,1.0
Merelin,1.0
Merely,1.0
Merelyn,1.0
Merena,1.0
Merenda,1.0
Meret,1.0
Merete,1.0
Merette,1.0
Meri,1.0
Meria,1.0
Meriah,1.0
Merial,1.0
Meriam,1.0
Merian,1.0
Meriann,1.0
Merianne,1.0
Meribah,1.0
Meribeth,1.0
Merica,1.0
Meridee,1.0
Meridel,1.0
Meridian,1.0
Merecedes,1.0
Merdis,1.0
Merdie,1.0
Mercedez,1.0
Meraya,1.0
Mercades,1.0
Mercadez,1.0
Mercadies,1.0
Mercan,1.0
Merceda,1.0
Mercedas,1.0
Mercede,1.0
Mercedee,1.0
Mercedees,1.0
Mercedeez,1.0
Mercedese,1.0
Mercedi,1.0
Merdice,1.0
Mercedies,1.0
Mercedita,1.0
Mercedys,1.0
Mercee,1.0
Merchelle,1.0
Mercia,1.0
Mercides,1.0
Mercie,1.0
Mercile,1.0
Mercille,1.0
Mercygrace,1.0
Merdell,1.0
Meshawn,1.0
Meshay,1.0
Meshayla,1.0
Michielle,1.0
Micheale,1.0
Michealene,1.0
Michealla,1.0
Michealle,1.0
Michela,1.0
Michelann,1.0
Michelee,1.0
Micheleen,1.0
Michelena,1.0
Michelene,1.0
Michelin,1.0
Michelina,1.0
Micheline,1.0
Michella,1.0
Michelleann,1.0
Michelleanne,1.0
Michellee,1.0
Michellele,1.0
Michellemarie,1.0
Michellene,1.0
Michelli,1.0
Michellie,1.0
Michellle,1.0
Michelly,1.0
Michelyn,1.0
Micheyla,1.0
Michia,1.0
Micheala,1.0
Michea,1.0
Miche,1.0
Michalah,1.0
Michaelene,1.0
Michaelia,1.0
Michaelin,1.0
Michaelina,1.0
Michaeline,1.0
Michaella,1.0
Michaelle,1.0
Michaelyn,1.0
Michaelynn,1.0
Michaia,1.0
Michaila,1.0
Michala,1.0
Michalann,1.0
Michaylah,1.0
Michalea,1.0
Michaleen,1.0
Michalena,1.0
Michalene,1.0
Michalia,1.0
Michalina,1.0
Michaline,1.0
Michalla,1.0
Michalle,1.0
Michalyn,1.0
Michaya,1.0
Michayla,1.0
Michiele,1.0
Michiko,1.0
Meshea,1.0
Michille,1.0
Midajah,1.0
Middie,1.0
Midge,1.0
Midgie,1.0
Midhuna,1.0
Midna,1.0
Midori,1.0
Midred,1.0
Mie,1.0
Mieasha,1.0
Miechelle,1.0
Mieisha,1.0
Mieka,1.0
Mieke,1.0
Miela,1.0
Miella,1.0
Mielle,1.0
Miera,1.0
Mierra,1.0
Miesha,1.0
Mieshia,1.0
Miette,1.0
Mieya,1.0
Miggie,1.0
Migna,1.0
Mignon,1.0
Mignonette,1.0
Mida,1.0
Micole,1.0
Micol,1.0
Mickala,1.0
Michiya,1.0
Michiye,1.0
Michiyo,1.0
Michla,1.0
Michol,1.0
Michole,1.0
Michone,1.0
Michonne,1.0
Michyla,1.0
Micia,1.0
Mickaela,1.0
Mickaila,1.0
Mickalla,1.0
Mickyla,1.0
Mickayla,1.0
Mickaylah,1.0
Mickela,1.0
Mickelena,1.0
Mickelina,1.0
Mickelle,1.0
Mickenna,1.0
Mickenzi,1.0
Mickenzy,1.0
Mickia,1.0
Mickinley,1.0
Mickinzie,1.0
Michaelena,1.0
Michaeleen,1.0
Michaelee,1.0
Michaelanne,1.0
Meyla,1.0
Meylani,1.0
Meyli,1.0
Meylin,1.0
Meyling,1.0
Meyly,1.0
Meyosha,1.0
Meyra,1.0
Mezmariah,1.0
Meztli,1.0
Meztly,1.0
Mguadalupe,1.0
Mhairi,1.0
Mhari,1.0
Mhia,1.0
Mhina,1.0
Mhya,1.0
Mi,1.0
Miaa,1.0
Miaamor,1.0
Miaandrea,1.0
Miabella,1.0
Miabelle,1.0
Miagrace,1.0
Miaha,1.0
Miaisabella,1.0
Miaisha,1.0
Meygan,1.0
Meyanna,1.0
Meyana,1.0
Methyl,1.0
Meshel,1.0
Meshell,1.0
Meshelle,1.0
Meshia,1.0
Meshon,1.0
Meshonda,1.0
Mesina,1.0
Mesk,1.0
Messina,1.0
Meta,1.0
Metha,1.0
Methel,1.0
Meti,1.0
Meyah,1.0
Metra,1.0
Metta,1.0
Mette,1.0
Mettie,1.0
Metzi,1.0
Metzly,1.0
Meuy,1.0
Meva,1.0
Mevelyn,1.0
Mextli,1.0
Mey,1.0
Meya,1.0
Miaja,1.0
Miajah,1.0
Miakayla,1.0
Micailah,1.0
Miavictoria,1.0
Miaya,1.0
Miayah,1.0
Miayla,1.0
Miaysia,1.0
Mibella,1.0
Micaelah,1.0
Micaella,1.0
Micahia,1.0
Micahla,1.0
Micahya,1.0
Micaila,1.0
Micala,1.0
Miatta,1.0
Micalah,1.0
Micalyn,1.0
Micaya,1.0
Micayah,1.0
Micayla,1.0
Micaylah,1.0
Micca,1.0
Miceala,1.0
Micel,1.0
Micelle,1.0
Michaelah,1.0
Michaelann,1.0
Miavalentina,1.0
Miata,1.0
Miakka,1.0
Miana,1.0
Miakoda,1.0
Miakota,1.0
Miala,1.0
Mialani,1.0
Mialee,1.0
Mialuna,1.0
Mialyn,1.0
Mialynn,1.0
Miamarie,1.0
Miamor,1.0
Miamore,1.0
Miamour,1.0
Mianca,1.0
Miasophia,1.0
Miangel,1.0
Miani,1.0
Mianicole,1.0
Mianna,1.0
Miara,1.0
Miarae,1.0
Miarah,1.0
Miari,1.0
Miarie,1.0
Miarose,1.0
Miasha,1.0
Miasia,1.0
Meltem,1.0
Melster,1.0
Melssia,1.0
Meghaan,1.0
Meela,1.0
Meelah,1.0
Meenah,1.0
Meenakshi,1.0
Meera,1.0
Meerah,1.0
Meerub,1.0
Meesha,1.0
Meeya,1.0
Meeyah,1.0
Meg,1.0
Megaan,1.0
Megahn,1.0
Megam,1.0
Megana,1.0
Meganelizabeth,1.0
Meganmarie,1.0
Megann,1.0
Meganne,1.0
Megean,1.0
Megen,1.0
Meggan,1.0
Meggen,1.0
Megghan,1.0
Meggi,1.0
Meggie,1.0
Meggin,1.0
Meekah,1.0
Meeka,1.0
Meeghan,1.0
Medha,1.0
Mechelle,1.0
Mechille,1.0
Mecia,1.0
Mecie,1.0
Meckenzie,1.0
Mecole,1.0
Meda,1.0
Medea,1.0
Medelin,1.0
Medeline,1.0
Medelyn,1.0
Medena,1.0
Medhasvi,1.0
Meegan,1.0
Media,1.0
Medie,1.0
Medina,1.0
Medinah,1.0
Medli,1.0
Medora,1.0
Medra,1.0
Medrith,1.0
Medusa,1.0
Mee,1.0
Meea,1.0
Meeah,1.0
Megha,1.0
Megham,1.0
Meilanni,1.0
Meghana,1.0
Mehret,1.0
Mehrima,1.0
Mehrimah,1.0
Mehrin,1.0
Mehrish,1.0
Mehrmah,1.0
Mehrunisa,1.0
Mehvish,1.0
Mehwish,1.0
Mehza,1.0
Mei,1.0
Meia,1.0
Meiah,1.0
Meiarra,1.0
Meichele,1.0
Meichelle,1.0
Meigan,1.0
Meigha,1.0
Meighan,1.0
Meika,1.0
Meikah,1.0
Meike,1.0
Meila,1.0
Meilah,1.0
Meilahni,1.0
Meilan,1.0
Meilani,1.0
Mehreen,1.0
Mehra,1.0
Mehr,1.0
Megumi,1.0
Meghann,1.0
Meghanne,1.0
Meghean,1.0
Meghen,1.0
Meghin,1.0
Meghna,1.0
Meghon,1.0
Meghyn,1.0
Megin,1.0
Megna,1.0
Megnan,1.0
Megon,1.0
Megyn,1.0
Mehnoor,1.0
Meha,1.0
Mehak,1.0
Mehakpreet,1.0
Mehana,1.0
Mehek,1.0
Meherima,1.0
Mehgan,1.0
Mehjabeen,1.0
Mehjabin,1.0
Mehlani,1.0
Mehlanii,1.0
Mehnaz,1.0
Mechella,1.0
Mechell,1.0
Mechele,1.0
Mechaela,1.0
Mckenleigh,1.0
Mckenli,1.0
Mckenlie,1.0
Mckennah,1.0
Mckennzie,1.0
Mckensey,1.0
Mckensi,1.0
Mckensie,1.0
Mckensley,1.0
Mckensy,1.0
Mckenze,1.0
Mckenzee,1.0
Mckenzey,1.0
Mckenzi,1.0
Mckenziee,1.0
Mckenzii,1.0
Mckenzlee,1.0
Mckenzlie,1.0
Mckenzly,1.0
Mckenzye,1.0
Mckeyla,1.0
Mckinlea,1.0
Mckinlee,1.0
Mckinleigh,1.0
Mckinli,1.0
Mckinlie,1.0
Mckinna,1.0
Mckenlee,1.0
Mckenize,1.0
Mckendra,1.0
Mckaylee,1.0
Mckala,1.0
Mckalee,1.0
Mckaleigh,1.0
Mckaley,1.0
Mckall,1.0
Mckalyn,1.0
Mckalynn,1.0
Mckaya,1.0
Mckaye,1.0
Mckaylah,1.0
Mckaylan,1.0
Mckayle,1.0
Mckayleigh,1.0
Mckenah,1.0
Mckaylen,1.0
Mckayli,1.0
Mckaylia,1.0
Mckaylie,1.0
Mckaylin,1.0
Mckaylyn,1.0
Mckaylynn,1.0
Mckeena,1.0
Mckella,1.0
Mckelle,1.0
Mckelvey,1.0
Mckena,1.0
Mckinnah,1.0
Mckinnleigh,1.0
Mckinnly,1.0
Mealie,1.0
Meadie,1.0
Meagann,1.0
Meagen,1.0
Meaghann,1.0
Meaghen,1.0
Meagin,1.0
Meagon,1.0
Meagyn,1.0
Meah,1.0
Meahan,1.0
Meahgan,1.0
Mealea,1.0
Mealla,1.0
Meabh,1.0
Meanna,1.0
Meara,1.0
Mearah,1.0
Mearlene,1.0
Mearline,1.0
Measha,1.0
Measia,1.0
Meca,1.0
Mecaela,1.0
Mecayla,1.0
Mecedes,1.0
Mecha,1.0
Meada,1.0
Mea,1.0
Mckinsie,1.0
Mckynlee,1.0
Mckinslee,1.0
Mckinsley,1.0
Mckinze,1.0
Mckinzee,1.0
Mckinzey,1.0
Mckinzi,1.0
Mckinzie,1.0
Mckinzley,1.0
Mckinzy,1.0
Mckyla,1.0
Mckylee,1.0
Mckylie,1.0
Mckynlei,1.0
Me,1.0
Mckynleigh,1.0
Mckynley,1.0
Mckynli,1.0
Mckynlie,1.0
Mckynna,1.0
Mckynsie,1.0
Mckynze,1.0
Mckynzee,1.0
Mckynzi,1.0
Mckynzie,1.0
Mclaine,1.0
Mcneva,1.0
Meilanie,1.0
Meilany,1.0
Melsa,1.0
Melitta,1.0
Meliha,1.0
Melika,1.0
Melike,1.0
Melina,1.0
Melinah,1.0
Melindasue,1.0
Melindy,1.0
Meline,1.0
Melinee,1.0
Melinna,1.0
Melis,1.0
Melisaa,1.0
Melisande,1.0
Melise,1.0
Melisha,1.0
Melishia,1.0
Melisia,1.0
Meliss,1.0
Melissaann,1.0
Melissaanne,1.0
Melissamarie,1.0
Melissasue,1.0
Melisse,1.0
Melissha,1.0
Melissia,1.0
Melissie,1.0
Melisssa,1.0
Melida,1.0
Melicia,1.0
Melicent,1.0
Melessa,1.0
Meleka,1.0
Melena,1.0
Melenaite,1.0
Melenda,1.0
Melene,1.0
Meleni,1.0
Melenia,1.0
Melenie,1.0
Meleny,1.0
Melesa,1.0
Melesha,1.0
Melesia,1.0
Melessia,1.0
Melica,1.0
Meleta,1.0
Melette,1.0
Meleya,1.0
Meleyah,1.0
Meli,1.0
Melia,1.0
Meliah,1.0
Meliame,1.0
Melian,1.0
Meliana,1.0
Meliani,1.0
Melianna,1.0
Melita,1.0
Melitza,1.0
Meile,1.0
Meliya,1.0
Mellyora,1.0
Mellyssa,1.0
Melma,1.0
Melna,1.0
Melode,1.0
Melodee,1.0
Melodey,1.0
Melodi,1.0
Melodia,1.0
Melodie,1.0
Melodii,1.0
Melodyann,1.0
Melodye,1.0
Melodygrace,1.0
Melodyrose,1.0
Melona,1.0
Melondy,1.0
Melonee,1.0
Meloney,1.0
Meloni,1.0
Melonia,1.0
Melonie,1.0
Melonnie,1.0
Melony,1.0
Melonye,1.0
Melora,1.0
Melorie,1.0
Melly,1.0
Mellssa,1.0
Mellony,1.0
Mellie,1.0
Meliyah,1.0
Meliza,1.0
Melizza,1.0
Melkam,1.0
Mella,1.0
Mellani,1.0
Mellanie,1.0
Mellany,1.0
Melle,1.0
Meller,1.0
Mellette,1.0
Mellicent,1.0
Mellina,1.0
Mellonie,1.0
Mellinda,1.0
Mellisa,1.0
Mellisha,1.0
Mellisia,1.0
Mellissa,1.0
Mellissia,1.0
Mellodee,1.0
Mellodi,1.0
Mellodie,1.0
Mellody,1.0
Mellona,1.0
Melloney,1.0
Meleigha,1.0
Meleia,1.0
Meleesa,1.0
Meleena,1.0
Mekea,1.0
Mekeba,1.0
Mekeia,1.0
Mekeisha,1.0
Mekela,1.0
Mekella,1.0
Mekelle,1.0
Mekena,1.0
Mekenna,1.0
Mekensie,1.0
Mekenzi,1.0
Mekenzie,1.0
Mekenzy,1.0
Mekesha,1.0
Mekeshia,1.0
Mekhia,1.0
Mekhiah,1.0
Mekhiya,1.0
Mekhya,1.0
Mekia,1.0
Mekisha,1.0
Mekiya,1.0
Mekiyah,1.0
Meklit,1.0
Mekya,1.0
Mekyah,1.0
Mekyla,1.0
Mekaylah,1.0
Mekayla,1.0
Mekalah,1.0
Meirav,1.0
Meilee,1.0
Meili,1.0
Meilin,1.0
Meiling,1.0
Meily,1.0
Meilyn,1.0
Meilynn,1.0
Meina,1.0
Meiomi,1.0
Meiqi,1.0
Meira,1.0
Meirah,1.0
Meisa,1.0
Mekala,1.0
Meisha,1.0
Meissa,1.0
Meital,1.0
Meixi,1.0
Meiya,1.0
Meiyah,1.0
Meiyani,1.0
Meiyi,1.0
Meka,1.0
Mekaela,1.0
Mekah,1.0
Mekaila,1.0
Mela,1.0
Meladee,1.0
Meladie,1.0
Melbra,1.0
Melantha,1.0
Melanya,1.0
Melanye,1.0
Melarie,1.0
Melasia,1.0
Melat,1.0
Melaya,1.0
Melayah,1.0
Melayna,1.0
Melaynie,1.0
Melaysia,1.0
Melbalene,1.0
Melchora,1.0
Melannie,1.0
Melcina,1.0
Melda,1.0
Meldia,1.0
Meldora,1.0
Meldoy,1.0
Mele,1.0
Melea,1.0
Meleah,1.0
Meleana,1.0
Meleane,1.0
Melecia,1.0
Meledy,1.0
Melanny,1.0
Melanni,1.0
Melady,1.0
Melane,1.0
Melah,1.0
Melaher,1.0
Melahni,1.0
Melaia,1.0
Melaina,1.0
Melaine,1.0
Melainie,1.0
Melala,1.0
Melan,1.0
Melana,1.0
Melandie,1.0
Melandy,1.0
Melanee,1.0
Melanney,1.0
Melaney,1.0
Melani,1.0
Melania,1.0
Melanieann,1.0
Melaniece,1.0
Melaniee,1.0
Melanierose,1.0
Melanii,1.0
Melaniia,1.0
Melanin,1.0
Melanna,1.0
Melanne,1.0
Nasma,1.0
Nasra,1.0
Nasreen,1.0
Patrcia,1.0
Pashience,1.0
Pashion,1.0
Pashun,1.0
Pashyn,1.0
Pasiley,1.0
Pasleigh,1.0
Pasley,1.0
Pasqua,1.0
Pasqualena,1.0
Pasqualina,1.0
Pasqualine,1.0
Passion,1.0
Passionae,1.0
Passionate,1.0
Pasty,1.0
Patarica,1.0
Pataricia,1.0
Patches,1.0
Paterica,1.0
Patericia,1.0
Pati,1.0
Patia,1.0
Patiance,1.0
Paticia,1.0
Patina,1.0
Patirica,1.0
Patra,1.0
Pashia,1.0
Pashence,1.0
Pashen,1.0
Parthina,1.0
Parleen,1.0
Parlie,1.0
Parma,1.0
Parmida,1.0
Parmis,1.0
Parneet,1.0
Parniece,1.0
Parnika,1.0
Parri,1.0
Parrie,1.0
Parthena,1.0
Parthenia,1.0
Particia,1.0
Pashance,1.0
Parul,1.0
Parvaneh,1.0
Parvathi,1.0
Parvathy,1.0
Parvati,1.0
Parveen,1.0
Parvina,1.0
Parwana,1.0
Paryss,1.0
Pascale,1.0
Pascha,1.0
Pascuala,1.0
Patracia,1.0
Patrea,1.0
Parla,1.0
Patrece,1.0
Patrizia,1.0
Patrocinia,1.0
Patrricia,1.0
Patryce,1.0
Patrycia,1.0
Patrycja,1.0
Patsi,1.0
Patsie,1.0
Patsyann,1.0
Patsye,1.0
Patte,1.0
Pattiann,1.0
Pattianne,1.0
Pattii,1.0
Pattijo,1.0
Pattina,1.0
Pattricia,1.0
Pattsy,1.0
Pattyann,1.0
Pattye,1.0
Paty,1.0
Patyn,1.0
Patzy,1.0
Paublita,1.0
Paulann,1.0
Paulanne,1.0
Paule,1.0
Patritia,1.0
Patrisia,1.0
Patrisha,1.0
Patrici,1.0
Patrecia,1.0
Patreece,1.0
Patrena,1.0
Patrenia,1.0
Patresa,1.0
Patrese,1.0
Patress,1.0
Patria,1.0
Patriana,1.0
Patriccia,1.0
Patricha,1.0
Patrichia,1.0
Patriciaa,1.0
Patrise,1.0
Patriciaann,1.0
Patriciaanne,1.0
Patriciajo,1.0
Patrician,1.0
Patriciann,1.0
Patricie,1.0
Patricka,1.0
Patriece,1.0
Patrika,1.0
Patrina,1.0
Patrinia,1.0
Patrisa,1.0
Parlee,1.0
Parklynn,1.0
Phanta,1.0
Panagiota,1.0
Pamala,1.0
Pamale,1.0
Pamalee,1.0
Pamalia,1.0
Pamalla,1.0
Pamara,1.0
Pameal,1.0
Pamel,1.0
Pamelia,1.0
Pamella,1.0
Pamelyn,1.0
Pami,1.0
Pamie,1.0
Pamila,1.0
Pamilla,1.0
Pamilyn,1.0
Pamla,1.0
Pamlea,1.0
Pamler,1.0
Pamlia,1.0
Pamlyn,1.0
Pamm,1.0
Pamma,1.0
Pammela,1.0
Pammi,1.0
Pammie,1.0
Pammy,1.0
Pama,1.0
Palynn,1.0
Palyn,1.0
Palace,1.0
Paizleigh,1.0
Paizley,1.0
Paizli,1.0
Paizlie,1.0
Paizly,1.0
Paizlyn,1.0
Paizlynn,1.0
Paj,1.0
Paje,1.0
Pakhi,1.0
Pakou,1.0
Pala,1.0
Palestine,1.0
Palwasha,1.0
Paley,1.0
Palin,1.0
Pallas,1.0
Pallavi,1.0
Pallie,1.0
Palma,1.0
Palmena,1.0
Palmera,1.0
Palmina,1.0
Palmira,1.0
Palmyra,1.0
Paloma,1.0
Pamula,1.0
Panayiota,1.0
Parklyn,1.0
Panchita,1.0
Paralee,1.0
Paraskeve,1.0
Paraskevi,1.0
Pardis,1.0
Paree,1.0
Pareesa,1.0
Pari,1.0
Paria,1.0
Paricia,1.0
Paridhi,1.0
Parie,1.0
Pariis,1.0
Parilee,1.0
Parina,1.0
Parineeti,1.0
Parinika,1.0
Parinita,1.0
Parisa,1.0
Parise,1.0
Parisha,1.0
Parishay,1.0
Parissa,1.0
Parita,1.0
Pariz,1.0
Pariza,1.0
Parizay,1.0
Parizoda,1.0
Paradyse,1.0
Paradyce,1.0
Paradise,1.0
Pansy,1.0
Panda,1.0
Pandi,1.0
Pandora,1.0
Pandoria,1.0
Pandra,1.0
Pandy,1.0
Panela,1.0
Panhia,1.0
Pankie,1.0
Pannie,1.0
Pansey,1.0
Pansie,1.0
Pansye,1.0
Paradice,1.0
Pantera,1.0
Pantha,1.0
Panthea,1.0
Pany,1.0
Panya,1.0
Panyia,1.0
Panzie,1.0
Panzy,1.0
Paolina,1.0
Paquita,1.0
Par,1.0
Para,1.0
Paulean,1.0
Pauleen,1.0
Paulena,1.0
Persayus,1.0
Periann,1.0
Perianne,1.0
Peridot,1.0
Perilla,1.0
Perina,1.0
Perlean,1.0
Perlena,1.0
Perlene,1.0
Perlina,1.0
Perline,1.0
Perlita,1.0
Perma,1.0
Permelia,1.0
Perna,1.0
Pernella,1.0
Pernetta,1.0
Pernia,1.0
Pernie,1.0
Perola,1.0
Perpetua,1.0
Perriann,1.0
Perrine,1.0
Persaeus,1.0
Persais,1.0
Persaius,1.0
Persaus,1.0
Persaya,1.0
Perian,1.0
Peria,1.0
Perfecta,1.0
Pennyann,1.0
Peneloperose,1.0
Penelopi,1.0
Penelopie,1.0
Penelopy,1.0
Penina,1.0
Penley,1.0
Penne,1.0
Pennee,1.0
Pennelope,1.0
Penney,1.0
Penni,1.0
Pennie,1.0
Pennye,1.0
Perette,1.0
Pennylane,1.0
Penola,1.0
Pensacola,1.0
Peola,1.0
Peony,1.0
Pepsi,1.0
Pera,1.0
Percilla,1.0
Percious,1.0
Perdita,1.0
Peregrina,1.0
Perel,1.0
Persayis,1.0
Perscilla,1.0
Paulene,1.0
Perseis,1.0
Petronella,1.0
Petronia,1.0
Petronila,1.0
Petronilla,1.0
Petty,1.0
Petula,1.0
Petunia,1.0
Petyon,1.0
Peysley,1.0
Peytan,1.0
Peytonmarie,1.0
Peytonn,1.0
Peytyn,1.0
Peytynn,1.0
Pfeiffer,1.0
Phadra,1.0
Phaedra,1.0
Phaidra,1.0
Phaith,1.0
Phajja,1.0
Phala,1.0
Phalicia,1.0
Phalla,1.0
Phallen,1.0
Phallon,1.0
Phallyn,1.0
Phalyn,1.0
Petrona,1.0
Petrita,1.0
Petrina,1.0
Peryl,1.0
Persephanie,1.0
Persephany,1.0
Persephone,1.0
Persephoni,1.0
Persephonie,1.0
Persephony,1.0
Persia,1.0
Persis,1.0
Personna,1.0
Pertina,1.0
Pertrina,1.0
Peru,1.0
Pesha,1.0
Petrice,1.0
Peshy,1.0
Pessel,1.0
Pessi,1.0
Pessie,1.0
Pessy,1.0
Peta,1.0
Petal,1.0
Petehn,1.0
Petina,1.0
Petite,1.0
Petrea,1.0
Petria,1.0
Penelopee,1.0
Penelopea,1.0
Penellope,1.0
Penella,1.0
Payal,1.0
Paycee,1.0
Paycie,1.0
Payeng,1.0
Payeton,1.0
Payge,1.0
Paying,1.0
Paylan,1.0
Paylee,1.0
Paylen,1.0
Paylin,1.0
Payshance,1.0
Payshence,1.0
Payslee,1.0
Payslei,1.0
Paysleigh,1.0
Paysley,1.0
Paysli,1.0
Payslie,1.0
Paytience,1.0
Paytn,1.0
Paytten,1.0
Paytton,1.0
Paytyn,1.0
Paytynn,1.0
Payzlee,1.0
Payzleigh,1.0
Paxtynn,1.0
Paxley,1.0
Pawnee,1.0
Paullina,1.0
Paulet,1.0
Pauleta,1.0
Pauleth,1.0
Paulett,1.0
Pauletta,1.0
Pauli,1.0
Paulia,1.0
Paulinda,1.0
Paulisha,1.0
Paulita,1.0
Paulla,1.0
Paullette,1.0
Paulyn,1.0
Paw,1.0
Paulyna,1.0
Paulyne,1.0
Pavani,1.0
Pavelle,1.0
Pavi,1.0
Pavielle,1.0
Pavika,1.0
Pavithra,1.0
Pavitra,1.0
Pavlina,1.0
Pavneet,1.0
Pavni,1.0
Payzley,1.0
Payzli,1.0
Payzlie,1.0
Peityn,1.0
Peggie,1.0
Peggyann,1.0
Peggyanne,1.0
Peggye,1.0
Peggyjo,1.0
Peggylee,1.0
Peggysue,1.0
Pegi,1.0
Pei,1.0
Peighten,1.0
Peightyn,1.0
Peiton,1.0
Pela,1.0
Pegge,1.0
Pelagia,1.0
Pelia,1.0
Pelin,1.0
Pella,1.0
Pellie,1.0
Pelma,1.0
Pemberley,1.0
Pemela,1.0
Pencie,1.0
Penda,1.0
Pendo,1.0
Pene,1.0
Peggi,1.0
Pegeen,1.0
Pazley,1.0
Pearlene,1.0
Pazong,1.0
Peach,1.0
Peaches,1.0
Peachie,1.0
Pear,1.0
Pearla,1.0
Pearlann,1.0
Pearle,1.0
Pearlean,1.0
Pearlee,1.0
Pearleen,1.0
Pearlena,1.0
Pearletha,1.0
Pegan,1.0
Pearletta,1.0
Pearlette,1.0
Pearlia,1.0
Pearlina,1.0
Pearline,1.0
Pebble,1.0
Pebbles,1.0
Pecola,1.0
Pecolia,1.0
Pedra,1.0
Peg,1.0
Pegah,1.0
Paizlei,1.0
Paizlee,1.0
Paizlea,1.0
Onyah,1.0
Onetia,1.0
Onetta,1.0
Oneva,1.0
Oneyda,1.0
Onezia,1.0
Ong,1.0
Onia,1.0
Onica,1.0
Onice,1.0
Onida,1.0
Oniesha,1.0
Onika,1.0
Onisha,1.0
Onisty,1.0
Onita,1.0
Oniya,1.0
Oniyah,1.0
Onna,1.0
Onnah,1.0
Onnalee,1.0
Onnaleigh,1.0
Onnika,1.0
Onnolee,1.0
Onolee,1.0
Onora,1.0
Ontaria,1.0
Onya,1.0
Onetha,1.0
Oneta,1.0
Onesty,1.0
Oneatha,1.0
Onah,1.0
Onalee,1.0
Onaleigh,1.0
Onawa,1.0
Onaya,1.0
Onda,1.0
Ondina,1.0
Ondine,1.0
Ondraya,1.0
Ondrea,1.0
Ondreya,1.0
Ondria,1.0
Oneda,1.0
Onesti,1.0
Onedia,1.0
Oneeda,1.0
Oneida,1.0
Oneika,1.0
Oneisha,1.0
Oneita,1.0
Oneka,1.0
Onekki,1.0
Onelia,1.0
Onella,1.0
Onesha,1.0
Oneshia,1.0
Onyae,1.0
Onye,1.0
Orielle,1.0
Onyinye,1.0
Orchid,1.0
Orda,1.0
Ordella,1.0
Oreal,1.0
Oreana,1.0
Oreane,1.0
Oreanna,1.0
Oreatha,1.0
Oreda,1.0
Oreen,1.0
Orelia,1.0
Orella,1.0
Orena,1.0
Orenda,1.0
Orene,1.0
Oressa,1.0
Oreta,1.0
Oretha,1.0
Oretta,1.0
Oreva,1.0
Orfa,1.0
Orfalinda,1.0
Orfelinda,1.0
Oriana,1.0
Oriane,1.0
Orianna,1.0
Orianne,1.0
Orcella,1.0
Oraya,1.0
Orangie,1.0
Ophia,1.0
Onyinyechi,1.0
Onyinyechukwu,1.0
Onyka,1.0
Onyxia,1.0
Onzell,1.0
Oona,1.0
Oonagh,1.0
Opalee,1.0
Opalene,1.0
Opaline,1.0
Opel,1.0
Ophelie,1.0
Ophie,1.0
Oramae,1.0
Ophilia,1.0
Ophira,1.0
Oppie,1.0
Oprah,1.0
Orabell,1.0
Orabella,1.0
Orabelle,1.0
Oradee,1.0
Oradell,1.0
Orah,1.0
Oralee,1.0
Oralene,1.0
Omyra,1.0
Omya,1.0
Omunique,1.0
Omotola,1.0
Olliemae,1.0
Olline,1.0
Ollive,1.0
Ollivia,1.0
Olliyah,1.0
Ollye,1.0
Olma,1.0
Olna,1.0
Ololade,1.0
Olori,1.0
Olubukola,1.0
Olubunmi,1.0
Oluchi,1.0
Olufunke,1.0
Olufunmilayo,1.0
Olukemi,1.0
Olutosin,1.0
Olutoyin,1.0
Oluwabukola,1.0
Oluwabukunmi,1.0
Oluwabusola,1.0
Oluwadabira,1.0
Oluwadunmininu,1.0
Oluwafeyikemi,1.0
Oluwafifehanmi,1.0
Oluwafisayo,1.0
Oluwafunmilayo,1.0
Olliana,1.0
Ollia,1.0
Ollene,1.0
Oliviamarie,1.0
Oliveah,1.0
Olivemae,1.0
Olivene,1.0
Olivera,1.0
Olivett,1.0
Olivette,1.0
Oliviaann,1.0
Oliviafaith,1.0
Oliviagrace,1.0
Oliviah,1.0
Oliviajane,1.0
Oliviamae,1.0
Oliviana,1.0
Olla,1.0
Olivianna,1.0
Oliviarae,1.0
Oliviarose,1.0
Olivie,1.0
Olivija,1.0
Olivine,1.0
Oliviya,1.0
Oliviyah,1.0
Olivya,1.0
Olivyah,1.0
Oliwia,1.0
Oliyah,1.0
Oluwafunmilola,1.0
Oluwakemi,1.0
Oluwashindara,1.0
Omeshia,1.0
Omaris,1.0
Omaya,1.0
Omayma,1.0
Omayra,1.0
Omeda,1.0
Omeisha,1.0
Omeka,1.0
Omekia,1.0
Omelia,1.0
Omera,1.0
Omeria,1.0
Omesha,1.0
Ometa,1.0
Omarianna,1.0
Omia,1.0
Omika,1.0
Omina,1.0
Omisha,1.0
Omiya,1.0
Omiyah,1.0
Omma,1.0
Ommie,1.0
Omnia,1.0
Omolara,1.0
Omolola,1.0
Omotara,1.0
Omarionna,1.0
Omariana,1.0
Oluwatishe,1.0
Olyssa,1.0
Oluwatomilola,1.0
Oluwatoyin,1.0
Oluwatoyosi,1.0
Oluwatumininu,1.0
Oluwayemisi,1.0
Olvia,1.0
Olvie,1.0
Olwen,1.0
Olwyn,1.0
Olya,1.0
Olympia,1.0
Olyne,1.0
Olyve,1.0
Omariah,1.0
Olyvea,1.0
Olyvia,1.0
Olyviah,1.0
Omagene,1.0
Omah,1.0
Omaida,1.0
Omaima,1.0
Omaira,1.0
Omalee,1.0
Omara,1.0
Omarah,1.0
Omaria,1.0
Orianthi,1.0
Orietta,1.0
Paiyton,1.0
Paelynn,1.0
Ozite,1.0
Ozlem,1.0
Ozlyn,1.0
Ozlynn,1.0
Ozma,1.0
Ozora,1.0
Ozra,1.0
Ozzlyn,1.0
Ozzlynn,1.0
Paayal,1.0
Pabla,1.0
Pablita,1.0
Pacha,1.0
Pachia,1.0
Pacie,1.0
Pacience,1.0
Pacifica,1.0
Pacita,1.0
Pada,1.0
Padee,1.0
Pader,1.0
Padgett,1.0
Padma,1.0
Padme,1.0
Padmini,1.0
Padyn,1.0
Paedyn,1.0
Ozioma,1.0
Ozetta,1.0
Ozena,1.0
Oya,1.0
Overa,1.0
Oveta,1.0
Ovetta,1.0
Ovia,1.0
Ovianna,1.0
Ovida,1.0
Oviya,1.0
Oweda,1.0
Owena,1.0
Oweta,1.0
Owetta,1.0
Oxana,1.0
Oyinkansola,1.0
Ozelma,1.0
Oyinlola,1.0
Oyku,1.0
Oysha,1.0
Oyuki,1.0
Oyuky,1.0
Ozara,1.0
Ozaria,1.0
Ozeal,1.0
Ozelia,1.0
Ozella,1.0
Ozellar,1.0
Ozelle,1.0
Paelyn,1.0
Paesleigh,1.0
Orilla,1.0
Paesley,1.0
Paisely,1.0
Paisha,1.0
Paishance,1.0
Paishence,1.0
Paislea,1.0
Paislee,1.0
Paislei,1.0
Paisleigh,1.0
Paisleyann,1.0
Paisleyanne,1.0
Paisleyjo,1.0
Paisleymae,1.0
Paisleyrae,1.0
Paisleyrose,1.0
Paisli,1.0
Paislie,1.0
Paisliegh,1.0
Paisly,1.0
Paislyn,1.0
Paislynn,1.0
Paison,1.0
Paisyn,1.0
Paisynn,1.0
Paitin,1.0
Paitlyn,1.0
Paitlynn,1.0
Paitynn,1.0
Pairlee,1.0
Pailynn,1.0
Pailyn,1.0
Pahola,1.0
Paesyn,1.0
Paeten,1.0
Paetin,1.0
Paetra,1.0
Paetynn,1.0
Paeyton,1.0
Pagan,1.0
Pageant,1.0
Pagen,1.0
Paget,1.0
Pagie,1.0
Pahal,1.0
Pahoua,1.0
Paili,1.0
Pai,1.0
Paidyn,1.0
Paig,1.0
Paigelyn,1.0
Paigelynn,1.0
Paighten,1.0
Paighton,1.0
Paightyn,1.0
Paij,1.0
Paije,1.0
Paikea,1.0
Pailey,1.0
Ovena,1.0
Ovella,1.0
Oveline,1.0
Ovelia,1.0
Ormah,1.0
Ormi,1.0
Orna,1.0
Ornella,1.0
Orneta,1.0
Ororo,1.0
Orothy,1.0
Orpah,1.0
Orpha,1.0
Orphia,1.0
Orphie,1.0
Orquidea,1.0
Orquidia,1.0
Orsola,1.0
Ortencia,1.0
Ortensia,1.0
Ortha,1.0
Ortrude,1.0
Orvella,1.0
Orvetta,1.0
Orvilla,1.0
Orya,1.0
Oryah,1.0
Oryana,1.0
Orysia,1.0
Osanna,1.0
Osariemen,1.0
Orma,1.0
Orly,1.0
Orline,1.0
Oriyana,1.0
Orina,1.0
Orinda,1.0
Orine,1.0
Oriole,1.0
Oriona,1.0
Orionna,1.0
Orisha,1.0
Orissa,1.0
Orit,1.0
Orita,1.0
Oriya,1.0
Oriyah,1.0
Orlagh,1.0
Orlinda,1.0
Orlaith,1.0
Orlandra,1.0
Orlandrea,1.0
Orlandria,1.0
Orlantha,1.0
Orleen,1.0
Orlena,1.0
Orlenda,1.0
Orlene,1.0
Orletta,1.0
Orli,1.0
Orlidia,1.0
Osee,1.0
Oshanique,1.0
Oshanna,1.0
Oumie,1.0
Otome,1.0
Otsie,1.0
Otta,1.0
Ottavia,1.0
Ottelia,1.0
Ottilia,1.0
Ottilie,1.0
Ottillie,1.0
Otylia,1.0
Oudia,1.0
Ouida,1.0
Ouita,1.0
Oumou,1.0
Otillie,1.0
Oumy,1.0
Ourania,1.0
Ourtney,1.0
Ovada,1.0
Ovalee,1.0
Ovalene,1.0
Ovaline,1.0
Oveah,1.0
Oveda,1.0
Ovedia,1.0
Ovee,1.0
Oveida,1.0
Otisha,1.0
Otillia,1.0
Osheana,1.0
Osmara,1.0
Osheanna,1.0
Oshia,1.0
Oshiana,1.0
Oshie,1.0
Oshynn,1.0
Osia,1.0
Osiana,1.0
Osiria,1.0
Osirys,1.0
Osiyo,1.0
Osleen,1.0
Oslin,1.0
Osmary,1.0
Otilla,1.0
Osnas,1.0
Ostara,1.0
Ota,1.0
Otavia,1.0
Oteka,1.0
Otelia,1.0
Otella,1.0
Oteria,1.0
Othelia,1.0
Othella,1.0
Otila,1.0
Otilia,1.0
Phalynn,1.0
Phantasia,1.0
Olivama,1.0
Rachely,1.0
Raaya,1.0
Rabecca,1.0
Rabecka,1.0
Rabeka,1.0
Rabekah,1.0
Rabekka,1.0
Rabia,1.0
Rabiah,1.0
Rabihah,1.0
Rabiya,1.0
Racel,1.0
Racelyn,1.0
Racelynn,1.0
Racey,1.0
Rachae,1.0
Rachal,1.0
Rachale,1.0
Rachana,1.0
Rache,1.0
Racheal,1.0
Rachelann,1.0
Rachelanne,1.0
Rachele,1.0
Rachell,1.0
Rachella,1.0
Rachelleann,1.0
Rachelleanne,1.0
Raavi,1.0
Raavee,1.0
Raashida,1.0
Quynhnhu,1.0
Qunita,1.0
Qunnie,1.0
Quora,1.0
Quori,1.0
Quorra,1.0
Quortney,1.0
Quovadis,1.0
Quwana,1.0
Quwanda,1.0
Quwanna,1.0
Quynh,1.0
Quynhanh,1.0
Quynn,1.0
Raashi,1.0
Qwana,1.0
Qwanda,1.0
Qwanesha,1.0
Qwanisha,1.0
Qwendolyn,1.0
Qwynn,1.0
Qynn,1.0
Raaga,1.0
Raaha,1.0
Raaina,1.0
Raana,1.0
Raani,1.0
Rachelmarie,1.0
Rachiel,1.0
Qunesha,1.0
Rachita,1.0
Raeanna,1.0
Raeanne,1.0
Raechal,1.0
Raechel,1.0
Raechell,1.0
Raechelle,1.0
Raedawn,1.0
Raedean,1.0
Raedene,1.0
Raedynn,1.0
Raeesah,1.0
Raegann,1.0
Raegene,1.0
Raeghan,1.0
Raegin,1.0
Raegina,1.0
Raegine,1.0
Raegyn,1.0
Raegynn,1.0
Raehanna,1.0
Raeisha,1.0
Raejean,1.0
Raela,1.0
Raelah,1.0
Raelani,1.0
Raelea,1.0
Raeleah,1.0
Raeann,1.0
Raeanah,1.0
Raeana,1.0
Radha,1.0
Rachna,1.0
Rachon,1.0
Rachyl,1.0
Racie,1.0
Racio,1.0
Rackel,1.0
Racqual,1.0
Racquell,1.0
Racquelle,1.0
Racy,1.0
Rada,1.0
Radene,1.0
Radhika,1.0
Raeah,1.0
Radhya,1.0
Radia,1.0
Radiah,1.0
Radiance,1.0
Radine,1.0
Radiya,1.0
Radiyah,1.0
Radleigh,1.0
Radoika,1.0
Radonna,1.0
Radwa,1.0
Raea,1.0
Qunisha,1.0
Quneisha,1.0
Phara,1.0
Quineisha,1.0
Quentisha,1.0
Queren,1.0
Querida,1.0
Quesha,1.0
Quessie,1.0
Queta,1.0
Quetcy,1.0
Quetzali,1.0
Quetzalli,1.0
Quetzally,1.0
Quetzaly,1.0
Quetzy,1.0
Quiana,1.0
Quiandra,1.0
Quianna,1.0
Quiara,1.0
Quida,1.0
Quiera,1.0
Quierra,1.0
Quiesha,1.0
Quila,1.0
Quimby,1.0
Quimora,1.0
Quina,1.0
Quinasia,1.0
Quinaya,1.0
Quincella,1.0
Quentina,1.0
Quentella,1.0
Quentavia,1.0
Queenie,1.0
Quatrina,1.0
Quayla,1.0
Qubilah,1.0
Queana,1.0
Queanna,1.0
Queena,1.0
Queenasia,1.0
Queency,1.0
Queene,1.0
Queenell,1.0
Queenester,1.0
Queenesther,1.0
Queenisha,1.0
Quentasia,1.0
Queensley,1.0
Quella,1.0
Queneisha,1.0
Quenesha,1.0
Queneshia,1.0
Quenetta,1.0
Quenette,1.0
Quenia,1.0
Quenisha,1.0
Quenita,1.0
Quenna,1.0
Quennie,1.0
Quindara,1.0
Quineka,1.0
Quiyana,1.0
Quinesha,1.0
Quinsley,1.0
Quintana,1.0
Quintara,1.0
Quintasha,1.0
Quintashia,1.0
Quintasia,1.0
Quintavia,1.0
Quintaya,1.0
Quintella,1.0
Quintera,1.0
Quinteria,1.0
Quinterra,1.0
Quinterria,1.0
Quintesa,1.0
Quintesha,1.0
Quintessa,1.0
Quintia,1.0
Quintina,1.0
Quintisha,1.0
Quintonia,1.0
Quintoria,1.0
Quinya,1.0
Quiona,1.0
Quionna,1.0
Quiriat,1.0
Quisha,1.0
Quita,1.0
Quinshay,1.0
Quinsha,1.0
Quinnlynn,1.0
Quinlynn,1.0
Quineshia,1.0
Quinessa,1.0
Quinetta,1.0
Quinette,1.0
Quinisha,1.0
Quinita,1.0
Quiniya,1.0
Quiniyah,1.0
Quinlee,1.0
Quinleigh,1.0
Quinley,1.0
Quinly,1.0
Quinna,1.0
Quinnlyn,1.0
Quinne,1.0
Quinnesha,1.0
Quinneshia,1.0
Quinnetta,1.0
Quinnette,1.0
Quinnisha,1.0
Quinnita,1.0
Quinniyah,1.0
Quinnlee,1.0
Quinnleigh,1.0
Quinnley,1.0
Quinnly,1.0
Raelean,1.0
Raelee,1.0
Raeleen,1.0
Raiyn,1.0
Raima,1.0
Raime,1.0
Raimee,1.0
Raimey,1.0
Raimy,1.0
Raina,1.0
Rainah,1.0
Rainbow,1.0
Rainee,1.0
Rainell,1.0
Rainelle,1.0
Rainie,1.0
Rainlee,1.0
Rainleigh,1.0
Rainna,1.0
Rainne,1.0
Rainy,1.0
Raionna,1.0
Raiqa,1.0
Raisa,1.0
Raisah,1.0
Raisha,1.0
Raissa,1.0
Raiven,1.0
Raivyn,1.0
Raiya,1.0
Raiyah,1.0
Railynne,1.0
Railynn,1.0
Railen,1.0
Raighlyn,1.0
Raichel,1.0
Raichelle,1.0
Raida,1.0
Raidah,1.0
Raiella,1.0
Raielle,1.0
Raiesha,1.0
Raifa,1.0
Raifah,1.0
Raigan,1.0
Raigen,1.0
Raighan,1.0
Raign,1.0
Raileigh,1.0
Raigyn,1.0
Raiha,1.0
Raihaanah,1.0
Raihana,1.0
Raihanna,1.0
Raiin,1.0
Raija,1.0
Raika,1.0
Raila,1.0
Railani,1.0
Railee,1.0
Raileen,1.0
Raiyana,1.0
Raiyna,1.0
Raelei,1.0
Raiyne,1.0
Rakhia,1.0
Rakia,1.0
Rakiah,1.0
Rakiesha,1.0
Rakira,1.0
Rakisha,1.0
Rakita,1.0
Rakiya,1.0
Rakiyah,1.0
Raksha,1.0
Rakshana,1.0
Rakshitha,1.0
Raksmey,1.0
Rakya,1.0
Rakyah,1.0
Rakyia,1.0
Rakyla,1.0
Ralana,1.0
Ralanda,1.0
Ralani,1.0
Ralayah,1.0
Raleah,1.0
Ralee,1.0
Raleen,1.0
Raleigha,1.0
Ralena,1.0
Ralene,1.0
Rakhee,1.0
Rakeya,1.0
Rakeshia,1.0
Rajeeni,1.0
Raiza,1.0
Raizel,1.0
Raizy,1.0
Rajaa,1.0
Rajana,1.0
Rajanae,1.0
Rajane,1.0
Rajanee,1.0
Rajani,1.0
Rajean,1.0
Rajeana,1.0
Rajeen,1.0
Rajeeyah,1.0
Rakesha,1.0
Rajene,1.0
Rajni,1.0
Rajvi,1.0
Rakaya,1.0
Rakayla,1.0
Rakeb,1.0
Rakeia,1.0
Rakeisha,1.0
Rakel,1.0
Rakell,1.0
Rakelle,1.0
Rakeria,1.0
Raianne,1.0
Raianna,1.0
Raiana,1.0
Raiah,1.0
Raenette,1.0
Raengel,1.0
Raeni,1.0
Raenisha,1.0
Raeniyah,1.0
Raenna,1.0
Raenyra,1.0
Raeola,1.0
Raeona,1.0
Raeonna,1.0
Raequel,1.0
Raesha,1.0
Raeshell,1.0
Raeshelle,1.0
Raetta,1.0
Raevan,1.0
Raeven,1.0
Raevin,1.0
Raevyn,1.0
Raevynn,1.0
Raewyn,1.0
Raeya,1.0
Raeyah,1.0
Raeyana,1.0
Raeyanna,1.0
Raeyna,1.0
Raeyonna,1.0
Raenesha,1.0
Raenelle,1.0
Raenell,1.0
Raelle,1.0
Raeleigh,1.0
Raelen,1.0
Raelena,1.0
Raelene,1.0
Raeley,1.0
Raeli,1.0
Raeliana,1.0
Raelie,1.0
Raeliegh,1.0
Raelina,1.0
Raelinn,1.0
Raella,1.0
Raellen,1.0
Raeneisha,1.0
Raely,1.0
Raelyne,1.0
Raelynne,1.0
Raemarie,1.0
Raemi,1.0
Raemona,1.0
Raena,1.0
Raenada,1.0
Raenae,1.0
Raenah,1.0
Raene,1.0
Raenee,1.0
Rafaela,1.0
Rafaelita,1.0
Rafaella,1.0
Rahmat,1.0
Rahela,1.0
Rahf,1.0
Rahila,1.0
Rahima,1.0
Rahini,1.0
Rahjae,1.0
Rahkia,1.0
Rahlee,1.0
Rahlynn,1.0
Rahma,1.0
Rahmah,1.0
Rahmani,1.0
Rahmiya,1.0
Raheemah,1.0
Rahmo,1.0
Rahmya,1.0
Rahna,1.0
Rahnasia,1.0
Rahneisha,1.0
Rahni,1.0
Rahniya,1.0
Rahniyah,1.0
Rahshida,1.0
Rahwa,1.0
Rahya,1.0
Raia,1.0
Rahel,1.0
Raheema,1.0
Rafaila,1.0
Raghavi,1.0
Rafeef,1.0
Rafela,1.0
Rafelita,1.0
Raffaela,1.0
Raffaella,1.0
Raffinee,1.0
Rafia,1.0
Rafif,1.0
Ragad,1.0
Ragena,1.0
Ragenia,1.0
Raghad,1.0
Ragin,1.0
Rahcel,1.0
Ragina,1.0
Ragine,1.0
Ragini,1.0
Ragna,1.0
Ragnhild,1.0
Raguel,1.0
Raha,1.0
Rahab,1.0
Rahaf,1.0
Rahama,1.0
Rahanna,1.0
Rahasia,1.0
Quatisha,1.0
Quatina,1.0
Quatia,1.0
Porshea,1.0
Pollye,1.0
Pomaikai,1.0
Pomposa,1.0
Ponda,1.0
Pondra,1.0
Pooja,1.0
Poonam,1.0
Poorna,1.0
Poorvi,1.0
Poppi,1.0
Poppie,1.0
Porcelain,1.0
Porcha,1.0
Porchae,1.0
Porche,1.0
Porchea,1.0
Porcher,1.0
Porchia,1.0
Porcia,1.0
Porcsha,1.0
Porfiria,1.0
Porscha,1.0
Porsche,1.0
Porschea,1.0
Porschia,1.0
Porshae,1.0
Porshay,1.0
Pollyanne,1.0
Pollyanna,1.0
Pollyann,1.0
Poema,1.0
Pleasure,1.0
Pleshette,1.0
Plina,1.0
Plum,1.0
Pluma,1.0
Plumeria,1.0
Plumie,1.0
Plummie,1.0
Pneuma,1.0
Pnina,1.0
Pocahontas,1.0
Poem,1.0
Poetic,1.0
Pollie,1.0
Poetri,1.0
Poetry,1.0
Pola,1.0
Polaris,1.0
Polet,1.0
Poleth,1.0
Polett,1.0
Polette,1.0
Polina,1.0
Polixeni,1.0
Polley,1.0
Polli,1.0
Porshe,1.0
Porshia,1.0
Prema,1.0
Porsia,1.0
Pranshi,1.0
Pranvi,1.0
Prapti,1.0
Prarthana,1.0
Prashi,1.0
Pratha,1.0
Pratiksha,1.0
Pratima,1.0
Pratyusha,1.0
Pravallika,1.0
Pravi,1.0
Pravya,1.0
Praylee,1.0
Praylynn,1.0
Prayze,1.0
Preana,1.0
Preanna,1.0
Prebble,1.0
Precilla,1.0
Preciosa,1.0
Preciousa,1.0
Precius,1.0
Precyous,1.0
Preesha,1.0
Preethi,1.0
Preeti,1.0
Preeya,1.0
Pranitha,1.0
Pranita,1.0
Pranisha,1.0
Pragna,1.0
Portlyn,1.0
Portlynn,1.0
Posh,1.0
Posy,1.0
Pota,1.0
Poua,1.0
Ppatricia,1.0
Prabhleen,1.0
Prachi,1.0
Pracilla,1.0
Pragathi,1.0
Pragati,1.0
Pragnya,1.0
Pranika,1.0
Pragya,1.0
Prahi,1.0
Prairie,1.0
Praisely,1.0
Praisley,1.0
Prajna,1.0
Prakriti,1.0
Prakruti,1.0
Pranathi,1.0
Pranati,1.0
Pranavi,1.0
Pranaya,1.0
Platinum,1.0
Plassie,1.0
Placida,1.0
Piya,1.0
Philena,1.0
Philene,1.0
Philesha,1.0
Philicia,1.0
Philicity,1.0
Philina,1.0
Philippa,1.0
Philippina,1.0
Philippine,1.0
Philis,1.0
Philisa,1.0
Philisha,1.0
Philistine,1.0
Phillicia,1.0
Phillina,1.0
Phillipa,1.0
Phillippa,1.0
Phillisa,1.0
Phillisha,1.0
Phillistine,1.0
Phillys,1.0
Philomen,1.0
Philomena,1.0
Philomene,1.0
Philomenia,1.0
Philomina,1.0
Philomine,1.0
Philecia,1.0
Philece,1.0
Philana,1.0
Pheby,1.0
Pharah,1.0
Pharrah,1.0
Pharren,1.0
Pharyn,1.0
Phatima,1.0
Phawn,1.0
Pheadra,1.0
Pheba,1.0
Phebe,1.0
Phebee,1.0
Phebia,1.0
Phebie,1.0
Phedra,1.0
Philamena,1.0
Phelecia,1.0
Phelicia,1.0
Phelicity,1.0
Phelisha,1.0
Phenicia,1.0
Phenie,1.0
Pheobe,1.0
Pheobie,1.0
Pheona,1.0
Phia,1.0
Phila,1.0
Philadelphia,1.0
Phiona,1.0
Phoeba,1.0
Phoebee,1.0
Piffany,1.0
Picabo,1.0
Piccola,1.0
Picola,1.0
Piedad,1.0
Pieper,1.0
Piera,1.0
Pierette,1.0
Pierina,1.0
Pierra,1.0
Pierrette,1.0
Pietra,1.0
Pietrina,1.0
Pihu,1.0
Phyre,1.0
Piilani,1.0
Pina,1.0
Pinar,1.0
Piney,1.0
Pinky,1.0
Pippa,1.0
Pipper,1.0
Pippi,1.0
Pirl,1.0
Pirley,1.0
Pixie,1.0
Pixley,1.0
Pia,1.0
Phyllys,1.0
Phoebi,1.0
Phylea,1.0
Phoebie,1.0
Phoenicia,1.0
Phoibe,1.0
Phonesavanh,1.0
Phoua,1.0
Phoung,1.0
Phronia,1.0
Phronie,1.0
Phronsie,1.0
Phuonganh,1.0
Phuongvy,1.0
Phyillis,1.0
Phylecia,1.0
Phyllistine,1.0
Phylica,1.0
Phylicia,1.0
Phylis,1.0
Phylisa,1.0
Phylisha,1.0
Phylisia,1.0
Phyliss,1.0
Phyllicia,1.0
Phyllisann,1.0
Phyllisha,1.0
Phyllisia,1.0
Phylliss,1.0
Preksha,1.0
Prenella,1.0
Quatesha,1.0
Quaneeka,1.0
Qiyana,1.0
Qorianka,1.0
Quadaisha,1.0
Quadasha,1.0
Quadasia,1.0
Quadeshia,1.0
Quadijah,1.0
Quadira,1.0
Quadirah,1.0
Quadreka,1.0
Quala,1.0
Qualani,1.0
Qualesha,1.0
Qualisha,1.0
Qualiyah,1.0
Quameisha,1.0
Quamesha,1.0
Quameshia,1.0
Quamisha,1.0
Quamya,1.0
Quana,1.0
Quanae,1.0
Quanaisha,1.0
Quanasha,1.0
Quanasia,1.0
Quanda,1.0
Quandra,1.0
Qiuana,1.0
Qirat,1.0
Qira,1.0
Pypper,1.0
Puaolena,1.0
Pui,1.0
Puja,1.0
Punam,1.0
Pura,1.0
Purity,1.0
Purlie,1.0
Purnima,1.0
Purva,1.0
Purvi,1.0
Pushti,1.0
Pyper,1.0
Pyrrha,1.0
Qiona,1.0
Qadeera,1.0
Qadira,1.0
Qadirah,1.0
Qadriyyah,1.0
Qetsiyah,1.0
Qeyanni,1.0
Qiana,1.0
Qianna,1.0
Qiara,1.0
Qiarah,1.0
Qierra,1.0
Qing,1.0
Quanecia,1.0
Quaneesha,1.0
Prenisha,1.0
Quaneisha,1.0
Quantaya,1.0
Quantella,1.0
Quanteria,1.0
Quanterra,1.0
Quantesha,1.0
Quantia,1.0
Quantiana,1.0
Quantina,1.0
Quantisha,1.0
Quanya,1.0
Quanza,1.0
Quartney,1.0
Quasha,1.0
Quashana,1.0
Quashanda,1.0
Quashanna,1.0
Quashawna,1.0
Quashay,1.0
Quashayla,1.0
Quasheema,1.0
Quashia,1.0
Quashonda,1.0
Quasia,1.0
Quatashia,1.0
Quatasia,1.0
Quatavia,1.0
Quateria,1.0
Quantavia,1.0
Quantasia,1.0
Quantashia,1.0
Quanika,1.0
Quaneka,1.0
Quanesha,1.0
Quaneshia,1.0
Quanesia,1.0
Quanessa,1.0
Quanetra,1.0
Quanetta,1.0
Quanette,1.0
Quanice,1.0
Quanicia,1.0
Quaniece,1.0
Quaniesha,1.0
Quaniqua,1.0
Quantasha,1.0
Quanique,1.0
Quanise,1.0
Quanisha,1.0
Quanishia,1.0
Quanita,1.0
Quaniya,1.0
Quaniyah,1.0
Quanna,1.0
Quannah,1.0
Quannisha,1.0
Quanshae,1.0
Quanshay,1.0
Puanani,1.0
Pualena,1.0
Pualani,1.0
Ptosha,1.0
Prezleigh,1.0
Prezley,1.0
Pria,1.0
Prianka,1.0
Prianna,1.0
Pricella,1.0
Pricie,1.0
Pricila,1.0
Pricilla,1.0
Pricillia,1.0
Pricsila,1.0
Pricsilla,1.0
Priella,1.0
Prielle,1.0
Prim,1.0
Prima,1.0
Primavera,1.0
Primm,1.0
Primrose,1.0
Prina,1.0
Princella,1.0
Princes,1.0
Princesa,1.0
Princessa,1.0
Princesse,1.0
Princetta,1.0
Princie,1.0
Prezlee,1.0
Preya,1.0
Pretty,1.0
Presleigh,1.0
Preonda,1.0
Prerana,1.0
Prerna,1.0
Prescilla,1.0
Prescious,1.0
Presha,1.0
Preshus,1.0
Presila,1.0
Presilla,1.0
Presious,1.0
Preslea,1.0
Preslei,1.0
Presli,1.0
Pretto,1.0
Preslie,1.0
Presly,1.0
Preslyn,1.0
Preslynn,1.0
Pressie,1.0
Presslee,1.0
Presslie,1.0
Pressly,1.0
Prestina,1.0
Prestine,1.0
Prestley,1.0
Prestynn,1.0
Princilla,1.0
Princy,1.0
Prinsesa,1.0
Pruda,1.0
Promisee,1.0
Promiss,1.0
Promisse,1.0
Promize,1.0
Promyce,1.0
Promyse,1.0
Promyss,1.0
Promysse,1.0
Prosperity,1.0
Providence,1.0
Providencia,1.0
Providenza,1.0
Prudance,1.0
Priyanshi,1.0
Prudence,1.0
Prudencia,1.0
Prudie,1.0
Prudy,1.0
Prunelle,1.0
Prutha,1.0
Pryia,1.0
Pryncess,1.0
Prynn,1.0
Prynne,1.0
Pryscilla,1.0
Prysilla,1.0
Priyasha,1.0
Priyanka,1.0
Prinsha,1.0
Prisicilla,1.0
Prisa,1.0
Prisca,1.0
Priscella,1.0
Priscila,1.0
Priscilia,1.0
Priscill,1.0
Priscille,1.0
Priscillia,1.0
Priscyla,1.0
Priscylla,1.0
Priseis,1.0
Prisha,1.0
Prisila,1.0
Priyana,1.0
Prisilla,1.0
Prisma,1.0
Prissila,1.0
Prissy,1.0
Pristina,1.0
Pristine,1.0
Prithika,1.0
Priti,1.0
Pritika,1.0
Priya,1.0
Priyah,1.0
Priyal,1.0
Olivea,1.0
Oliv,1.0
Nasrin,1.0
Neshama,1.0
Nequila,1.0
Nequita,1.0
Nera,1.0
Nerea,1.0
Nerely,1.0
Nerene,1.0
Nereyda,1.0
Neria,1.0
Nerida,1.0
Nerina,1.0
Nerine,1.0
Nerisa,1.0
Nerissa,1.0
Nerita,1.0
Neriya,1.0
Neriyah,1.0
Nerlande,1.0
Nerma,1.0
Nermeen,1.0
Nerriah,1.0
Nerrissa,1.0
Nerva,1.0
Nervia,1.0
Nervie,1.0
Nerya,1.0
Nerys,1.0
Nesa,1.0
Neppie,1.0
Nephtalie,1.0
Nephele,1.0
Neneh,1.0
Nelvie,1.0
Nelvina,1.0
Nelwyn,1.0
Nely,1.0
Nelya,1.0
Nemah,1.0
Nemesis,1.0
Nemya,1.0
Nena,1.0
Nenah,1.0
Nency,1.0
Nene,1.0
Nenette,1.0
Nephateria,1.0
Nenia,1.0
Neola,1.0
Neolani,1.0
Neoma,1.0
Neomi,1.0
Neomia,1.0
Neomie,1.0
Neomy,1.0
Neona,1.0
Neorah,1.0
Neosha,1.0
Neoshia,1.0
Nesha,1.0
Neshanta,1.0
Nelva,1.0
Neshay,1.0
Netty,1.0
Nettye,1.0
Nev,1.0
Nevach,1.0
Nevae,1.0
Nevaeah,1.0
Nevaeha,1.0
Nevaehia,1.0
Nevaehlee,1.0
Nevaehly,1.0
Nevaehlynn,1.0
Nevaehmarie,1.0
Nevaehrose,1.0
Nevaehtnes,1.0
Nevaen,1.0
Nevah,1.0
Nevaha,1.0
Nevaiah,1.0
Nevalyn,1.0
Nevara,1.0
Nevart,1.0
Nevaya,1.0
Nevayah,1.0
Nevayiah,1.0
Nevayla,1.0
Neve,1.0
Nevea,1.0
Netter,1.0
Nette,1.0
Netta,1.0
Nessa,1.0
Neshell,1.0
Neshelle,1.0
Neshia,1.0
Nesia,1.0
Nesita,1.0
Neslihan,1.0
Nesma,1.0
Nesochi,1.0
Nesreen,1.0
Nesren,1.0
Nesrin,1.0
Nesryn,1.0
Nessie,1.0
Netra,1.0
Nestora,1.0
Nesya,1.0
Neta,1.0
Netania,1.0
Netanya,1.0
Netasha,1.0
Netha,1.0
Nethania,1.0
Nether,1.0
Nethra,1.0
Netia,1.0
Netisha,1.0
Nelvia,1.0
Nelta,1.0
Nikela,1.0
Nekeya,1.0
Neilla,1.0
Neily,1.0
Neilyn,1.0
Neina,1.0
Neira,1.0
Neisa,1.0
Neisha,1.0
Neishaly,1.0
Neissa,1.0
Neita,1.0
Neiva,1.0
Neiya,1.0
Nejla,1.0
Nejra,1.0
Neka,1.0
Nekaya,1.0
Nekaybaw,1.0
Nekayla,1.0
Nekea,1.0
Nekeda,1.0
Nekedra,1.0
Nekeia,1.0
Nekeidra,1.0
Nekeisha,1.0
Nekesha,1.0
Nekeshia,1.0
Nekesia,1.0
Neilina,1.0
Neilie,1.0
Neilia,1.0
Neiba,1.0
Negeen,1.0
Neghan,1.0
Negin,1.0
Neha,1.0
Nehara,1.0
Neharika,1.0
Nehemie,1.0
Nehir,1.0
Nehlani,1.0
Nehmat,1.0
Neia,1.0
Neiah,1.0
Neicha,1.0
Neili,1.0
Neida,1.0
Neidelin,1.0
Neidelyn,1.0
Neidi,1.0
Neidra,1.0
Neidy,1.0
Neika,1.0
Neila,1.0
Neilah,1.0
Neilani,1.0
Neilany,1.0
Neile,1.0
Neketa,1.0
Nekeysha,1.0
Nelsy,1.0
Nekiesha,1.0
Nelisa,1.0
Nelissa,1.0
Nelita,1.0
Nelitza,1.0
Neliyah,1.0
Nella,1.0
Nellann,1.0
Nellda,1.0
Nelle,1.0
Nellean,1.0
Nellee,1.0
Nellene,1.0
Nelli,1.0
Nellia,1.0
Nelliana,1.0
Nelliel,1.0
Nelliemae,1.0
Nelline,1.0
Nellora,1.0
Nellwyn,1.0
Nellye,1.0
Nelma,1.0
Neloise,1.0
Nelrose,1.0
Nelsa,1.0
Nelsi,1.0
Nelsie,1.0
Nelinha,1.0
Nelina,1.0
Nelin,1.0
Nela,1.0
Nekira,1.0
Nekisha,1.0
Nekishia,1.0
Nekita,1.0
Nekiya,1.0
Nekiyah,1.0
Nekki,1.0
Nekol,1.0
Nekole,1.0
Nektaria,1.0
Nekya,1.0
Nel,1.0
Nelah,1.0
Nelie,1.0
Nelani,1.0
Nelba,1.0
Nelcy,1.0
Neldean,1.0
Neleah,1.0
Neleh,1.0
Neleigh,1.0
Nelena,1.0
Neli,1.0
Nelia,1.0
Neliah,1.0
Nelida,1.0
Neveah,1.0
Neveaha,1.0
Neveen,1.0
Niekia,1.0
Nicoleta,1.0
Nicolete,1.0
Nicolett,1.0
Nicoletta,1.0
Nicolia,1.0
Nicolina,1.0
Nicoline,1.0
Nicoll,1.0
Nicolle,1.0
Nicollette,1.0
Nicolly,1.0
Nicoly,1.0
Nicolyn,1.0
Nicosha,1.0
Nicosia,1.0
Nicoya,1.0
Nicte,1.0
Nicteha,1.0
Nicy,1.0
Nida,1.0
Nidhi,1.0
Nidia,1.0
Nidra,1.0
Nidya,1.0
Nieasha,1.0
Nieisha,1.0
Nieja,1.0
Nicolet,1.0
Nicolene,1.0
Nicolena,1.0
Nickol,1.0
Nickcole,1.0
Nickea,1.0
Nickell,1.0
Nickelle,1.0
Nickesha,1.0
Nicketa,1.0
Nickeya,1.0
Nickia,1.0
Nickisha,1.0
Nickiya,1.0
Nickiyah,1.0
Nickki,1.0
Nickole,1.0
Nicolemarie,1.0
Nickolette,1.0
Nickyla,1.0
Nicle,1.0
Nicloe,1.0
Niclole,1.0
Nicoe,1.0
Nicoel,1.0
Nicohle,1.0
Nicolasa,1.0
Nicoleann,1.0
Nicoleanne,1.0
Nicolee,1.0
Nieka,1.0
Niela,1.0
Nevelyn,1.0
Nielah,1.0
Nijaya,1.0
Nijayah,1.0
Nijeria,1.0
Nijha,1.0
Nijia,1.0
Nijiah,1.0
Nikaela,1.0
Nikaila,1.0
Nikaiya,1.0
Nikaiyah,1.0
Nikala,1.0
Nikalette,1.0
Nikara,1.0
Nikasha,1.0
Nikata,1.0
Nikaya,1.0
Nikayah,1.0
Nikayia,1.0
Nikayla,1.0
Nikaylah,1.0
Nikcole,1.0
Nikea,1.0
Nikeea,1.0
Nikeesha,1.0
Nikeeta,1.0
Nikeia,1.0
Nikeisha,1.0
Nijai,1.0
Niilah,1.0
Niia,1.0
Nieve,1.0
Niella,1.0
Nielle,1.0
Niema,1.0
Niemah,1.0
Nienna,1.0
Niera,1.0
Nierra,1.0
Niesa,1.0
Niesha,1.0
Nieshia,1.0
Nieta,1.0
Nieva,1.0
Nieya,1.0
Nihya,1.0
Nigella,1.0
Nigeria,1.0
Niha,1.0
Nihad,1.0
Nihana,1.0
Nihara,1.0
Niharika,1.0
Nihasvi,1.0
Nihira,1.0
Nihirareddy,1.0
Nihitha,1.0
Nihla,1.0
Nickcola,1.0
Nickayla,1.0
Nicie,1.0
Niciah,1.0
Nezzie,1.0
Nga,1.0
Ngan,1.0
Ngela,1.0
Ngina,1.0
Ngocanh,1.0
Ngone,1.0
Ngozichukwu,1.0
Nguyet,1.0
Nhala,1.0
Nhi,1.0
Nhien,1.0
Nhu,1.0
Nhung,1.0
Nhuy,1.0
Nhya,1.0
Nhyla,1.0
Ni,1.0
Niaa,1.0
Niah,1.0
Niaimani,1.0
Niaira,1.0
Niaisha,1.0
Niaja,1.0
Niajah,1.0
Niaje,1.0
Niakia,1.0
Nezuko,1.0
Neziyah,1.0
Neyva,1.0
Neya,1.0
Nevena,1.0
Neveya,1.0
Neveyah,1.0
Nevi,1.0
Nevia,1.0
Neviah,1.0
Nevie,1.0
Nevina,1.0
Nevine,1.0
Nevis,1.0
Neviyah,1.0
Newana,1.0
Neyah,1.0
Neytiri,1.0
Neyba,1.0
Neyda,1.0
Neydelin,1.0
Neydi,1.0
Neyla,1.0
Neylah,1.0
Neylani,1.0
Neylin,1.0
Neyomi,1.0
Neyra,1.0
Neysa,1.0
Neysha,1.0
Niala,1.0
Nialah,1.0
Nialani,1.0
Nichele,1.0
Nicasia,1.0
Nicaya,1.0
Nicayla,1.0
Nicci,1.0
Niccola,1.0
Niccole,1.0
Nicey,1.0
Nicha,1.0
Nichaela,1.0
Nichcole,1.0
Niche,1.0
Nichel,1.0
Nichell,1.0
Nicanora,1.0
Nichella,1.0
Nichet,1.0
Nichoal,1.0
Nichoel,1.0
Nicholetta,1.0
Nicholette,1.0
Nicholina,1.0
Nicholl,1.0
Nicholle,1.0
Nichollette,1.0
Nichy,1.0
Nicia,1.0
Nicara,1.0
Nicala,1.0
Nialee,1.0
Niang,1.0
Nialynn,1.0
Niama,1.0
Niamalika,1.0
Niamani,1.0
Niamarie,1.0
Niambi,1.0
Niamh,1.0
Niamoni,1.0
Niamora,1.0
Niamya,1.0
Niamyah,1.0
Niana,1.0
Niani,1.0
Nicaela,1.0
Nianna,1.0
Niaomi,1.0
Niara,1.0
Niarah,1.0
Niari,1.0
Niarose,1.0
Niasha,1.0
Niasia,1.0
Niaya,1.0
Niayla,1.0
Niaylah,1.0
Nica,1.0
Negar,1.0
Nefretiri,1.0
Nefeteria,1.0
Natoya,1.0
Natika,1.0
Natile,1.0
Natilea,1.0
Natilee,1.0
Natileigh,1.0
Natiley,1.0
Natilie,1.0
Natily,1.0
Natilyn,1.0
Natilynn,1.0
Natina,1.0
Natira,1.0
Natiri,1.0
Natisa,1.0
Natisha,1.0
Natishia,1.0
Native,1.0
Natiya,1.0
Natiyah,1.0
Natlaie,1.0
Natlee,1.0
Natlie,1.0
Natoma,1.0
Natonia,1.0
Natonya,1.0
Natoria,1.0
Natosha,1.0
Natifah,1.0
Naticia,1.0
Naticha,1.0
Nathalya,1.0
Natesha,1.0
Nateshia,1.0
Natessa,1.0
Nateya,1.0
Nateyah,1.0
Nathale,1.0
Nathalee,1.0
Nathalene,1.0
Nathali,1.0
Nathalia,1.0
Nathally,1.0
Nathaly,1.0
Nathalye,1.0
Natica,1.0
Nathanaelle,1.0
Nathania,1.0
Nathasa,1.0
Nathasha,1.0
Nathasia,1.0
Nathaya,1.0
Nathena,1.0
Nathia,1.0
Nathifa,1.0
Nathina,1.0
Natia,1.0
Natiana,1.0
Natoshia,1.0
Natoyia,1.0
Naveigh,1.0
Natrice,1.0
Naura,1.0
Naureen,1.0
Nausheen,1.0
Nausicaa,1.0
Nautia,1.0
Nautika,1.0
Nautyca,1.0
Nava,1.0
Navae,1.0
Navaeh,1.0
Navaeha,1.0
Navah,1.0
Navaiah,1.0
Navami,1.0
Navana,1.0
Navani,1.0
Navany,1.0
Navay,1.0
Navaya,1.0
Navayah,1.0
Navayla,1.0
Navdia,1.0
Nave,1.0
Navea,1.0
Naveah,1.0
Navee,1.0
Naveena,1.0
Naumi,1.0
Naudya,1.0
Naudiya,1.0
Natti,1.0
Natricia,1.0
Natrina,1.0
Natsha,1.0
Natsue,1.0
Natsuki,1.0
Natsuko,1.0
Natsumi,1.0
Natsuyo,1.0
Nattalee,1.0
Nattalia,1.0
Nattalie,1.0
Nattaly,1.0
Nattie,1.0
Naudica,1.0
Natural,1.0
Naturell,1.0
Naturelle,1.0
Naturi,1.0
Natusha,1.0
Naty,1.0
Natya,1.0
Natyia,1.0
Natylee,1.0
Natylie,1.0
Natyra,1.0
Naudia,1.0
Natesa,1.0
Naterria,1.0
Naterra,1.0
Nateria,1.0
Natajha,1.0
Natajia,1.0
Nataka,1.0
Nataki,1.0
Natala,1.0
Natalea,1.0
Nataleah,1.0
Natalee,1.0
Natalei,1.0
Nataleigh,1.0
Natalene,1.0
Nataley,1.0
Nataleya,1.0
Natali,1.0
Nataliah,1.0
Natalieann,1.0
Nataliee,1.0
Nataliegh,1.0
Nataliemarie,1.0
Natalierose,1.0
Natalii,1.0
Natalija,1.0
Natalin,1.0
Natalina,1.0
Nataline,1.0
Natalis,1.0
Natalise,1.0
Natajah,1.0
Nataja,1.0
Nataiya,1.0
Nastia,1.0
Nasro,1.0
Nastacia,1.0
Nastaja,1.0
Nastasha,1.0
Nastashia,1.0
Nastasia,1.0
Nastasja,1.0
Nastassia,1.0
Nastassja,1.0
Nastazia,1.0
Nasteha,1.0
Nasteho,1.0
Nasya,1.0
Nataisha,1.0
Nasyah,1.0
Nata,1.0
Natacha,1.0
Natachia,1.0
Natacia,1.0
Natae,1.0
Natahja,1.0
Natahlia,1.0
Natahsa,1.0
Nataija,1.0
Nataile,1.0
Natailia,1.0
Nataliya,1.0
Nataliyah,1.0
Nataliz,1.0
Natazia,1.0
Natassia,1.0
Natassja,1.0
Natausha,1.0
Natavia,1.0
Nataya,1.0
Natayah,1.0
Natayja,1.0
Natayla,1.0
Nataylia,1.0
Nataysha,1.0
Natayshia,1.0
Nataysia,1.0
Natea,1.0
Nataska,1.0
Nateal,1.0
Nateasha,1.0
Nateesha,1.0
Nateisha,1.0
Nateka,1.0
Natelee,1.0
Natelege,1.0
Natelie,1.0
Natella,1.0
Natelle,1.0
Natellie,1.0
Nately,1.0
Natassha,1.0
Natasja,1.0
Natalle,1.0
Nataniah,1.0
Natallia,1.0
Natallie,1.0
Natally,1.0
Natalya,1.0
Natalyah,1.0
Natalye,1.0
Natalyia,1.0
Natalyn,1.0
Natalynn,1.0
Natane,1.0
Natani,1.0
Natania,1.0
Nataniela,1.0
Natasia,1.0
Natanya,1.0
Natara,1.0
Nataria,1.0
Natarsha,1.0
Natarshia,1.0
Natasa,1.0
Natascha,1.0
Natash,1.0
Natashi,1.0
Natashia,1.0
Natashua,1.0
Natashya,1.0
Naveh,1.0
Navella,1.0
Nefertiti,1.0
Neata,1.0
Naziya,1.0
Naziyah,1.0
Nazli,1.0
Nazly,1.0
Nazneen,1.0
Nazuri,1.0
Nazya,1.0
Nazyah,1.0
Nazyia,1.0
Nazyiah,1.0
Ncole,1.0
Ndea,1.0
Ndey,1.0
Ndeye,1.0
Ndia,1.0
Ndidi,1.0
Ndrea,1.0
Ndya,1.0
Nea,1.0
Neah,1.0
Neajah,1.0
Neala,1.0
Nealey,1.0
Neana,1.0
Neariah,1.0
Neasa,1.0
Neasha,1.0
Nazish,1.0
Nazirah,1.0
Nazira,1.0
Nazarena,1.0
Nayvie,1.0
Nayya,1.0
Nayyirah,1.0
Nayzeth,1.0
Nazaia,1.0
Nazalia,1.0
Nazaneen,1.0
Nazani,1.0
Nazanin,1.0
Nazara,1.0
Nazarah,1.0
Nazare,1.0
Nazarene,1.0
Nazik,1.0
Nazaria,1.0
Nazariah,1.0
Nazariyah,1.0
Nazarria,1.0
Nazaya,1.0
Nazayah,1.0
Nazayla,1.0
Nazeli,1.0
Nazeya,1.0
Nazhae,1.0
Nazia,1.0
Nazifa,1.0
Neasia,1.0
Neatha,1.0
Navera,1.0
Neavah,1.0
Neeli,1.0
Neelia,1.0
Neelie,1.0
Neelima,1.0
Neelisha,1.0
Neemah,1.0
Neena,1.0
Neenah,1.0
Neepa,1.0
Neera,1.0
Neeraja,1.0
Neeru,1.0
Neesa,1.0
Neesha,1.0
Neeta,1.0
Neethu,1.0
Neeti,1.0
Neetu,1.0
Neeva,1.0
Neeve,1.0
Neeya,1.0
Neeyah,1.0
Nefateria,1.0
Nefeli,1.0
Nefertari,1.0
Nefertary,1.0
Neferteria,1.0
Neeley,1.0
Neelee,1.0
Neelam,1.0
Necol,1.0
Neave,1.0
Neaveh,1.0
Nebula,1.0
Necha,1.0
Nechama,1.0
Nechelle,1.0
Nechole,1.0
Nechuma,1.0
Nechy,1.0
Neci,1.0
Necia,1.0
Necie,1.0
Necola,1.0
Neelah,1.0
Necole,1.0
Neda,1.0
Nedda,1.0
Nedenia,1.0
Nedia,1.0
Nedine,1.0
Nedra,1.0
Neeah,1.0
Neecy,1.0
Neeharika,1.0
Neeka,1.0
Neela,1.0
Nayvia,1.0
Nayvi,1.0
Nayvee,1.0
Nayve,1.0
Naxhieli,1.0
Naya,1.0
Nayab,1.0
Nayah,1.0
Nayala,1.0
Nayalee,1.0
Nayali,1.0
Nayalis,1.0
Nayaliz,1.0
Nayaly,1.0
Nayami,1.0
Nayana,1.0
Nayanah,1.0
Nayani,1.0
Nayanna,1.0
Nayara,1.0
Nayari,1.0
Nayarit,1.0
Nayda,1.0
Naydean,1.0
Naydeen,1.0
Naydeli,1.0
Naydelin,1.0
Naydeline,1.0
Naydelyn,1.0
Naydene,1.0
Naydia,1.0
Nawi,1.0
Nawatha,1.0
Nawar,1.0
Navira,1.0
Navey,1.0
Naveya,1.0
Naveyah,1.0
Navia,1.0
Naviah,1.0
Naviana,1.0
Navianna,1.0
Navidad,1.0
Naviee,1.0
Navii,1.0
Navika,1.0
Navina,1.0
Navisha,1.0
Nawana,1.0
Naviya,1.0
Naviyah,1.0
Navleen,1.0
Navpreet,1.0
Navreet,1.0
Navroop,1.0
Navvy,1.0
Navya,1.0
Naw,1.0
Nawa,1.0
Nawaal,1.0
Nawal,1.0
Naydine,1.0
Nayela,1.0
Nayele,1.0
Nayomi,1.0
Naylene,1.0
Naylet,1.0
Nayli,1.0
Naylia,1.0
Naylie,1.0
Naylin,1.0
Nayloni,1.0
Nayma,1.0
Nayna,1.0
Nayo,1.0
Nayome,1.0
Nayomee,1.0
Nayomie,1.0
Nayleen,1.0
Nayona,1.0
Nayoni,1.0
Nayonika,1.0
Nayonna,1.0
Nayra,1.0
Nayrobi,1.0
Naysa,1.0
Nayseth,1.0
Naysha,1.0
Naytasha,1.0
Nayture,1.0
Nayva,1.0
Nayleigh,1.0
Naylee,1.0
Nayelee,1.0
Nayeri,1.0
Nayelie,1.0
Nayelii,1.0
Nayelin,1.0
Nayelis,1.0
Nayeliz,1.0
Nayella,1.0
Nayelle,1.0
Nayelli,1.0
Nayellie,1.0
Nayelly,1.0
Nayely,1.0
Nayelys,1.0
Nayha,1.0
Nayleah,1.0
Nayia,1.0
Nayibe,1.0
Nayima,1.0
Nayirah,1.0
Nayiri,1.0
Nayisha,1.0
Nayla,1.0
Naylaa,1.0
Naylah,1.0
Naylani,1.0
Naylanie,1.0
Naylea,1.0
Nikeita,1.0
Nikelle,1.0
Olita,1.0
Nyelle,1.0
Nyazia,1.0
Nyaziah,1.0
Nybria,1.0
Nychelle,1.0
Nychole,1.0
Nycia,1.0
Nycole,1.0
Nyda,1.0
Nydaisha,1.0
Nydasia,1.0
Nyderah,1.0
Nydia,1.0
Nydirah,1.0
Nydra,1.0
Nyeasha,1.0
Nyeasia,1.0
Nyeelah,1.0
Nyeema,1.0
Nyeemah,1.0
Nyeesha,1.0
Nyeisha,1.0
Nyeka,1.0
Nyela,1.0
Nyelah,1.0
Nyele,1.0
Nyeli,1.0
Nyell,1.0
Nyaylah,1.0
Nyayla,1.0
Nyava,1.0
Nyanna,1.0
Nyajiah,1.0
Nyakume,1.0
Nyala,1.0
Nyalah,1.0
Nyalee,1.0
Nyalise,1.0
Nyamal,1.0
Nyameye,1.0
Nyana,1.0
Nyanah,1.0
Nyangel,1.0
Nyani,1.0
Nyanza,1.0
Nyauna,1.0
Nyaomi,1.0
Nyara,1.0
Nyarah,1.0
Nyarai,1.0
Nyari,1.0
Nyarie,1.0
Nyarii,1.0
Nyasa,1.0
Nyasha,1.0
Nyashia,1.0
Nyasia,1.0
Nyasiah,1.0
Nyella,1.0
Nyelli,1.0
Nyaja,1.0
Nyellie,1.0
Nykayla,1.0
Nykea,1.0
Nykeah,1.0
Nykeba,1.0
Nykeema,1.0
Nykeemah,1.0
Nykeesha,1.0
Nykeia,1.0
Nykeira,1.0
Nykeisha,1.0
Nykera,1.0
Nykeria,1.0
Nykerria,1.0
Nykesha,1.0
Nykeshia,1.0
Nykeya,1.0
Nykhia,1.0
Nykia,1.0
Nykiah,1.0
Nykiera,1.0
Nykira,1.0
Nykiria,1.0
Nykisha,1.0
Nykita,1.0
Nykole,1.0
Nyla,1.0
Nylaa,1.0
Nyjia,1.0
Nyjeria,1.0
Nyjai,1.0
Nyiah,1.0
Nyema,1.0
Nyemah,1.0
Nyemia,1.0
Nyemiah,1.0
Nyera,1.0
Nyeri,1.0
Nyesha,1.0
Nyeshia,1.0
Nygeria,1.0
Nygia,1.0
Nyha,1.0
Nyhla,1.0
Nyiana,1.0
Nyjae,1.0
Nyiasia,1.0
Nyibol,1.0
Nyielle,1.0
Nyiema,1.0
Nyiesha,1.0
Nyila,1.0
Nyilah,1.0
Nyima,1.0
Nyimah,1.0
Nyirah,1.0
Nyisha,1.0
Nyja,1.0
Nyajah,1.0
Nyaisha,1.0
Nikema,1.0
November,1.0
Novalia,1.0
Novalie,1.0
Novalina,1.0
Novalis,1.0
Novalise,1.0
Novaly,1.0
Novalyn,1.0
Novalynn,1.0
Novalynne,1.0
Novamae,1.0
Novamarie,1.0
Novani,1.0
Novarae,1.0
Novarayne,1.0
Novareign,1.0
Novarose,1.0
Novasky,1.0
Novaya,1.0
Novayah,1.0
Novea,1.0
Noveah,1.0
Novee,1.0
Novela,1.0
Novelia,1.0
Noveline,1.0
Novella,1.0
Novelle,1.0
Novali,1.0
Novaley,1.0
Novalene,1.0
Nouvelle,1.0
Nota,1.0
Notasha,1.0
Notie,1.0
Nouchee,1.0
Nouci,1.0
Nouf,1.0
Nouha,1.0
Noura,1.0
Nourah,1.0
Nouran,1.0
Noureen,1.0
Nourhan,1.0
Novaa,1.0
Novaleigh,1.0
Novaann,1.0
Novae,1.0
Novaeh,1.0
Novagrace,1.0
Novahlee,1.0
Novahleigh,1.0
Novajean,1.0
Novalea,1.0
Novaleah,1.0
Novalee,1.0
Novaleen,1.0
Novalei,1.0
Novelyn,1.0
Novena,1.0
Nyaisa,1.0
Noveta,1.0
Nuriya,1.0
Nuriyah,1.0
Nurto,1.0
Nurul,1.0
Nurvi,1.0
Nury,1.0
Nusaiba,1.0
Nusaibah,1.0
Nusayba,1.0
Nusaybah,1.0
Nuseyba,1.0
Nusrat,1.0
Nuvia,1.0
Nuzairah,1.0
Nuzhat,1.0
Nwamaka,1.0
Ny,1.0
Nya,1.0
Nyad,1.0
Nyaela,1.0
Nyagoa,1.0
Nyahlee,1.0
Nyahri,1.0
Nyaijah,1.0
Nyailah,1.0
Nyaira,1.0
Nyairah,1.0
Nurit,1.0
Nuriah,1.0
Nuria,1.0
Nube,1.0
Novia,1.0
Noviah,1.0
Novice,1.0
Novva,1.0
Nowshin,1.0
Noya,1.0
Nozanin,1.0
Nozomi,1.0
Nseya,1.0
Nsombi,1.0
Nuala,1.0
Nuam,1.0
Nubia,1.0
Nureen,1.0
Nubian,1.0
Nuha,1.0
Nuhamin,1.0
Nuna,1.0
Nunzia,1.0
Nunziata,1.0
Nuoyi,1.0
Nupur,1.0
Nura,1.0
Nurah,1.0
Nuran,1.0
Nuray,1.0
Nylae,1.0
Nylah,1.0
Nylahh,1.0
Oksanna,1.0
Oesha,1.0
Ofilia,1.0
Ofri,1.0
Ogechi,1.0
Oghenemine,1.0
Ogheneruona,1.0
Oghosa,1.0
Ogochukwu,1.0
Ogreta,1.0
Ohana,1.0
Ohanna,1.0
Ohemaa,1.0
Oisha,1.0
Ojasvi,1.0
Ojaswi,1.0
Ojetta,1.0
Ok,1.0
Oka,1.0
Okairy,1.0
Okal,1.0
Okalani,1.0
Okeema,1.0
Okeima,1.0
Okema,1.0
Okemia,1.0
Okima,1.0
Oklahoma,1.0
Oella,1.0
Odra,1.0
Odina,1.0
Odessey,1.0
Odali,1.0
Odaliz,1.0
Odaly,1.0
Odalys,1.0
Odalyz,1.0
Odeal,1.0
Odelia,1.0
Odella,1.0
Odelya,1.0
Odena,1.0
Odesa,1.0
Odesser,1.0
Odessia,1.0
Odilia,1.0
Odessie,1.0
Odester,1.0
Odesza,1.0
Odet,1.0
Odete,1.0
Odeth,1.0
Odett,1.0
Odetta,1.0
Odette,1.0
Odeya,1.0
Odila,1.0
Odile,1.0
Oksana,1.0
Oktavia,1.0
Nylai,1.0
Oktober,1.0
Olesia,1.0
Olesya,1.0
Oleta,1.0
Oletha,1.0
Olethea,1.0
Olethia,1.0
Oletta,1.0
Oleva,1.0
Olevia,1.0
Olexa,1.0
Olexus,1.0
Olgia,1.0
Olgie,1.0
Olha,1.0
Olia,1.0
Oliana,1.0
Olianna,1.0
Olibia,1.0
Olicia,1.0
Olida,1.0
Olimpia,1.0
Olina,1.0
Olinda,1.0
Oline,1.0
Olinka,1.0
Olisa,1.0
Olisha,1.0
Olesha,1.0
Oler,1.0
Olenna,1.0
Olanna,1.0
Olabisi,1.0
Olachi,1.0
Oladis,1.0
Olaedo,1.0
Olah,1.0
Olaia,1.0
Olaiya,1.0
Olajumoke,1.0
Olalla,1.0
Olamae,1.0
Olana,1.0
Olani,1.0
Olar,1.0
Olene,1.0
Olatokunbo,1.0
Olaya,1.0
Olea,1.0
Oleane,1.0
Oleatha,1.0
Oleavia,1.0
Oleda,1.0
Oleen,1.0
Oleeta,1.0
Oleita,1.0
Olema,1.0
Olena,1.0
Octivia,1.0
Octayvia,1.0
Octavya,1.0
Octavie,1.0
Nynaeve,1.0
Nyoami,1.0
Nyobi,1.0
Nyoka,1.0
Nyoki,1.0
Nyome,1.0
Nyomee,1.0
Nyomi,1.0
Nyomie,1.0
Nyomii,1.0
Nyona,1.0
Nyoni,1.0
Nyonna,1.0
Nyori,1.0
Nyosha,1.0
Nyota,1.0
Nyquasha,1.0
Nyquasia,1.0
Nyra,1.0
Nyraa,1.0
Nyrah,1.0
Nyrareddy,1.0
Nyri,1.0
Nyria,1.0
Nyriah,1.0
Nyrissa,1.0
Nyrobi,1.0
Nyna,1.0
Nymira,1.0
Nymeria,1.0
Nyleen,1.0
Nylaiah,1.0
Nylajah,1.0
Nylamae,1.0
Nylani,1.0
Nylanii,1.0
Nylarose,1.0
Nylasia,1.0
Nylaya,1.0
Nylayah,1.0
Nylea,1.0
Nyleah,1.0
Nylee,1.0
Nylei,1.0
Nylynn,1.0
Nyleia,1.0
Nyleigh,1.0
Nylene,1.0
Nyleve,1.0
Nylia,1.0
Nyliah,1.0
Nylie,1.0
Nyliyah,1.0
Nylla,1.0
Nyllah,1.0
Nyloni,1.0
Nylyn,1.0
Nysa,1.0
Nysha,1.0
Nyshae,1.0
Ocea,1.0
Oanh,1.0
Oatha,1.0
Obdulia,1.0
Obeda,1.0
Obehi,1.0
Obelia,1.0
Obera,1.0
Oberia,1.0
Oberta,1.0
Obianuju,1.0
Oca,1.0
Occie,1.0
Oceal,1.0
Oaklynne,1.0
Oceana,1.0
Oceania,1.0
Oceanna,1.0
Ocelia,1.0
Ocella,1.0
Oceola,1.0
Ocey,1.0
Ocia,1.0
Octa,1.0
Octava,1.0
Octaviah,1.0
Octaviana,1.0
Oana,1.0
Oaklinn,1.0
Nyshay,1.0
Nyveah,1.0
Nyshea,1.0
Nyshia,1.0
Nysia,1.0
Nyssa,1.0
Nytasha,1.0
Nytasia,1.0
Nyteria,1.0
Nytia,1.0
Nytisha,1.0
Nyuri,1.0
Nyvaeh,1.0
Nyvea,1.0
Nyvia,1.0
Oakliegh,1.0
Nyxie,1.0
Nyya,1.0
Nyza,1.0
Nyzeria,1.0
Nyzeth,1.0
Nzinga,1.0
Nzingha,1.0
Nzuri,1.0
Oaklea,1.0
Oaklei,1.0
Oakleymae,1.0
Oakli,1.0
Noshin,1.0
Nosheen,1.0
Nory,1.0
Nishma,1.0
Nirah,1.0
Nirali,1.0
Niralya,1.0
Niranjana,1.0
Niree,1.0
Nirgun,1.0
Niria,1.0
Niriah,1.0
Niriyah,1.0
Nirja,1.0
Nirmala,1.0
Nirmeen,1.0
Nirobi,1.0
Nirva,1.0
Nirvi,1.0
Nirvika,1.0
Nisa,1.0
Nisaa,1.0
Nisha,1.0
Nishat,1.0
Nishay,1.0
Nishelle,1.0
Nishi,1.0
Nishia,1.0
Nishika,1.0
Nishita,1.0
Nishitha,1.0
Niquita,1.0
Niquisha,1.0
Niquel,1.0
Ninoshka,1.0
Nineveh,1.0
Ninfa,1.0
Ning,1.0
Nini,1.0
Ninia,1.0
Niniola,1.0
Ninive,1.0
Ninja,1.0
Ninna,1.0
Ninnette,1.0
Ninnie,1.0
Ninon,1.0
Ninoska,1.0
Niosha,1.0
Ninotchka,1.0
Ninti,1.0
Niobe,1.0
Niobi,1.0
Nioka,1.0
Niola,1.0
Nioma,1.0
Niome,1.0
Niomi,1.0
Niomie,1.0
Nior,1.0
Niori,1.0
Nishka,1.0
Nishta,1.0
Nixyn,1.0
Nishtha,1.0
Niurca,1.0
Niurka,1.0
Niva,1.0
Nivaeh,1.0
Nivaya,1.0
Nivayah,1.0
Nivea,1.0
Niveah,1.0
Nivedha,1.0
Nivedita,1.0
Niveditha,1.0
Niveen,1.0
Nivetha,1.0
Niveya,1.0
Niveyah,1.0
Nivi,1.0
Nivia,1.0
Niviah,1.0
Nivika,1.0
Nivira,1.0
Nivisha,1.0
Nivrithi,1.0
Nivriti,1.0
Nixaliz,1.0
Nixi,1.0
Nixie,1.0
Nixmary,1.0
Nitzy,1.0
Nitzia,1.0
Nitza,1.0
Nitasha,1.0
Nishvika,1.0
Nisi,1.0
Nisma,1.0
Nisreen,1.0
Nissa,1.0
Nissah,1.0
Nissi,1.0
Nissie,1.0
Nissy,1.0
Nita,1.0
Nitalia,1.0
Nitara,1.0
Nitaya,1.0
Nittaya,1.0
Nithara,1.0
Nithika,1.0
Nithila,1.0
Nithya,1.0
Niti,1.0
Nitika,1.0
Nitiksha,1.0
Nitisha,1.0
Nitosha,1.0
Nitoya,1.0
Nitra,1.0
Nitsa,1.0
Ninette,1.0
Ninetta,1.0
Nineth,1.0
Ninel,1.0
Nikiyah,1.0
Nikka,1.0
Nikkea,1.0
Nikkei,1.0
Nikkeya,1.0
Nikkiah,1.0
Nikkie,1.0
Nikkii,1.0
Nikkisha,1.0
Nikkita,1.0
Nikkitta,1.0
Nikkiya,1.0
Nikkol,1.0
Nikkole,1.0
Nikkolette,1.0
Nikky,1.0
Nikohl,1.0
Nikol,1.0
Nikole,1.0
Nikoleta,1.0
Nikolett,1.0
Nikoletta,1.0
Nikolette,1.0
Nikolija,1.0
Nikolina,1.0
Nikolle,1.0
Nikoma,1.0
Nikiya,1.0
Nikitta,1.0
Nikitra,1.0
Nikhita,1.0
Nikera,1.0
Nikeria,1.0
Nikerria,1.0
Nikesha,1.0
Nikeshia,1.0
Niketa,1.0
Niketta,1.0
Nikeya,1.0
Nikeyia,1.0
Nikhaule,1.0
Nikhia,1.0
Nikhila,1.0
Nikiah,1.0
Nikitia,1.0
Nikida,1.0
Nikie,1.0
Nikiea,1.0
Nikiesha,1.0
Nikiki,1.0
Nikila,1.0
Nikima,1.0
Nikina,1.0
Nikira,1.0
Nikisha,1.0
Nikishia,1.0
Nikitha,1.0
Nikte,1.0
Nikya,1.0
Nikyah,1.0
Nimra,1.0
Nilynn,1.0
Nilza,1.0
Nimah,1.0
Nimani,1.0
Nimar,1.0
Nimari,1.0
Nimat,1.0
Nimco,1.0
Nimerah,1.0
Nimisha,1.0
Nimmy,1.0
Nimo,1.0
Nimrah,1.0
Nilyn,1.0
Nimrat,1.0
Nimrit,1.0
Nimsi,1.0
Nimsy,1.0
Nimue,1.0
Nin,1.0
Ninabelle,1.0
Ninah,1.0
Ninamarie,1.0
Ninarose,1.0
Ninasimone,1.0
Nincy,1.0
Nilyne,1.0
Nilufer,1.0
Nikyia,1.0
Nilda,1.0
Nikyla,1.0
Nikylah,1.0
Nikyra,1.0
Nikyta,1.0
Nila,1.0
Nilah,1.0
Nilaja,1.0
Nilajah,1.0
Nilam,1.0
Nilani,1.0
Nilaya,1.0
Nilayah,1.0
Nileah,1.0
Nilufar,1.0
Nilene,1.0
Niley,1.0
Nili,1.0
Niliyah,1.0
Nilka,1.0
Nilla,1.0
Nillie,1.0
Nilofar,1.0
Niloofar,1.0
Nilou,1.0
Niloufar,1.0
Nilsa,1.0
Nixola,1.0
Nixzaliz,1.0
Norvis,1.0
Norelis,1.0
Noraida,1.0
Norajane,1.0
Norajean,1.0
Norakate,1.0
Noralba,1.0
Noralee,1.0
Noraleigh,1.0
Noralie,1.0
Noralva,1.0
Noralyn,1.0
Noralynn,1.0
Noramae,1.0
Noran,1.0
Norann,1.0
Noranne,1.0
Norarose,1.0
Norberta,1.0
Norda,1.0
Norea,1.0
Norean,1.0
Noreda,1.0
Noree,1.0
Noreen,1.0
Noreene,1.0
Noreeta,1.0
Noreita,1.0
Noreli,1.0
Noragrace,1.0
Norabelle,1.0
Noraa,1.0
Noora,1.0
Nonah,1.0
Nonda,1.0
Nondas,1.0
Nondus,1.0
Noni,1.0
Nonia,1.0
Nonie,1.0
Nonna,1.0
Nonnie,1.0
Nonya,1.0
Noomi,1.0
Noon,1.0
Noorah,1.0
Noorulain,1.0
Noorain,1.0
Nooran,1.0
Nooreen,1.0
Nooreh,1.0
Noorhan,1.0
Noori,1.0
Nooria,1.0
Noorie,1.0
Nooriya,1.0
Nooriyah,1.0
Noorjahan,1.0
Noorseen,1.0
Norelia,1.0
Norelle,1.0
Niya,1.0
Norely,1.0
Normagene,1.0
Normajean,1.0
Normalea,1.0
Normalee,1.0
Normalinda,1.0
Normandie,1.0
Normandy,1.0
Normia,1.0
Normie,1.0
Norna,1.0
Norra,1.0
Norrah,1.0
Norreen,1.0
Norrene,1.0
Norreta,1.0
Norretta,1.0
Norri,1.0
Norrie,1.0
Norrine,1.0
Norrisa,1.0
Norrita,1.0
Norseen,1.0
Northa,1.0
Norva,1.0
Norvella,1.0
Norvie,1.0
Norvina,1.0
Normaa,1.0
Norlishia,1.0
Norlisha,1.0
Norielle,1.0
Norelys,1.0
Norena,1.0
Norene,1.0
Noreta,1.0
Noretha,1.0
Noretta,1.0
Norhan,1.0
Noria,1.0
Noriah,1.0
Noriana,1.0
Norianna,1.0
Noriella,1.0
Noriene,1.0
Norlene,1.0
Norietta,1.0
Norii,1.0
Norika,1.0
Noriko,1.0
Norina,1.0
Norine,1.0
Norinne,1.0
Norissa,1.0
Norita,1.0
Noritta,1.0
Noriyah,1.0
Norleen,1.0
Nona,1.0
Nomie,1.0
Nomia,1.0
Nomi,1.0
Nizaraly,1.0
Nizarely,1.0
Nizeria,1.0
Nizhoni,1.0
Nizhonii,1.0
Njeri,1.0
Njideka,1.0
Nkao,1.0
Nkara,1.0
Nkauj,1.0
Nkayla,1.0
Nkechi,1.0
Nkechinyere,1.0
Nkem,1.0
Nkemdilim,1.0
Nkenge,1.0
Nkiru,1.0
Nkiruka,1.0
Nkiya,1.0
Nkiyah,1.0
Nmachi,1.0
Nna,1.0
Nneka,1.0
Nnenna,1.0
Nneoma,1.0
Noalani,1.0
Noami,1.0
Niza,1.0
Niyyah,1.0
Niyori,1.0
Niyasia,1.0
Niyae,1.0
Niyah,1.0
Niyahlee,1.0
Niyahna,1.0
Niyairi,1.0
Niyamat,1.0
Niyana,1.0
Niyanah,1.0
Niyani,1.0
Niyanna,1.0
Niyara,1.0
Niyari,1.0
Niyat,1.0
Niyonna,1.0
Niyathi,1.0
Niyati,1.0
Niyeli,1.0
Niyelle,1.0
Niyelli,1.0
Niyema,1.0
Niyia,1.0
Niyla,1.0
Niylah,1.0
Niyoka,1.0
Niyomi,1.0
Niyona,1.0
Nobia,1.0
Nobie,1.0
Nobu,1.0
Nokomis,1.0
Noga,1.0
Nogaye,1.0
Nohealani,1.0
Nohelani,1.0
Noheli,1.0
Nohelia,1.0
Nohelly,1.0
Nohely,1.0
Nohemi,1.0
Nohemy,1.0
Noire,1.0
Nokia,1.0
Nolah,1.0
Noemie,1.0
Nolana,1.0
Nolani,1.0
Nolawit,1.0
Nolda,1.0
Nolee,1.0
Noleen,1.0
Nolene,1.0
Noli,1.0
Nolia,1.0
Nolita,1.0
Nolvia,1.0
Noma,1.0
Noemy,1.0
Noeme,1.0
Nobue,1.0
Noele,1.0
Nobuko,1.0
Nobuye,1.0
Nocole,1.0
Noda,1.0
Nodia,1.0
Nodie,1.0
Nodra,1.0
Noehly,1.0
Noehmi,1.0
Noela,1.0
Noelani,1.0
Noelany,1.0
Noelene,1.0
Noema,1.0
Noeli,1.0
Noelia,1.0
Noelie,1.0
Noelis,1.0
Noeliz,1.0
Noella,1.0
Noelli,1.0
Noellia,1.0
Noellie,1.0
Noelly,1.0
Noely,1.0
Noelya,1.0
Marja,1.0
Marizza,1.0
Ralinda,1.0
Laquaya,1.0
Laporshia,1.0
Laportia,1.0
Lapreal,1.0
Laprecious,1.0
Lapresha,1.0
Lapria,1.0
Lapriel,1.0
Laprincess,1.0
Laprincia,1.0
Laqresha,1.0
Laquail,1.0
Laquaisha,1.0
Laquala,1.0
Laquana,1.0
Laquanda,1.0
Laquandra,1.0
Laquandria,1.0
Laquania,1.0
Laquanna,1.0
Laquanta,1.0
Laquanya,1.0
Laquanza,1.0
Laquasha,1.0
Laquashia,1.0
Laquasia,1.0
Laquata,1.0
Laquatta,1.0
Laporshe,1.0
Laporsha,1.0
Laporschia,1.0
Lanyia,1.0
Lannette,1.0
Lanni,1.0
Lanor,1.0
Lanora,1.0
Lanore,1.0
Lanova,1.0
Lanta,1.0
Lantanya,1.0
Lanvy,1.0
Lanya,1.0
Lanyah,1.0
Lanye,1.0
Lanyiah,1.0
Laporsche,1.0
Lanyjah,1.0
Lanyla,1.0
Lanylah,1.0
Lanyra,1.0
Laoma,1.0
Lapatra,1.0
Lapearl,1.0
Laporcha,1.0
Laporche,1.0
Laporchea,1.0
Laporchia,1.0
Laporscha,1.0
Laquavia,1.0
Laquaysha,1.0
Lannah,1.0
Laqueda,1.0
Laquisa,1.0
Laquise,1.0
Laquisha,1.0
Laquishia,1.0
Laquista,1.0
Laquita,1.0
Laquite,1.0
Laquitha,1.0
Laquitia,1.0
Laquitta,1.0
Laqunda,1.0
Laqundra,1.0
Laqunita,1.0
Laquoia,1.0
Laquonda,1.0
Laqusha,1.0
Laqwanda,1.0
Larae,1.0
Laraea,1.0
Larah,1.0
Larai,1.0
Laraia,1.0
Laraib,1.0
Larain,1.0
Laraina,1.0
Laraine,1.0
Larajean,1.0
Laquinthia,1.0
Laquinda,1.0
Laquincia,1.0
Laquesta,1.0
Laqueen,1.0
Laqueena,1.0
Laqueeta,1.0
Laqueisha,1.0
Laqueita,1.0
Laquel,1.0
Laquela,1.0
Laquella,1.0
Laquenda,1.0
Laquenta,1.0
Laquesha,1.0
Laqueshia,1.0
Laqueta,1.0
Laquina,1.0
Laquetha,1.0
Laquetta,1.0
Laquette,1.0
Laquia,1.0
Laquicha,1.0
Laquida,1.0
Laquiesha,1.0
Laquieta,1.0
Laquietta,1.0
Laquil,1.0
Laquila,1.0
Laquilla,1.0
Lannetta,1.0
Lanna,1.0
Lamoria,1.0
Laneesha,1.0
Lanautica,1.0
Lanavia,1.0
Lanay,1.0
Lanaya,1.0
Lanayah,1.0
Lanaye,1.0
Lanayia,1.0
Lanayja,1.0
Lanaysha,1.0
Lanayshia,1.0
Lanaysia,1.0
Lanazia,1.0
Landa,1.0
Landee,1.0
Landi,1.0
Landra,1.0
Landrea,1.0
Landreigh,1.0
Landria,1.0
Landrie,1.0
Lanea,1.0
Laneah,1.0
Lanease,1.0
Lanece,1.0
Lanecia,1.0
Lanedra,1.0
Lanee,1.0
Lanasia,1.0
Lanashia,1.0
Lanasha,1.0
Lanah,1.0
Lamya,1.0
Lamyah,1.0
Lamyia,1.0
Lamyiah,1.0
Lamyla,1.0
Lamyra,1.0
Lamyrah,1.0
Lanadia,1.0
Lanae,1.0
Lanaea,1.0
Lanaeh,1.0
Lanaeya,1.0
Lanai,1.0
Lanarose,1.0
Lanaia,1.0
Lanaija,1.0
Lanaijah,1.0
Lanaisha,1.0
Lanaiya,1.0
Lanaiyah,1.0
Lanaja,1.0
Lanajah,1.0
Lanajia,1.0
Lanamae,1.0
Lananh,1.0
Lanaria,1.0
Laneeka,1.0
Laneice,1.0
Laniylah,1.0
Laneigh,1.0
Lanica,1.0
Lanice,1.0
Lanicia,1.0
Lanicka,1.0
Laniece,1.0
Laniee,1.0
Laniesha,1.0
Lanieya,1.0
Lanija,1.0
Lanijah,1.0
Lanika,1.0
Lanikai,1.0
Lanikki,1.0
Lanina,1.0
Laniqua,1.0
Lanique,1.0
Lanisa,1.0
Lanise,1.0
Lanisha,1.0
Lanishia,1.0
Lanissa,1.0
Lanita,1.0
Lanitra,1.0
Laniya,1.0
Laniyah,1.0
Laniyha,1.0
Laniyia,1.0
Laniaya,1.0
Laniakea,1.0
Laniah,1.0
Lanese,1.0
Laneika,1.0
Laneise,1.0
Laneisha,1.0
Laneita,1.0
Laneka,1.0
Lanekia,1.0
Lanelda,1.0
Lanelle,1.0
Lanena,1.0
Lanequa,1.0
Lanequia,1.0
Lanesa,1.0
Lanesha,1.0
Lania,1.0
Laneshia,1.0
Lanesia,1.0
Lanessa,1.0
Lanet,1.0
Laneta,1.0
Lanetra,1.0
Lanett,1.0
Lanetta,1.0
Lanette,1.0
Laneva,1.0
Laneya,1.0
Laneyah,1.0
Laralee,1.0
Laralyn,1.0
Laramee,1.0
Lashena,1.0
Lashawanda,1.0
Lashawda,1.0
Lashawna,1.0
Lashawnda,1.0
Lashawndra,1.0
Lashawne,1.0
Lashawnna,1.0
Lashawnta,1.0
Lashaya,1.0
Lashaye,1.0
Lashayla,1.0
Lashayna,1.0
Lashe,1.0
Lashea,1.0
Lasheba,1.0
Lasheen,1.0
Lasheena,1.0
Lasheia,1.0
Lasheika,1.0
Lasheila,1.0
Lasheka,1.0
Lashekia,1.0
Lashel,1.0
Lashelia,1.0
Lashell,1.0
Lashella,1.0
Lashelle,1.0
Lashavia,1.0
Lashaunti,1.0
Lashaunte,1.0
Lashara,1.0
Lashandra,1.0
Lashandria,1.0
Lashanette,1.0
Lashanique,1.0
Lashann,1.0
Lashanna,1.0
Lashannon,1.0
Lashanta,1.0
Lashante,1.0
Lashanti,1.0
Lashanya,1.0
Lashaon,1.0
Lasharee,1.0
Lashaunta,1.0
Lashari,1.0
Lasharia,1.0
Lasharn,1.0
Lasharon,1.0
Lasharra,1.0
Lashasta,1.0
Lashauna,1.0
Lashaunda,1.0
Lashaundra,1.0
Lashaundria,1.0
Lashaune,1.0
Lashaunna,1.0
Lashema,1.0
Lashenda,1.0
Laranda,1.0
Lashenna,1.0
Lashowna,1.0
Lashuna,1.0
Lashunda,1.0
Lashundia,1.0
Lashundra,1.0
Lashundria,1.0
Lashune,1.0
Lashunna,1.0
Lashunta,1.0
Lashunti,1.0
Lashunya,1.0
Lashurn,1.0
Lashya,1.0
Lashyia,1.0
Lashyra,1.0
Lasia,1.0
Lasiya,1.0
Lasiyah,1.0
Lasonda,1.0
Lasondra,1.0
Lasonia,1.0
Lasonja,1.0
Lasonya,1.0
Lassandra,1.0
Lassie,1.0
Lastacia,1.0
Lastar,1.0
Lashown,1.0
Lashounda,1.0
Lashonya,1.0
Lashiya,1.0
Lashera,1.0
Lasherrie,1.0
Lasheryl,1.0
Lasheta,1.0
Lashey,1.0
Lashia,1.0
Lashica,1.0
Lashieka,1.0
Lashika,1.0
Lashina,1.0
Lashinda,1.0
Lashira,1.0
Lashiyah,1.0
Lashonte,1.0
Lashley,1.0
Lashona,1.0
Lashond,1.0
Lashonda,1.0
Lashondia,1.0
Lashondra,1.0
Lashondria,1.0
Lashonia,1.0
Lashonn,1.0
Lashonna,1.0
Lashonne,1.0
Lashonta,1.0
Lashanda,1.0
Lashanay,1.0
Lashanae,1.0
Lashana,1.0
Lareta,1.0
Laretha,1.0
Laretta,1.0
Lareyna,1.0
Larhea,1.0
Larhonda,1.0
Laria,1.0
Lariah,1.0
Lariana,1.0
Larianna,1.0
Larica,1.0
Larice,1.0
Laricia,1.0
Laricka,1.0
Lariel,1.0
Lariesha,1.0
Larika,1.0
Larimar,1.0
Larina,1.0
Larinda,1.0
Larine,1.0
Larionna,1.0
Larisa,1.0
Larisha,1.0
Larissa,1.0
Larita,1.0
Laritha,1.0
Laressa,1.0
Lareshia,1.0
Laresha,1.0
Laree,1.0
Larane,1.0
Larasha,1.0
Laraven,1.0
Laraya,1.0
Larayah,1.0
Laraye,1.0
Larayna,1.0
Larayne,1.0
Larcenia,1.0
Larea,1.0
Larean,1.0
Larecia,1.0
Lareen,1.0
Laresa,1.0
Lareena,1.0
Lareesa,1.0
Lareese,1.0
Lareina,1.0
Lareine,1.0
Lareisha,1.0
Lareka,1.0
Larena,1.0
Larencia,1.0
Larenda,1.0
Larene,1.0
Larenza,1.0
Laritza,1.0
Lariya,1.0
Lariyah,1.0
Lasara,1.0
Larua,1.0
Laruen,1.0
Laruth,1.0
Larya,1.0
Laryah,1.0
Laryiah,1.0
Laryn,1.0
Larysa,1.0
Laryssa,1.0
Lasanda,1.0
Lasandra,1.0
Lasanya,1.0
Lasasha,1.0
Lartarsha,1.0
Lasaunda,1.0
Lasaundra,1.0
Lasca,1.0
Lasette,1.0
Lasey,1.0
Lasha,1.0
Lashada,1.0
Lashae,1.0
Lashai,1.0
Lashaina,1.0
Lashala,1.0
Lashalle,1.0
Lartha,1.0
Larsyn,1.0
Lariza,1.0
Larose,1.0
Larizza,1.0
Larke,1.0
Larkyn,1.0
Larkynn,1.0
Larna,1.0
Larnette,1.0
Larnice,1.0
Larona,1.0
Laronda,1.0
Laronica,1.0
Laronna,1.0
Larosa,1.0
Larosha,1.0
Larsa,1.0
Laroya,1.0
Larra,1.0
Larraine,1.0
Larrene,1.0
Larresha,1.0
Larriah,1.0
Larrica,1.0
Larriesha,1.0
Larrine,1.0
Larrisa,1.0
Larrisha,1.0
Larrissa,1.0
Lamoura,1.0
Lamora,1.0
Marizol,1.0
Laiyani,1.0
Lailonni,1.0
Lailonnie,1.0
Laily,1.0
Lailyn,1.0
Lailynn,1.0
Laima,1.0
Laina,1.0
Lainah,1.0
Lainee,1.0
Laineyjo,1.0
Laineymae,1.0
Laini,1.0
Lainie,1.0
Lainley,1.0
Lainy,1.0
Laiona,1.0
Laioni,1.0
Laionna,1.0
Laionni,1.0
Laira,1.0
Lairen,1.0
Lais,1.0
Laisa,1.0
Laisha,1.0
Laissa,1.0
Laiya,1.0
Laiyah,1.0
Lailonie,1.0
Lailoni,1.0
Lailie,1.0
Lailana,1.0
Laighla,1.0
Laighton,1.0
Laihla,1.0
Laika,1.0
Laiklee,1.0
Laikley,1.0
Laiklyn,1.0
Laiklynn,1.0
Lailaa,1.0
Lailah,1.0
Lailahni,1.0
Lailamarie,1.0
Lailanee,1.0
Lailiana,1.0
Lailani,1.0
Lailanie,1.0
Lailanii,1.0
Lailanni,1.0
Lailany,1.0
Lailarose,1.0
Lailee,1.0
Laileen,1.0
Laileigh,1.0
Lailene,1.0
Lailey,1.0
Laili,1.0
Laiyana,1.0
Laiyanna,1.0
Laidyn,1.0
Laiyla,1.0
Lakala,1.0
Lakan,1.0
Lakara,1.0
Lakasha,1.0
Lakashia,1.0
Lakay,1.0
Lakaya,1.0
Lakayla,1.0
Lakaysha,1.0
Lakea,1.0
Lakeah,1.0
Lakeasha,1.0
Lakeashia,1.0
Lakeba,1.0
Lakecha,1.0
Lakechia,1.0
Lakecia,1.0
Lakeda,1.0
Lakedia,1.0
Lakedra,1.0
Lakedria,1.0
Lakeea,1.0
Lakeela,1.0
Lakeema,1.0
Lakeena,1.0
Lakeesha,1.0
Lakeeshia,1.0
Lakaiya,1.0
Lakaisha,1.0
Lakaila,1.0
Lajerrica,1.0
Laiylah,1.0
Laiza,1.0
Lajada,1.0
Lajae,1.0
Lajasmine,1.0
Lajauna,1.0
Lajaya,1.0
Lajayla,1.0
Lajean,1.0
Lajeana,1.0
Lajeanna,1.0
Lajeanne,1.0
Lajessica,1.0
Lakaii,1.0
Lajeune,1.0
Lajla,1.0
Lajoi,1.0
Lajoia,1.0
Lajoy,1.0
Lajoya,1.0
Lajoyce,1.0
Lajuana,1.0
Lajuanda,1.0
Lajuanna,1.0
Lajune,1.0
Lakaia,1.0
Laielle,1.0
Laidy,1.0
Lamonique,1.0
Laella,1.0
Ladine,1.0
Ladislava,1.0
Ladona,1.0
Ladonda,1.0
Ladonia,1.0
Ladonja,1.0
Ladonn,1.0
Ladonna,1.0
Ladonne,1.0
Ladonnia,1.0
Ladonya,1.0
Ladora,1.0
Ladoris,1.0
Ladraya,1.0
Ladrea,1.0
Ladreama,1.0
Ladreka,1.0
Ladrena,1.0
Ladrina,1.0
Lady,1.0
Ladye,1.0
Laeh,1.0
Laeisha,1.0
Laekyn,1.0
Laela,1.0
Laelah,1.0
Laelani,1.0
Ladina,1.0
Ladijah,1.0
Ladie,1.0
Ladejah,1.0
Ladaya,1.0
Ladayja,1.0
Ladaysha,1.0
Ladaysia,1.0
Ladazia,1.0
Ladeana,1.0
Ladeane,1.0
Ladeanna,1.0
Ladedra,1.0
Ladeidra,1.0
Ladeidre,1.0
Ladeja,1.0
Ladelle,1.0
Ladiamond,1.0
Ladema,1.0
Ladena,1.0
Ladene,1.0
Ladenna,1.0
Laderrica,1.0
Laderricka,1.0
Ladesha,1.0
Ladessa,1.0
Ladestiny,1.0
Ladetra,1.0
Ladi,1.0
Ladia,1.0
Laelia,1.0
Laelle,1.0
Laida,1.0
Laeloni,1.0
Lagretta,1.0
Laguana,1.0
Laguanda,1.0
Laguisha,1.0
Laguita,1.0
Laguna,1.0
Lah,1.0
Lahana,1.0
Lahari,1.0
Lahela,1.0
Lahia,1.0
Lahla,1.0
Lahlani,1.0
Lahna,1.0
Lahni,1.0
Lahoma,1.0
Lahonda,1.0
Laia,1.0
Laiah,1.0
Laiana,1.0
Laiani,1.0
Laianna,1.0
Laiba,1.0
Laibah,1.0
Laicee,1.0
Laicey,1.0
Laici,1.0
Lagreta,1.0
Lagina,1.0
Lagertha,1.0
Lafaye,1.0
Laelyn,1.0
Laelynn,1.0
Laena,1.0
Laerica,1.0
Laesha,1.0
Laetitia,1.0
Laeuna,1.0
Laeyah,1.0
Lafarrah,1.0
Lafaun,1.0
Lafawn,1.0
Lafay,1.0
Lafern,1.0
Lagenia,1.0
Laferne,1.0
Lafonda,1.0
Lafondra,1.0
Lafonya,1.0
Lafoya,1.0
Lafran,1.0
Lafrances,1.0
Lafrancine,1.0
Lafreda,1.0
Lagail,1.0
Lagatha,1.0
Lagena,1.0
Lakeeta,1.0
Lakeetha,1.0
Lakeeva,1.0
Lallie,1.0
Lalainia,1.0
Lalana,1.0
Lalani,1.0
Lalania,1.0
Lalanya,1.0
Lalar,1.0
Lale,1.0
Laleah,1.0
Laleh,1.0
Lalelei,1.0
Lalena,1.0
Lalenia,1.0
Laleta,1.0
Lali,1.0
Lalia,1.0
Laliah,1.0
Laliana,1.0
Lalicia,1.0
Lalie,1.0
Lalinda,1.0
Laline,1.0
Lalisa,1.0
Lalisha,1.0
Lalita,1.0
Lalitha,1.0
Laliyah,1.0
Lalla,1.0
Lalaine,1.0
Lalaina,1.0
Lalah,1.0
Laksmi,1.0
Lakreisha,1.0
Lakresha,1.0
Lakreshia,1.0
Lakrisha,1.0
Lakrista,1.0
Lakrystal,1.0
Laksha,1.0
Lakshana,1.0
Lakshita,1.0
Lakshitha,1.0
Lakshmi,1.0
Lakshmy,1.0
Lakwanzaa,1.0
Lala,1.0
Lakya,1.0
Lakyah,1.0
Lakyia,1.0
Lakyla,1.0
Lakyna,1.0
Lakyndra,1.0
Lakynn,1.0
Lakyra,1.0
Lakyrah,1.0
Lakyria,1.0
Lakysha,1.0
Lakyshia,1.0
Lallah,1.0
Laloni,1.0
Lakeeya,1.0
Lalonnie,1.0
Lamera,1.0
Lameria,1.0
Lamerle,1.0
Lamesa,1.0
Lamese,1.0
Lamesha,1.0
Lameshia,1.0
Lametra,1.0
Lametria,1.0
Lametrice,1.0
Lameya,1.0
Lamia,1.0
Lamiah,1.0
Lamica,1.0
Lamija,1.0
Lamika,1.0
Lamira,1.0
Lamiracle,1.0
Lamirah,1.0
Lamirra,1.0
Lamis,1.0
Lamisa,1.0
Lamisha,1.0
Lamiya,1.0
Lamiyah,1.0
Lamona,1.0
Lamonda,1.0
Lamekia,1.0
Lameka,1.0
Lameisha,1.0
Lamariya,1.0
Lama,1.0
Lamae,1.0
Lamaiya,1.0
Lamaiyah,1.0
Lamanda,1.0
Lamara,1.0
Lamarea,1.0
Lamaria,1.0
Lamariah,1.0
Lamariana,1.0
Lamarianna,1.0
Lamarie,1.0
Lamariyah,1.0
Lameika,1.0
Lamarra,1.0
Lamarria,1.0
Lamaya,1.0
Lamayah,1.0
Lamayia,1.0
Lamea,1.0
Lameca,1.0
Lamecca,1.0
Lamecia,1.0
Lameeka,1.0
Lamees,1.0
Lameese,1.0
Lakoya,1.0
Lakotah,1.0
Lakosha,1.0
Laklynn,1.0
Lakenya,1.0
Lakenzi,1.0
Lakenzie,1.0
Lakera,1.0
Lakeria,1.0
Lakerria,1.0
Lakersha,1.0
Lakesa,1.0
Lakesh,1.0
Lakeshea,1.0
Lakeshi,1.0
Lakeshia,1.0
Lakesia,1.0
Lakesiha,1.0
Lakeska,1.0
Lakessa,1.0
Lakessha,1.0
Laketa,1.0
Laketha,1.0
Lakethia,1.0
Laketia,1.0
Laketra,1.0
Laketria,1.0
Laketta,1.0
Lakeva,1.0
Lakevia,1.0
Lakey,1.0
Lakenia,1.0
Lakendria,1.0
Lakendra,1.0
Lakeitra,1.0
Lakeia,1.0
Lakeicha,1.0
Lakeida,1.0
Lakeidra,1.0
Lakeila,1.0
Lakeira,1.0
Lakeisa,1.0
Lakeish,1.0
Lakeishia,1.0
Lakeita,1.0
Lakeitha,1.0
Lakeithia,1.0
Lakeiya,1.0
Lakenda,1.0
Lakela,1.0
Lakelee,1.0
Lakeleigh,1.0
Lakeley,1.0
Lakelia,1.0
Lakelsha,1.0
Lakely,1.0
Lakelynn,1.0
Lakelynne,1.0
Lakema,1.0
Lakemia,1.0
Lakena,1.0
Lakeya,1.0
Lakeyah,1.0
Lakeycha,1.0
Lakista,1.0
Lakinia,1.0
Lakinya,1.0
Lakinzi,1.0
Lakira,1.0
Lakisa,1.0
Lakischa,1.0
Lakish,1.0
Lakishia,1.0
Lakisia,1.0
Lakiska,1.0
Lakissa,1.0
Lakissia,1.0
Lakita,1.0
Lakina,1.0
Lakitha,1.0
Lakitia,1.0
Lakitra,1.0
Lakitsha,1.0
Lakitta,1.0
Lakiva,1.0
Lakiya,1.0
Lakiyah,1.0
Lakizzy,1.0
Lakken,1.0
Lakley,1.0
Laklyn,1.0
Lakindra,1.0
Lakimberly,1.0
Lakeyda,1.0
Lakiara,1.0
Lakeydra,1.0
Lakeyia,1.0
Lakeyla,1.0
Lakeyn,1.0
Lakeysa,1.0
Lakeysha,1.0
Lakeyshia,1.0
Lakeysia,1.0
Lakeyta,1.0
Lakhia,1.0
Lakia,1.0
Lakiah,1.0
Lakiaya,1.0
Lakima,1.0
Lakicha,1.0
Lakicia,1.0
Lakida,1.0
Lakie,1.0
Lakiea,1.0
Lakiera,1.0
Lakiesha,1.0
Lakieshia,1.0
Lakieta,1.0
Lakietha,1.0
Lakika,1.0
Lakila,1.0
Lastarr,1.0
Lastasha,1.0
Lastasia,1.0
Leanza,1.0
Lealia,1.0
Lealo,1.0
Lealynn,1.0
Leamarie,1.0
Leamber,1.0
Leamsi,1.0
Leana,1.0
Leanah,1.0
Leanda,1.0
Leandria,1.0
Leane,1.0
Leaner,1.0
Leanetta,1.0
Leanette,1.0
Leangela,1.0
Leani,1.0
Leanie,1.0
Leannah,1.0
Leanndra,1.0
Leanne,1.0
Leanner,1.0
Leanni,1.0
Leannie,1.0
Leanny,1.0
Leanor,1.0
Leanora,1.0
Leanore,1.0
Lealer,1.0
Lealani,1.0
Lealah,1.0
Leahgrace,1.0
Leacy,1.0
Leada,1.0
Leady,1.0
Leaetta,1.0
Leafa,1.0
Leafie,1.0
Leafy,1.0
Leagh,1.0
Leaha,1.0
Leahana,1.0
Leahann,1.0
Leahanna,1.0
Leahla,1.0
Leala,1.0
Leahmarie,1.0
Leahna,1.0
Leahni,1.0
Leahnna,1.0
Leahny,1.0
Leahrae,1.0
Leahrose,1.0
Leaira,1.0
Leairah,1.0
Leaisha,1.0
Leaja,1.0
Leajah,1.0
Leany,1.0
Leara,1.0
Leabella,1.0
Learah,1.0
Leba,1.0
Leberta,1.0
Lebrea,1.0
Lebria,1.0
Leca,1.0
Lechelle,1.0
Lechia,1.0
Lecia,1.0
Lecie,1.0
Lecole,1.0
Lecresha,1.0
Lecretia,1.0
Lecta,1.0
Lector,1.0
Lectoria,1.0
Lecy,1.0
Leda,1.0
Ledawn,1.0
Leddi,1.0
Leddie,1.0
Leddy,1.0
Ledeja,1.0
Ledia,1.0
Ledonia,1.0
Ledonna,1.0
Ledora,1.0
Ledra,1.0
Leaysia,1.0
Leayla,1.0
Leayah,1.0
Leatha,1.0
Learlean,1.0
Learlene,1.0
Learline,1.0
Learta,1.0
Leasa,1.0
Leaser,1.0
Leasha,1.0
Leashia,1.0
Leasia,1.0
Leasie,1.0
Leata,1.0
Leath,1.0
Leathe,1.0
Leaya,1.0
Leathea,1.0
Leather,1.0
Leathia,1.0
Leathie,1.0
Leathy,1.0
Leatrice,1.0
Leatricia,1.0
Leatta,1.0
Leauna,1.0
Leaundra,1.0
Leaunna,1.0
Leavie,1.0
Leabeth,1.0
Leaanne,1.0
Lasunda,1.0
Laylee,1.0
Laycie,1.0
Layelle,1.0
Layeska,1.0
Layia,1.0
Layiah,1.0
Layklen,1.0
Layklyn,1.0
Layklynn,1.0
Laykn,1.0
Laykyn,1.0
Laylaa,1.0
Laylaann,1.0
Laylagrace,1.0
Laylah,1.0
Laylahni,1.0
Laylamae,1.0
Laylamarie,1.0
Laylana,1.0
Laylanee,1.0
Laylani,1.0
Laylanie,1.0
Laylanii,1.0
Laylanna,1.0
Laylanni,1.0
Laylannie,1.0
Laylany,1.0
Laylarae,1.0
Layci,1.0
Laycee,1.0
Layce,1.0
Layah,1.0
Lawona,1.0
Lawonda,1.0
Lawonna,1.0
Lawra,1.0
Lawrencia,1.0
Lawrie,1.0
Lawryn,1.0
Laxmi,1.0
Laxmy,1.0
Laya,1.0
Layaal,1.0
Layaan,1.0
Layahna,1.0
Layanni,1.0
Layahni,1.0
Layal,1.0
Layali,1.0
Layan,1.0
Layana,1.0
Layanah,1.0
Layane,1.0
Layani,1.0
Layanie,1.0
Layann,1.0
Layanna,1.0
Layanne,1.0
Laylarose,1.0
Layleen,1.0
Leaann,1.0
Layleigh,1.0
Layra,1.0
Laysa,1.0
Laysha,1.0
Layssa,1.0
Laytona,1.0
Laytonya,1.0
Laytoya,1.0
Layvani,1.0
Layvonne,1.0
Layza,1.0
Lazandra,1.0
Lazara,1.0
Lazaria,1.0
Lazariah,1.0
Lazariya,1.0
Lazariyah,1.0
Lazarria,1.0
Lazaya,1.0
Lazayah,1.0
Lazelle,1.0
Lazetta,1.0
Lazette,1.0
Lazhane,1.0
Laziah,1.0
Laziya,1.0
Laziyah,1.0
Lazuli,1.0
Layoya,1.0
Layota,1.0
Layonni,1.0
Laylonni,1.0
Laylene,1.0
Layli,1.0
Laylia,1.0
Layliah,1.0
Layliana,1.0
Laylianna,1.0
Laylie,1.0
Laylin,1.0
Laylina,1.0
Laylla,1.0
Layloni,1.0
Laylonie,1.0
Laylonnie,1.0
Layonna,1.0
Laylyn,1.0
Laylynn,1.0
Layna,1.0
Laynah,1.0
Laynee,1.0
Laynette,1.0
Layney,1.0
Layni,1.0
Laynie,1.0
Layomie,1.0
Layona,1.0
Layoni,1.0
Leea,1.0
Leeah,1.0
Leeaira,1.0
Lekayla,1.0
Leiny,1.0
Leiona,1.0
Leioni,1.0
Leionna,1.0
Leira,1.0
Leire,1.0
Leisa,1.0
Leise,1.0
Leisel,1.0
Leisha,1.0
Leishla,1.0
Leisl,1.0
Leisly,1.0
Leissa,1.0
Leisy,1.0
Leita,1.0
Leitha,1.0
Leiya,1.0
Leiyah,1.0
Leiyana,1.0
Leiyani,1.0
Leiyanna,1.0
Leiyla,1.0
Leiza,1.0
Leizel,1.0
Leja,1.0
Lejla,1.0
Leini,1.0
Leinani,1.0
Leinaala,1.0
Leiliana,1.0
Leilanni,1.0
Leilannie,1.0
Leilanny,1.0
Leilany,1.0
Leilanys,1.0
Leilarose,1.0
Leilauni,1.0
Leileen,1.0
Leilena,1.0
Leilene,1.0
Leili,1.0
Leilia,1.0
Leiliani,1.0
Leina,1.0
Leilianna,1.0
Leiliany,1.0
Leilianys,1.0
Leilla,1.0
Leiloni,1.0
Leilonie,1.0
Leilonnie,1.0
Leiluna,1.0
Leily,1.0
Leilyn,1.0
Leilynn,1.0
Leimomi,1.0
Lejoyce,1.0
Lekecia,1.0
Leean,1.0
Lekedia,1.0
Lelanie,1.0
Lelanya,1.0
Lelar,1.0
Lelea,1.0
Leler,1.0
Lelia,1.0
Leliana,1.0
Leliani,1.0
Lelianna,1.0
Lelie,1.0
Lelita,1.0
Lella,1.0
Leller,1.0
Lellie,1.0
Leloni,1.0
Lelsie,1.0
Lelu,1.0
Lema,1.0
Lemaya,1.0
Lemi,1.0
Lemia,1.0
Lemisha,1.0
Lemma,1.0
Lemonica,1.0
Lempi,1.0
Lemya,1.0
Lenabelle,1.0
Lelania,1.0
Lelani,1.0
Lelandra,1.0
Lekevia,1.0
Lekeesha,1.0
Lekeia,1.0
Lekeisha,1.0
Lekeitha,1.0
Lekendra,1.0
Lekenya,1.0
Lekesha,1.0
Lekeshia,1.0
Lekesia,1.0
Leketa,1.0
Leketha,1.0
Lekethia,1.0
Lekeya,1.0
Lelana,1.0
Lekeysha,1.0
Lekha,1.0
Lekia,1.0
Lekiesha,1.0
Lekisa,1.0
Lekisha,1.0
Lekishia,1.0
Lekita,1.0
Leksi,1.0
Lelah,1.0
Lelaina,1.0
Lelamae,1.0
Leilanis,1.0
Leilanirose,1.0
Leilanii,1.0
Leilanie,1.0
Leeola,1.0
Leeoma,1.0
Leeona,1.0
Leeonna,1.0
Leera,1.0
Leesa,1.0
Leesha,1.0
Leesly,1.0
Leester,1.0
Leeta,1.0
Leetal,1.0
Leetha,1.0
Leetta,1.0
Leeya,1.0
Leeyah,1.0
Leeyana,1.0
Leeza,1.0
Lefa,1.0
Legacey,1.0
Legaciee,1.0
Legacii,1.0
Legina,1.0
Legna,1.0
Leha,1.0
Lehana,1.0
Lehani,1.0
Lehanna,1.0
Leenora,1.0
Leenah,1.0
Leena,1.0
Leeba,1.0
Leeana,1.0
Leeanah,1.0
Leeandra,1.0
Leeandrea,1.0
Leeani,1.0
Leeann,1.0
Leeanna,1.0
Leeannah,1.0
Leeanne,1.0
Leeara,1.0
Leeasia,1.0
Leeat,1.0
Leecy,1.0
Leen,1.0
Leeda,1.0
Leeila,1.0
Leela,1.0
Leelah,1.0
Leelani,1.0
Leelee,1.0
Leella,1.0
Leellen,1.0
Leeloo,1.0
Leelou,1.0
Leelu,1.0
Leemarie,1.0
Lehia,1.0
Lehiwa,1.0
Lehla,1.0
Leihana,1.0
Leighanne,1.0
Leighia,1.0
Leighla,1.0
Leighlah,1.0
Leighlani,1.0
Leighlyn,1.0
Leighlynn,1.0
Leighna,1.0
Leighonna,1.0
Leightan,1.0
Leighvi,1.0
Leiha,1.0
Leihla,1.0
Leighann,1.0
Leihlani,1.0
Leika,1.0
Leiko,1.0
Leilaann,1.0
Leilah,1.0
Leilahni,1.0
Leilamae,1.0
Leilamarie,1.0
Leilana,1.0
Leilane,1.0
Leilanee,1.0
Leilaney,1.0
Leighanna,1.0
Leighana,1.0
Lehlani,1.0
Leianna,1.0
Lehna,1.0
Lehua,1.0
Lehuanani,1.0
Leia,1.0
Leiah,1.0
Leiahna,1.0
Leialani,1.0
Leialoha,1.0
Leiana,1.0
Leianah,1.0
Leiani,1.0
Leiann,1.0
Leianne,1.0
Leighan,1.0
Leianni,1.0
Leiara,1.0
Leiasia,1.0
Leiauna,1.0
Leiba,1.0
Leica,1.0
Leicha,1.0
Leicia,1.0
Leida,1.0
Leidi,1.0
Leidy,1.0
Leigha,1.0
Lawna,1.0
Lawhitney,1.0
Lawenda,1.0
Latonja,1.0
Latisa,1.0
Latischa,1.0
Latise,1.0
Latish,1.0
Latishia,1.0
Latisia,1.0
Latissa,1.0
Latissha,1.0
Latissia,1.0
Latissue,1.0
Latita,1.0
Latitia,1.0
Lativa,1.0
Lativia,1.0
Latiya,1.0
Latiyah,1.0
Latocha,1.0
Latoi,1.0
Latoia,1.0
Latoina,1.0
Latoisha,1.0
Latoiya,1.0
Latona,1.0
Latonda,1.0
Latondra,1.0
Latonga,1.0
Latongia,1.0
Latira,1.0
Latiqua,1.0
Lationa,1.0
Latierra,1.0
Latiana,1.0
Latianna,1.0
Latiara,1.0
Latiasha,1.0
Latica,1.0
Latice,1.0
Laticha,1.0
Latichia,1.0
Laticia,1.0
Latiea,1.0
Latieka,1.0
Latiera,1.0
Latiesha,1.0
Latinya,1.0
Latifa,1.0
Latifah,1.0
Latiffa,1.0
Latiffany,1.0
Latifha,1.0
Latifia,1.0
Latigra,1.0
Latijera,1.0
Latika,1.0
Latima,1.0
Latina,1.0
Latinia,1.0
Latoni,1.0
Latonjia,1.0
Latresa,1.0
Latonna,1.0
Latoyo,1.0
Latoyra,1.0
Latoyria,1.0
Latoysha,1.0
Latoyta,1.0
Latoyya,1.0
Latracia,1.0
Latracy,1.0
Latrasha,1.0
Latravia,1.0
Latraya,1.0
Latrea,1.0
Latreace,1.0
Latreasa,1.0
Latrease,1.0
Latreca,1.0
Latrece,1.0
Latrecia,1.0
Latreece,1.0
Latreena,1.0
Latreese,1.0
Latreice,1.0
Latreisha,1.0
Latreka,1.0
Latrena,1.0
Latrenda,1.0
Latrenia,1.0
Latoynia,1.0
Latoyna,1.0
Latoyla,1.0
Latory,1.0
Latonnia,1.0
Latonyia,1.0
Latonza,1.0
Latora,1.0
Latori,1.0
Latoria,1.0
Latorie,1.0
Latorra,1.0
Latorri,1.0
Latorria,1.0
Latorrie,1.0
Latorsha,1.0
Latorya,1.0
Latoyia,1.0
Latosca,1.0
Latoscha,1.0
Latosha,1.0
Latoshia,1.0
Latosia,1.0
Latousha,1.0
Latova,1.0
Latovia,1.0
Latoy,1.0
Latoyah,1.0
Latoye,1.0
Latoyer,1.0
Latiah,1.0
Latia,1.0
Lathisa,1.0
Lathena,1.0
Latara,1.0
Latarah,1.0
Latarcha,1.0
Latari,1.0
Lataria,1.0
Latarisha,1.0
Latarra,1.0
Latarsha,1.0
Latarshia,1.0
Latarsia,1.0
Latarya,1.0
Latascha,1.0
Latash,1.0
Latashi,1.0
Latashia,1.0
Latashua,1.0
Latasia,1.0
Lataska,1.0
Latassha,1.0
Latatia,1.0
Lataunya,1.0
Lataura,1.0
Latausha,1.0
Latavea,1.0
Latavia,1.0
Latawn,1.0
Latawnya,1.0
Latanza,1.0
Latanyia,1.0
Latanja,1.0
Lataiya,1.0
Lasundra,1.0
Lasya,1.0
Lata,1.0
Latacha,1.0
Latachia,1.0
Latacia,1.0
Latae,1.0
Lataesha,1.0
Latai,1.0
Lataija,1.0
Lataisha,1.0
Lataivia,1.0
Lataja,1.0
Latanisha,1.0
Latajah,1.0
Latajia,1.0
Latalia,1.0
Latalya,1.0
Latamara,1.0
Latana,1.0
Latandra,1.0
Latane,1.0
Latanga,1.0
Latangela,1.0
Latangie,1.0
Latania,1.0
Latay,1.0
Lataya,1.0
Latayia,1.0
Laterrica,1.0
Lateka,1.0
Latela,1.0
Latenya,1.0
Latera,1.0
Lateresa,1.0
Laterese,1.0
Lateria,1.0
Laterica,1.0
Latericka,1.0
Laterika,1.0
Laterra,1.0
Laterria,1.0
Laterrika,1.0
Lateika,1.0
Latesa,1.0
Latese,1.0
Latesha,1.0
Lateshia,1.0
Latesia,1.0
Latessa,1.0
Latessia,1.0
Latetia,1.0
Latevia,1.0
Lateya,1.0
Latha,1.0
Lathasha,1.0
Lateisha,1.0
Lateia,1.0
Latayna,1.0
Latece,1.0
Lataysha,1.0
Latayshia,1.0
Lataysia,1.0
Latayvia,1.0
Latazia,1.0
Latea,1.0
Lateafa,1.0
Lateaka,1.0
Lateasa,1.0
Latease,1.0
Lateasha,1.0
Lateashia,1.0
Latecha,1.0
Latefia,1.0
Latechia,1.0
Latecia,1.0
Latedra,1.0
Lateefa,1.0
Lateefah,1.0
Lateeka,1.0
Lateela,1.0
Lateen,1.0
Lateena,1.0
Lateesha,1.0
Latefa,1.0
Latefah,1.0
Latres,1.0
Latrese,1.0
Lawanza,1.0
Laveen,1.0
Lauryne,1.0
Laurynn,1.0
Lauvenia,1.0
Lava,1.0
Lavada,1.0
Lavae,1.0
Lavaeh,1.0
Lavana,1.0
Lavancha,1.0
Lavanda,1.0
Lavani,1.0
Lavania,1.0
Lavanna,1.0
Lavanya,1.0
Lavara,1.0
Lavaria,1.0
Lavasha,1.0
Lavasia,1.0
Lavatrice,1.0
Lavaun,1.0
Lavaune,1.0
Lavay,1.0
Lavaya,1.0
Lavayah,1.0
Laveah,1.0
Laveda,1.0
Lavee,1.0
Lauryl,1.0
Laurrine,1.0
Laurrie,1.0
Laurielle,1.0
Laurey,1.0
Lauria,1.0
Laurian,1.0
Lauriana,1.0
Lauriane,1.0
Lauriann,1.0
Laurianna,1.0
Laurianne,1.0
Laurica,1.0
Laurieann,1.0
Laurieanne,1.0
Lauriel,1.0
Laurietta,1.0
Laurren,1.0
Laurilyn,1.0
Laurina,1.0
Laurinda,1.0
Laurine,1.0
Laurisa,1.0
Laurissa,1.0
Laurita,1.0
Laurn,1.0
Laurna,1.0
Laurne,1.0
Laurnea,1.0
Lauron,1.0
Laveeda,1.0
Lavelda,1.0
Latresha,1.0
Lavella,1.0
Lavinia,1.0
Lavinnia,1.0
Lavisha,1.0
Lavita,1.0
Lavitta,1.0
Lavola,1.0
Lavona,1.0
Lavonda,1.0
Lavonde,1.0
Lavondia,1.0
Lavondra,1.0
Lavonia,1.0
Lavonna,1.0
Lavonnia,1.0
Lavonnie,1.0
Lavonya,1.0
Lavora,1.0
Lavoria,1.0
Lavoyce,1.0
Lavra,1.0
Lavren,1.0
Lavynder,1.0
Lawana,1.0
Lawander,1.0
Lawandra,1.0
Lawanika,1.0
Lawanna,1.0
Lavine,1.0
Lavinda,1.0
Lavina,1.0
Laveryl,1.0
Lavena,1.0
Lavenda,1.0
Lavender,1.0
Lavene,1.0
Lavenia,1.0
Lavenna,1.0
Lavera,1.0
Laverda,1.0
Laveria,1.0
Laverna,1.0
Lavernia,1.0
Laverta,1.0
Lavesha,1.0
Lavilla,1.0
Lavesta,1.0
Laveta,1.0
Lavetra,1.0
Lavett,1.0
Lavetta,1.0
Laveya,1.0
Laveyah,1.0
Lavia,1.0
Laviah,1.0
Lavickie,1.0
Lavida,1.0
Lavila,1.0
Laurette,1.0
Lauretta,1.0
Laurett,1.0
Lauretha,1.0
Latryce,1.0
Latsha,1.0
Latshia,1.0
Latundra,1.0
Latunia,1.0
Latunja,1.0
Latunya,1.0
Latusha,1.0
Latwana,1.0
Latwanda,1.0
Latwanna,1.0
Latya,1.0
Latyia,1.0
Latyna,1.0
Latyra,1.0
Latysha,1.0
Lauana,1.0
Lauda,1.0
Laudan,1.0
Lauire,1.0
Launa,1.0
Launda,1.0
Laundyn,1.0
Launi,1.0
Launia,1.0
Launie,1.0
Laur,1.0
Latroyia,1.0
Latroya,1.0
Latronya,1.0
Latrika,1.0
Latreshia,1.0
Latresia,1.0
Latress,1.0
Latressa,1.0
Latreva,1.0
Latrevia,1.0
Latria,1.0
Latric,1.0
Latrica,1.0
Latricha,1.0
Latricia,1.0
Latriece,1.0
Latrina,1.0
Latronda,1.0
Latrinda,1.0
Latrinia,1.0
Latrinity,1.0
Latris,1.0
Latrisa,1.0
Latrise,1.0
Latrish,1.0
Latrisha,1.0
Latrishia,1.0
Latrissa,1.0
Latrista,1.0
Latrivia,1.0
Lauraann,1.0
Lauraanne,1.0
Lauraashley,1.0
Laurena,1.0
Laurece,1.0
Lauree,1.0
Laureen,1.0
Laurelai,1.0
Laurelee,1.0
Laurelei,1.0
Laureli,1.0
Laurelin,1.0
Laureline,1.0
Laurella,1.0
Laurelle,1.0
Laurelyn,1.0
Laurenann,1.0
Laurean,1.0
Laurenashley,1.0
Laurencia,1.0
Laurenda,1.0
Laurene,1.0
Laurenelizabeth,1.0
Laurenmarie,1.0
Laurenn,1.0
Laurenne,1.0
Laurennicole,1.0
Laurentina,1.0
Laurentine,1.0
Lauressa,1.0
Laureana,1.0
Laurea,1.0
Laurabel,1.0
Lauralea,1.0
Laurabell,1.0
Laurabelle,1.0
Laurabeth,1.0
Laurae,1.0
Lauraelizabeth,1.0
Lauraetta,1.0
Laurah,1.0
Lauraine,1.0
Laurajean,1.0
Laural,1.0
Lauralai,1.0
Laurale,1.0
Lauralee,1.0
Laure,1.0
Lauralei,1.0
Laurali,1.0
Lauralie,1.0
Lauralye,1.0
Lauralyn,1.0
Lauralynn,1.0
Lauramae,1.0
Lauramarie,1.0
Lauran,1.0
Laurana,1.0
Laurann,1.0
Lauranne,1.0
Ladawna,1.0
Ladawn,1.0
Ladavia,1.0
Kimaria,1.0
Kilea,1.0
Kileah,1.0
Kilee,1.0
Kileen,1.0
Kilei,1.0
Kileigh,1.0
Kileyann,1.0
Kilia,1.0
Kilie,1.0
Kiliyah,1.0
Killari,1.0
Killashandra,1.0
Killeen,1.0
Kilolo,1.0
Kiloni,1.0
Kily,1.0
Kima,1.0
Kimaada,1.0
Kimaka,1.0
Kimako,1.0
Kimala,1.0
Kimalee,1.0
Kimana,1.0
Kimanh,1.0
Kimann,1.0
Kimara,1.0
Kimarah,1.0
Kilayah,1.0
Kilani,1.0
Kilana,1.0
Kiirsten,1.0
Kieu,1.0
Kieva,1.0
Kieya,1.0
Kieyana,1.0
Kiffany,1.0
Kiffin,1.0
Kihana,1.0
Kihanna,1.0
Kihara,1.0
Kihlani,1.0
Kiiara,1.0
Kiira,1.0
Kiisha,1.0
Kilah,1.0
Kija,1.0
Kijafa,1.0
Kijah,1.0
Kijuana,1.0
Kika,1.0
Kiku,1.0
Kikue,1.0
Kikuko,1.0
Kikumi,1.0
Kikuye,1.0
Kikuyo,1.0
Kikyo,1.0
Kimaree,1.0
Kimarie,1.0
Kiesha,1.0
Kimarri,1.0
Kimberlynn,1.0
Kimberlyy,1.0
Kimbery,1.0
Kimberyl,1.0
Kimbie,1.0
Kimbla,1.0
Kimbler,1.0
Kimblery,1.0
Kimbley,1.0
Kimbly,1.0
Kimblyn,1.0
Kimbra,1.0
Kimbre,1.0
Kimbree,1.0
Kimbrely,1.0
Kimbria,1.0
Kimbrielle,1.0
Kimbrley,1.0
Kimbrly,1.0
Kimby,1.0
Kimchi,1.0
Kimeka,1.0
Kimeko,1.0
Kimela,1.0
Kimella,1.0
Kimely,1.0
Kimera,1.0
Kimberlyn,1.0
Kimberlye,1.0
Kimberlyanne,1.0
Kimberl,1.0
Kimary,1.0
Kimatha,1.0
Kimauri,1.0
Kimaya,1.0
Kimayah,1.0
Kimba,1.0
Kimbala,1.0
Kimbella,1.0
Kimbelry,1.0
Kimbely,1.0
Kimbereley,1.0
Kimberely,1.0
Kimberla,1.0
Kimberlyann,1.0
Kimberland,1.0
Kimberle,1.0
Kimberlea,1.0
Kimberlee,1.0
Kimberlei,1.0
Kimberleigh,1.0
Kimberli,1.0
Kimberlie,1.0
Kimberlin,1.0
Kimberlina,1.0
Kimberline,1.0
Kimberlly,1.0
Kieshia,1.0
Kiesel,1.0
Kista,1.0
Kiawana,1.0
Kianna,1.0
Kiannah,1.0
Kianne,1.0
Kianni,1.0
Kianny,1.0
Kiansha,1.0
Kianta,1.0
Kianti,1.0
Kiany,1.0
Kiarah,1.0
Kiaralee,1.0
Kiaraliz,1.0
Kiaralyn,1.0
Kiaria,1.0
Kiarie,1.0
Kiarra,1.0
Kiarrah,1.0
Kiarri,1.0
Kiary,1.0
Kiarybel,1.0
Kiasha,1.0
Kiasia,1.0
Kiata,1.0
Kiauna,1.0
Kiaundra,1.0
Kiaunna,1.0
Kiaura,1.0
Kianie,1.0
Kiania,1.0
Kianga,1.0
Kiali,1.0
Kiabeth,1.0
Kiahna,1.0
Kiahnna,1.0
Kiahra,1.0
Kiaira,1.0
Kiairra,1.0
Kiaja,1.0
Kiajah,1.0
Kiala,1.0
Kialani,1.0
Kialee,1.0
Kialey,1.0
Kialie,1.0
Kiane,1.0
Kialyn,1.0
Kiamani,1.0
Kiamara,1.0
Kiamber,1.0
Kiamesha,1.0
Kiami,1.0
Kiamora,1.0
Kianah,1.0
Kianalee,1.0
Kiandra,1.0
Kiandrea,1.0
Kiandria,1.0
Kiava,1.0
Kiawna,1.0
Kiesa,1.0
Kiaya,1.0
Kieli,1.0
Kiella,1.0
Kiely,1.0
Kielynn,1.0
Kienna,1.0
Kieona,1.0
Kieonna,1.0
Kierah,1.0
Kieralyn,1.0
Kieria,1.0
Kieriana,1.0
Kierica,1.0
Kierney,1.0
Kierrah,1.0
Kierria,1.0
Kiersa,1.0
Kiersen,1.0
Kierslyn,1.0
Kiersta,1.0
Kierstan,1.0
Kiersti,1.0
Kierstie,1.0
Kierstin,1.0
Kiersty,1.0
Kierstyn,1.0
Kierstynn,1.0
Kiersyn,1.0
Kieley,1.0
Kieleigh,1.0
Kielee,1.0
Kidata,1.0
Kiayah,1.0
Kiayana,1.0
Kiayanna,1.0
Kiayla,1.0
Kiayra,1.0
Kibbie,1.0
Kibibi,1.0
Kicha,1.0
Kichelle,1.0
Kicia,1.0
Kida,1.0
Kidada,1.0
Kidist,1.0
Kiele,1.0
Kiea,1.0
Kieana,1.0
Kieandra,1.0
Kieanna,1.0
Kieara,1.0
Kiearah,1.0
Kiearra,1.0
Kieasha,1.0
Kieayla,1.0
Kieisha,1.0
Kiela,1.0
Kielah,1.0
Kimerly,1.0
Kimery,1.0
Kimesha,1.0
Kireina,1.0
Kiomara,1.0
Kiomi,1.0
Kiomy,1.0
Kiona,1.0
Kionah,1.0
Kiondra,1.0
Kionia,1.0
Kionna,1.0
Kionni,1.0
Kiora,1.0
Kiore,1.0
Kiosha,1.0
Kipenie,1.0
Kiplyn,1.0
Kippi,1.0
Kiptynn,1.0
Kirah,1.0
Kiralee,1.0
Kiralyn,1.0
Kiralynn,1.0
Kirana,1.0
Kirandeep,1.0
Kiranjot,1.0
Kirara,1.0
Kiraz,1.0
Kirbee,1.0
Kirbi,1.0
Kioko,1.0
Kioka,1.0
Kinzy,1.0
Kinyetta,1.0
Kinsleigh,1.0
Kinsli,1.0
Kinslie,1.0
Kinsly,1.0
Kinue,1.0
Kinuko,1.0
Kinverli,1.0
Kinverlin,1.0
Kinya,1.0
Kinyada,1.0
Kinyata,1.0
Kinyatta,1.0
Kinza,1.0
Kinzly,1.0
Kinze,1.0
Kinzee,1.0
Kinzey,1.0
Kinzi,1.0
Kinzie,1.0
Kinzington,1.0
Kinzlee,1.0
Kinzlei,1.0
Kinzleigh,1.0
Kinzley,1.0
Kinzli,1.0
Kinzlie,1.0
Kirbie,1.0
Kiria,1.0
Kimetha,1.0
Kiriaki,1.0
Kirthana,1.0
Kirti,1.0
Kirya,1.0
Kirynn,1.0
Kisa,1.0
Kisanet,1.0
Kisara,1.0
Kischa,1.0
Kishana,1.0
Kishanna,1.0
Kishauna,1.0
Kishawna,1.0
Kishea,1.0
Kisher,1.0
Kishia,1.0
Kishina,1.0
Kishla,1.0
Kishma,1.0
Kishonna,1.0
Kisia,1.0
Kiska,1.0
Kismat,1.0
Kissa,1.0
Kissey,1.0
Kissha,1.0
Kissiah,1.0
Kissie,1.0
Kirtana,1.0
Kirsy,1.0
Kirstynn,1.0
Kirsta,1.0
Kiriana,1.0
Kirianna,1.0
Kirina,1.0
Kirisa,1.0
Kiristen,1.0
Kirklynn,1.0
Kirpa,1.0
Kirra,1.0
Kirrah,1.0
Kirsey,1.0
Kirsha,1.0
Kirsi,1.0
Kirstan,1.0
Kirstyn,1.0
Kirstee,1.0
Kirstein,1.0
Kirstey,1.0
Kirsti,1.0
Kirstian,1.0
Kirstie,1.0
Kirstien,1.0
Kirstin,1.0
Kirstina,1.0
Kirstine,1.0
Kirston,1.0
Kirsty,1.0
Kinslei,1.0
Kinslee,1.0
Kinslea,1.0
Kinsington,1.0
Kimmika,1.0
Kimmora,1.0
Kimmori,1.0
Kimmya,1.0
Kimona,1.0
Kimone,1.0
Kimonie,1.0
Kimora,1.0
Kimorah,1.0
Kimoralee,1.0
Kimore,1.0
Kimoree,1.0
Kimori,1.0
Kimoria,1.0
Kimorra,1.0
Kimoura,1.0
Kimoya,1.0
Kimra,1.0
Kimura,1.0
Kimverly,1.0
Kimwana,1.0
Kimya,1.0
Kimyada,1.0
Kimyah,1.0
Kimyata,1.0
Kimyatta,1.0
Kimyetta,1.0
Kimmi,1.0
Kimmey,1.0
Kimmesha,1.0
Kimira,1.0
Kimetra,1.0
Kimette,1.0
Kimia,1.0
Kimiah,1.0
Kimie,1.0
Kimika,1.0
Kimiko,1.0
Kimila,1.0
Kimilee,1.0
Kimily,1.0
Kimimela,1.0
Kimimila,1.0
Kimisha,1.0
Kimmerly,1.0
Kimitra,1.0
Kimiya,1.0
Kimiyah,1.0
Kimiye,1.0
Kimiyo,1.0
Kimla,1.0
Kimlee,1.0
Kimley,1.0
Kimly,1.0
Kimlyn,1.0
Kimmarie,1.0
Kimmberly,1.0
Kimyia,1.0
Kimyra,1.0
Kina,1.0
Kinlynn,1.0
Kinita,1.0
Kiniya,1.0
Kiniyah,1.0
Kinjal,1.0
Kinlea,1.0
Kinlee,1.0
Kinlei,1.0
Kinleigh,1.0
Kinli,1.0
Kinlie,1.0
Kinly,1.0
Kinlyn,1.0
Kinna,1.0
Kinika,1.0
Kinnedi,1.0
Kinnedy,1.0
Kinneret,1.0
Kinnidi,1.0
Kinnidy,1.0
Kinnley,1.0
Kinnsley,1.0
Kinsasha,1.0
Kinsee,1.0
Kinsely,1.0
Kinshasha,1.0
Kinsie,1.0
Kinisha,1.0
Kiniesha,1.0
Kinadee,1.0
Kindness,1.0
Kinady,1.0
Kinara,1.0
Kinari,1.0
Kinaya,1.0
Kinberli,1.0
Kinberlin,1.0
Kinberly,1.0
Kind,1.0
Kinda,1.0
Kindal,1.0
Kindalyn,1.0
Kinder,1.0
Kindra,1.0
Kiniah,1.0
Kindrea,1.0
Kindsay,1.0
Kindsey,1.0
Kindy,1.0
Kindyl,1.0
Kine,1.0
Kinesha,1.0
Kineshia,1.0
Kineta,1.0
Kinga,1.0
Kingsleigh,1.0
Kini,1.0
Khyrah,1.0
Khyra,1.0
Khylynn,1.0
Keyshauna,1.0
Keyomi,1.0
Keyona,1.0
Keyonah,1.0
Keyonce,1.0
Keyonda,1.0
Keyondra,1.0
Keyondria,1.0
Keyonia,1.0
Keyonie,1.0
Keyonna,1.0
Keyonni,1.0
Keyonnia,1.0
Keyonnie,1.0
Keyora,1.0
Keyorie,1.0
Keyosha,1.0
Keyoshia,1.0
Keyra,1.0
Keyrah,1.0
Keyri,1.0
Keyria,1.0
Keyrin,1.0
Keyrra,1.0
Keyry,1.0
Keysa,1.0
Keysha,1.0
Keyshana,1.0
Keyoka,1.0
Keynu,1.0
Keyniah,1.0
Keylli,1.0
Keyle,1.0
Keylea,1.0
Keylee,1.0
Keyleen,1.0
Keylei,1.0
Keyleigh,1.0
Keyley,1.0
Keyli,1.0
Keyliana,1.0
Keylianis,1.0
Keylianiz,1.0
Keylie,1.0
Keylly,1.0
Keynia,1.0
Keyloni,1.0
Keyly,1.0
Keylyn,1.0
Keymara,1.0
Keymaya,1.0
Keymi,1.0
Keymia,1.0
Keymiah,1.0
Keymiyah,1.0
Keymora,1.0
Keymya,1.0
Keyna,1.0
Keyshanna,1.0
Keyshawna,1.0
Khadjah,1.0
Keyshia,1.0
Khadeeja,1.0
Khadeejah,1.0
Khadeidra,1.0
Khadeijah,1.0
Khadeisha,1.0
Khadeja,1.0
Khadejah,1.0
Khadejha,1.0
Khadejia,1.0
Khadence,1.0
Khadesha,1.0
Khadeshia,1.0
Khadesia,1.0
Khadi,1.0
Khadicha,1.0
Khadidiatou,1.0
Khadidja,1.0
Khadidra,1.0
Khadija,1.0
Khadijat,1.0
Khadijatou,1.0
Khadijha,1.0
Khadijia,1.0
Khadijiah,1.0
Khadisah,1.0
Khadisha,1.0
Khadiyah,1.0
Khadedra,1.0
Khadajah,1.0
Kezzy,1.0
Keyundra,1.0
Keyshla,1.0
Keyshona,1.0
Keyshonda,1.0
Keysi,1.0
Keysia,1.0
Keysie,1.0
Keystal,1.0
Keystle,1.0
Keytlin,1.0
Keyuana,1.0
Keyuanna,1.0
Keyuna,1.0
Keyunna,1.0
Kezzie,1.0
Keyva,1.0
Keyvonna,1.0
Keywana,1.0
Keywanda,1.0
Keywanna,1.0
Keyziah,1.0
Keza,1.0
Kezaria,1.0
Kezia,1.0
Keziya,1.0
Keziyah,1.0
Kezlyn,1.0
Keylany,1.0
Keylanni,1.0
Keylanis,1.0
Keylanie,1.0
Ketsy,1.0
Ketta,1.0
Ketti,1.0
Ketty,1.0
Ketura,1.0
Keturah,1.0
Ketzali,1.0
Ketzalli,1.0
Ketzaly,1.0
Ketzia,1.0
Ketziah,1.0
Ketzy,1.0
Keuna,1.0
Keundra,1.0
Keunna,1.0
Keva,1.0
Kevaeh,1.0
Kevana,1.0
Kevanna,1.0
Keveah,1.0
Kevelyn,1.0
Kevia,1.0
Keviana,1.0
Kevianna,1.0
Kevina,1.0
Kevinisha,1.0
Keviona,1.0
Ketsia,1.0
Ketrina,1.0
Ketra,1.0
Kessie,1.0
Kesia,1.0
Kesiha,1.0
Keslee,1.0
Kesleigh,1.0
Keslie,1.0
Kesly,1.0
Keslyn,1.0
Keslynn,1.0
Kess,1.0
Kessa,1.0
Kessandra,1.0
Kessia,1.0
Kessley,1.0
Ketisha,1.0
Kesslyn,1.0
Kestra,1.0
Keta,1.0
Ketana,1.0
Ketara,1.0
Keteria,1.0
Ketha,1.0
Ketherine,1.0
Kethia,1.0
Kethry,1.0
Ketia,1.0
Ketina,1.0
Kevionna,1.0
Kevisha,1.0
Kevona,1.0
Keyeria,1.0
Keyarra,1.0
Keyasha,1.0
Keyashia,1.0
Keyasia,1.0
Keyatta,1.0
Keyauna,1.0
Keyawna,1.0
Keydi,1.0
Keydra,1.0
Keydy,1.0
Keyera,1.0
Keyerah,1.0
Keyerra,1.0
Keyaria,1.0
Keyetta,1.0
Keyhla,1.0
Keyia,1.0
Keyiana,1.0
Keyilah,1.0
Keyiona,1.0
Keyira,1.0
Keyisha,1.0
Keyla,1.0
Keylah,1.0
Keylahni,1.0
Keylani,1.0
Keyarie,1.0
Keyarah,1.0
Kevonda,1.0
Keyairra,1.0
Kevondra,1.0
Kevonna,1.0
Kewana,1.0
Kewanda,1.0
Kewania,1.0
Kewanna,1.0
Kexin,1.0
Keya,1.0
Keyah,1.0
Keyahna,1.0
Keyaira,1.0
Keyairah,1.0
Keyajah,1.0
Keyara,1.0
Keyala,1.0
Keyana,1.0
Keyanah,1.0
Keyanda,1.0
Keyandra,1.0
Keyandrea,1.0
Keyani,1.0
Keyania,1.0
Keyanna,1.0
Keyannah,1.0
Keyanni,1.0
Keyanta,1.0
Khadiza,1.0
Khadjiah,1.0
Khylie,1.0
Khloee,1.0
Kheyla,1.0
Kheylani,1.0
Khia,1.0
Khiabet,1.0
Khiala,1.0
Khiana,1.0
Khiandra,1.0
Khianna,1.0
Khiara,1.0
Khila,1.0
Khilani,1.0
Khilee,1.0
Khileigh,1.0
Khiley,1.0
Khilynn,1.0
Khimora,1.0
Khione,1.0
Khira,1.0
Khirsten,1.0
Khisha,1.0
Khivi,1.0
Khiya,1.0
Khiyah,1.0
Khlani,1.0
Khlaya,1.0
Khleo,1.0
Khlo,1.0
Kheumani,1.0
Kherrington,1.0
Kherington,1.0
Kheira,1.0
Khaya,1.0
Khaydence,1.0
Khayla,1.0
Khaylah,1.0
Khaylani,1.0
Khaylee,1.0
Khaylie,1.0
Khayra,1.0
Khayriyyah,1.0
Khea,1.0
Khedra,1.0
Kheilani,1.0
Khelani,1.0
Kheri,1.0
Khelanie,1.0
Khelany,1.0
Kheli,1.0
Khelsea,1.0
Khelsey,1.0
Khelsi,1.0
Khemistri,1.0
Khemistry,1.0
Khenadi,1.0
Khendal,1.0
Khendra,1.0
Khennedi,1.0
Khloeann,1.0
Khloei,1.0
Khadra,1.0
Khloemae,1.0
Khrystina,1.0
Khrystine,1.0
Khrystyn,1.0
Khrystyna,1.0
Khrystyne,1.0
Khulud,1.0
Khusbu,1.0
Khushboo,1.0
Khushbu,1.0
Khushi,1.0
Khushpreet,1.0
Khya,1.0
Khyana,1.0
Khyara,1.0
Khyasia,1.0
Khyati,1.0
Khyia,1.0
Khyla,1.0
Khylah,1.0
Khylani,1.0
Khyleah,1.0
Khylee,1.0
Khylei,1.0
Khyleigh,1.0
Khyli,1.0
Khylia,1.0
Khyliah,1.0
Khrystin,1.0
Khrysten,1.0
Khrystal,1.0
Khorie,1.0
Khloemarie,1.0
Khloey,1.0
Khloi,1.0
Khloie,1.0
Khloii,1.0
Khlover,1.0
Khloye,1.0
Khmya,1.0
Kholee,1.0
Kholette,1.0
Kholie,1.0
Khora,1.0
Khou,1.0
Khrysta,1.0
Khrishna,1.0
Khrissa,1.0
Khrista,1.0
Khristal,1.0
Khristen,1.0
Khristi,1.0
Khristiana,1.0
Khristie,1.0
Khristin,1.0
Khristina,1.0
Khristine,1.0
Khristy,1.0
Khawlah,1.0
Khawla,1.0
Khavia,1.0
Khatia,1.0
Khaleesi,1.0
Khaleesia,1.0
Khaleesie,1.0
Khaleesy,1.0
Khaleia,1.0
Khaleigh,1.0
Khalema,1.0
Khalena,1.0
Khalesi,1.0
Khalesia,1.0
Khalessi,1.0
Khalessy,1.0
Khaley,1.0
Khaleya,1.0
Khaleyah,1.0
Khaliah,1.0
Khaliana,1.0
Khalida,1.0
Khalidah,1.0
Khalie,1.0
Khalii,1.0
Khalika,1.0
Khalila,1.0
Khalilah,1.0
Khaliliah,1.0
Khalimah,1.0
Khalina,1.0
Khaleesa,1.0
Khalees,1.0
Khaleelah,1.0
Khaina,1.0
Khady,1.0
Khaelyn,1.0
Khaelynn,1.0
Khaia,1.0
Khaila,1.0
Khailah,1.0
Khailani,1.0
Khailany,1.0
Khailee,1.0
Khailey,1.0
Khailyn,1.0
Khailynn,1.0
Khaira,1.0
Khaleedah,1.0
Khairah,1.0
Khaiya,1.0
Khala,1.0
Khalanie,1.0
Khalanii,1.0
Khalanni,1.0
Khalari,1.0
Khalaya,1.0
Khalayah,1.0
Khalayla,1.0
Khalea,1.0
Khaleah,1.0
Khalisa,1.0
Khalisah,1.0
Khalise,1.0
Kharisma,1.0
Khandice,1.0
Khandis,1.0
Khandra,1.0
Khania,1.0
Khaniya,1.0
Khaniyah,1.0
Khansa,1.0
Khanya,1.0
Khanyla,1.0
Khapri,1.0
Khara,1.0
Kharii,1.0
Kharissa,1.0
Khamyri,1.0
Kharizma,1.0
Kharla,1.0
Kharlee,1.0
Kharley,1.0
Kharli,1.0
Kharlie,1.0
Kharma,1.0
Kharmen,1.0
Kharmin,1.0
Kharmyn,1.0
Khassidy,1.0
Khataleya,1.0
Khandi,1.0
Khamyra,1.0
Khalisha,1.0
Khamaria,1.0
Khalisi,1.0
Khaliya,1.0
Khaliyah,1.0
Khalli,1.0
Khallie,1.0
Khaloni,1.0
Khalya,1.0
Khalyla,1.0
Khalylah,1.0
Khalynn,1.0
Khalyse,1.0
Khamara,1.0
Khamaya,1.0
Khamyla,1.0
Khamia,1.0
Khamiah,1.0
Khamila,1.0
Khamilah,1.0
Khamilla,1.0
Khamille,1.0
Khamira,1.0
Khamiya,1.0
Khamiyah,1.0
Khamora,1.0
Khamya,1.0
Khamyah,1.0
Kissy,1.0
Kisten,1.0
Ladasia,1.0
Kylia,1.0
Kylahni,1.0
Kylamarie,1.0
Kylana,1.0
Kylani,1.0
Kylanie,1.0
Kylanii,1.0
Kylara,1.0
Kylasia,1.0
Kylaya,1.0
Kylayah,1.0
Kylea,1.0
Kyleah,1.0
Kyleana,1.0
Kyleeann,1.0
Kyleemarie,1.0
Kyleen,1.0
Kyleena,1.0
Kyleerae,1.0
Kyleerose,1.0
Kylei,1.0
Kyleia,1.0
Kyleigha,1.0
Kyleighann,1.0
Kylena,1.0
Kylene,1.0
Kylese,1.0
Kylesha,1.0
Kylah,1.0
Kylaa,1.0
Kyjah,1.0
Kyeshia,1.0
Kyeisha,1.0
Kyela,1.0
Kyelee,1.0
Kyeleigh,1.0
Kyella,1.0
Kyelynn,1.0
Kyera,1.0
Kyeria,1.0
Kyerra,1.0
Kyersten,1.0
Kyerstin,1.0
Kyesha,1.0
Kyha,1.0
Kyja,1.0
Kyhia,1.0
Kyhlee,1.0
Kyia,1.0
Kyiah,1.0
Kyiana,1.0
Kyianna,1.0
Kyiara,1.0
Kyiesha,1.0
Kyila,1.0
Kyilee,1.0
Kyira,1.0
Kyisha,1.0
Kyli,1.0
Kyliah,1.0
Kyeana,1.0
Kyliana,1.0
Kymberle,1.0
Kymberlee,1.0
Kymberleigh,1.0
Kymberley,1.0
Kymberli,1.0
Kymberlie,1.0
Kymberly,1.0
Kymberlyn,1.0
Kymberlynn,1.0
Kymbra,1.0
Kymbre,1.0
Kymbree,1.0
Kymbria,1.0
Kymbrie,1.0
Kymera,1.0
Kymeria,1.0
Kymesha,1.0
Kymeshia,1.0
Kymia,1.0
Kymiah,1.0
Kymira,1.0
Kymisha,1.0
Kymiyah,1.0
Kymm,1.0
Kymora,1.0
Kymorah,1.0
Kymori,1.0
Kymber,1.0
Kymbella,1.0
Kymaya,1.0
Kylii,1.0
Kylianna,1.0
Kylianne,1.0
Kylicia,1.0
Kylieann,1.0
Kylieanna,1.0
Kylieanne,1.0
Kyliee,1.0
Kyliegh,1.0
Kyliejo,1.0
Kyliemarie,1.0
Kylierae,1.0
Kylierose,1.0
Kylina,1.0
Kymarie,1.0
Kylis,1.0
Kylise,1.0
Kylisha,1.0
Kylissa,1.0
Kyliyah,1.0
Kylla,1.0
Kyllie,1.0
Kyloni,1.0
Kyly,1.0
Kylynne,1.0
Kymanii,1.0
Kymara,1.0
Kyeesha,1.0
Kyda,1.0
Kistin,1.0
Kuromi,1.0
Ksenija,1.0
Kseniya,1.0
Ksha,1.0
Kshetra,1.0
Kt,1.0
Ktherine,1.0
Ktina,1.0
Kubra,1.0
Kudrat,1.0
Kueen,1.0
Kuhlani,1.0
Kuhu,1.0
Kuiana,1.0
Kula,1.0
Kulani,1.0
Kulia,1.0
Kulsoom,1.0
Kulsum,1.0
Kum,1.0
Kumani,1.0
Kumba,1.0
Kumi,1.0
Kumiko,1.0
Kundana,1.0
Kuniko,1.0
Kura,1.0
Kurie,1.0
Ksenia,1.0
Ksandra,1.0
Ksana,1.0
Krystie,1.0
Krystan,1.0
Kryste,1.0
Krysteen,1.0
Krysteena,1.0
Krystel,1.0
Krystell,1.0
Krystelle,1.0
Krysten,1.0
Krystena,1.0
Krysti,1.0
Krystiana,1.0
Krystianna,1.0
Krystil,1.0
Kryztal,1.0
Krystin,1.0
Krystina,1.0
Krystine,1.0
Krystl,1.0
Krystn,1.0
Krystol,1.0
Kryston,1.0
Krysty,1.0
Krystyl,1.0
Krystyn,1.0
Krystyna,1.0
Krystyne,1.0
Kurissa,1.0
Kursten,1.0
Kycie,1.0
Kursti,1.0
Kwynn,1.0
Kyahna,1.0
Kyaira,1.0
Kyairah,1.0
Kyairra,1.0
Kyaisha,1.0
Kyajah,1.0
Kyala,1.0
Kyalee,1.0
Kyalynn,1.0
Kyana,1.0
Kyanah,1.0
Kyandra,1.0
Kyani,1.0
Kyanna,1.0
Kyannah,1.0
Kyanne,1.0
Kyanni,1.0
Kyara,1.0
Kyarah,1.0
Kyaria,1.0
Kyarra,1.0
Kyasha,1.0
Kyashia,1.0
Kyasia,1.0
Kyauna,1.0
Kycia,1.0
Kwyn,1.0
Kwinn,1.0
Kween,1.0
Kutina,1.0
Kurstie,1.0
Kurstin,1.0
Kurston,1.0
Kursty,1.0
Kurstyn,1.0
Kurtina,1.0
Kurtisha,1.0
Kurtlyn,1.0
Kurumi,1.0
Kushana,1.0
Kushi,1.0
Kutana,1.0
Kuuipo,1.0
Kwayera,1.0
Kuulei,1.0
Kuvira,1.0
Kuwana,1.0
Kuwanda,1.0
Kuwanna,1.0
Kwana,1.0
Kwanda,1.0
Kwanesha,1.0
Kwaniqua,1.0
Kwanisha,1.0
Kwanita,1.0
Kwanna,1.0
Kymorra,1.0
Kymya,1.0
Kyna,1.0
Lachonne,1.0
Lachae,1.0
Lachaka,1.0
Lachan,1.0
Lachana,1.0
Lachanda,1.0
Lachandra,1.0
Lachanta,1.0
Lachante,1.0
Lachara,1.0
Lachasity,1.0
Lachaun,1.0
Lachaundra,1.0
Lachay,1.0
Lache,1.0
Lachel,1.0
Lachele,1.0
Lachell,1.0
Lachelle,1.0
Lacher,1.0
Lacheryl,1.0
Lachic,1.0
Lachina,1.0
Lachisa,1.0
Lachisha,1.0
Lachlyn,1.0
Lachlynn,1.0
Lachonda,1.0
Lacelynn,1.0
Lacelyn,1.0
Laceigh,1.0
Labria,1.0
Labelle,1.0
Laberta,1.0
Labiba,1.0
Labraya,1.0
Labrea,1.0
Labree,1.0
Labreeska,1.0
Labrenda,1.0
Labresha,1.0
Labreshia,1.0
Labreya,1.0
Labreyah,1.0
Labrina,1.0
Lacei,1.0
Labrisha,1.0
Labritney,1.0
Labrittany,1.0
Labrittney,1.0
Lacandice,1.0
Lacandis,1.0
Lacara,1.0
Lacarla,1.0
Lacasha,1.0
Lacasta,1.0
Lacci,1.0
Lacee,1.0
Lachone,1.0
Lachrisa,1.0
Kynadee,1.0
Lachrisha,1.0
Lacreta,1.0
Lacretia,1.0
Lacricia,1.0
Lacrisha,1.0
Lacrissa,1.0
Lacrista,1.0
Lacrystal,1.0
Lacye,1.0
Lacynda,1.0
Lacynthia,1.0
Lada,1.0
Ladacia,1.0
Ladaesha,1.0
Ladaija,1.0
Ladaijah,1.0
Ladaisha,1.0
Ladaisia,1.0
Ladaja,1.0
Ladajah,1.0
Ladajia,1.0
Ladan,1.0
Ladana,1.0
Ladanna,1.0
Ladara,1.0
Ladaria,1.0
Ladasha,1.0
Ladashia,1.0
Lacresia,1.0
Lacreshia,1.0
Lacresha,1.0
Laconia,1.0
Lachrista,1.0
Lachristy,1.0
Lachundra,1.0
Lachyna,1.0
Laci,1.0
Lacia,1.0
Laciana,1.0
Laciann,1.0
Lacinda,1.0
Lacole,1.0
Laconda,1.0
Lacondra,1.0
Laconya,1.0
Lacresa,1.0
Lacora,1.0
Lacoria,1.0
Lacorsha,1.0
Lacorya,1.0
Lacosta,1.0
Lacourtney,1.0
Lacoya,1.0
Lacreasha,1.0
Lacrecia,1.0
Lacree,1.0
Lacreesha,1.0
Lacreisha,1.0
Labella,1.0
Labarbara,1.0
Laasya,1.0
Laasia,1.0
Kynnadi,1.0
Kynnady,1.0
Kynndal,1.0
Kynnedi,1.0
Kynnedy,1.0
Kynnidi,1.0
Kynnlee,1.0
Kynnleigh,1.0
Kynnlie,1.0
Kynnsley,1.0
Kynsey,1.0
Kynsie,1.0
Kynslea,1.0
Kynslee,1.0
Kynslei,1.0
Kynsleigh,1.0
Kynsley,1.0
Kynsli,1.0
Kynslie,1.0
Kynzee,1.0
Kynzi,1.0
Kynzie,1.0
Kynzlee,1.0
Kynzlei,1.0
Kynzleigh,1.0
Kynzley,1.0
Kynzli,1.0
Kynnadee,1.0
Kynna,1.0
Kynlie,1.0
Kyndyl,1.0
Kynadi,1.0
Kynadie,1.0
Kynara,1.0
Kynd,1.0
Kynda,1.0
Kyndahl,1.0
Kyndalyn,1.0
Kynder,1.0
Kyndi,1.0
Kyndl,1.0
Kyndra,1.0
Kyndrah,1.0
Kynedi,1.0
Kynli,1.0
Kyneisha,1.0
Kynesha,1.0
Kyneshia,1.0
Kynia,1.0
Kyniah,1.0
Kynidee,1.0
Kynisha,1.0
Kynlea,1.0
Kynlee,1.0
Kynlei,1.0
Kynleigh,1.0
Kynley,1.0
Kynzlie,1.0
Kynzly,1.0
Kyoir,1.0
Kyshawna,1.0
Kyrstal,1.0
Kyrstan,1.0
Kyrsten,1.0
Kyrsti,1.0
Kyrstie,1.0
Kyrstin,1.0
Kyrstle,1.0
Kyrston,1.0
Kyrstyn,1.0
Kysa,1.0
Kysha,1.0
Kyshana,1.0
Kyshia,1.0
Kyrsha,1.0
Kysia,1.0
Kysleigh,1.0
Kystal,1.0
Kytalin,1.0
Kytana,1.0
Kytzia,1.0
Kyuana,1.0
Kywanna,1.0
Kyya,1.0
Kyzlee,1.0
Laaibah,1.0
Laangela,1.0
Kyrsta,1.0
Kyrrah,1.0
Kyoka,1.0
Kyralee,1.0
Kyoko,1.0
Kyomi,1.0
Kyona,1.0
Kyondra,1.0
Kyong,1.0
Kyoni,1.0
Kyonia,1.0
Kyonna,1.0
Kyori,1.0
Kyosha,1.0
Kyraa,1.0
Kyrah,1.0
Kyralynn,1.0
Kyrra,1.0
Kyrea,1.0
Kyrene,1.0
Kyreona,1.0
Kyresha,1.0
Kyrha,1.0
Kyria,1.0
Kyriah,1.0
Kyriaki,1.0
Kyriana,1.0
Kyrianna,1.0
Kyriel,1.0
Kyrielle,1.0
Krystalynne,1.0
Krystalynn,1.0
Krystalyn,1.0
Kolibri,1.0
Knoxlyn,1.0
Knoxlynn,1.0
Knya,1.0
Knyla,1.0
Knylah,1.0
Knyomi,1.0
Koemi,1.0
Koesha,1.0
Koey,1.0
Kohana,1.0
Kohani,1.0
Koharu,1.0
Kohinoor,1.0
Kohlee,1.0
Koir,1.0
Kokeeta,1.0
Koketa,1.0
Koko,1.0
Kokomi,1.0
Kokoro,1.0
Kolee,1.0
Koleen,1.0
Koleigh,1.0
Kolene,1.0
Koleta,1.0
Kolette,1.0
Koley,1.0
Knoxli,1.0
Knoxleigh,1.0
Knovah,1.0
Kmyah,1.0
Klowie,1.0
Kloye,1.0
Klyda,1.0
Klyn,1.0
Klynn,1.0
Kmarie,1.0
Kmaya,1.0
Kmiya,1.0
Kmiyah,1.0
Kmoni,1.0
Kmora,1.0
Kmya,1.0
Knaomi,1.0
Knova,1.0
Knavi,1.0
Kneisha,1.0
Knesha,1.0
Knia,1.0
Knicole,1.0
Knisha,1.0
Kniya,1.0
Kniyah,1.0
Knoelle,1.0
Knola,1.0
Knori,1.0
Knourish,1.0
Kolia,1.0
Kolie,1.0
Korinna,1.0
Kolina,1.0
Koral,1.0
Koralee,1.0
Koraleigh,1.0
Koralie,1.0
Koraline,1.0
Koralyn,1.0
Koralyne,1.0
Koralynn,1.0
Korayma,1.0
Kordelia,1.0
Korea,1.0
Koreen,1.0
Koreena,1.0
Korena,1.0
Korene,1.0
Koressa,1.0
Koretta,1.0
Koriana,1.0
Koriandr,1.0
Koriann,1.0
Korianna,1.0
Korianne,1.0
Korii,1.0
Korilyn,1.0
Korilynn,1.0
Korina,1.0
Korine,1.0
Koraima,1.0
Korah,1.0
Kora,1.0
Konesha,1.0
Kolleen,1.0
Kollette,1.0
Kollie,1.0
Kolly,1.0
Kollynns,1.0
Kollyns,1.0
Kolynns,1.0
Komal,1.0
Komalpreet,1.0
Komeka,1.0
Komora,1.0
Konda,1.0
Koneta,1.0
Kopelynn,1.0
Koni,1.0
Konica,1.0
Konika,1.0
Konisha,1.0
Konni,1.0
Konnie,1.0
Konny,1.0
Konstance,1.0
Konstantina,1.0
Kontina,1.0
Kontrina,1.0
Kookie,1.0
Klowi,1.0
Klowey,1.0
Klorissa,1.0
Klonni,1.0
Kiyah,1.0
Kiyami,1.0
Kiyana,1.0
Kiyanah,1.0
Kiyani,1.0
Kiyann,1.0
Kiyanna,1.0
Kiyanne,1.0
Kiyanni,1.0
Kiyara,1.0
Kiyarah,1.0
Kiyari,1.0
Kiyarra,1.0
Aabidah,1.0
Kiyelle,1.0
Kiyla,1.0
Kiylah,1.0
Kiylee,1.0
Kiylie,1.0
Kiyoko,1.0
Kiyomii,1.0
Kiyona,1.0
Kiyonna,1.0
Kiyono,1.0
Kiyora,1.0
Kiyori,1.0
Kiyra,1.0
Kiwanna,1.0
Kiwanis,1.0
Kiwanda,1.0
Kitrina,1.0
Kistina,1.0
Kisty,1.0
Kiswa,1.0
Kiswana,1.0
Kiswanna,1.0
Kita,1.0
Kitana,1.0
Kitanna,1.0
Kitara,1.0
Kitiara,1.0
Kitina,1.0
Kitra,1.0
Kitsia,1.0
Kiwana,1.0
Kitsy,1.0
Kitten,1.0
Kitti,1.0
Kittie,1.0
Kitty,1.0
Kittye,1.0
Kitza,1.0
Kitzi,1.0
Kitzia,1.0
Kitzie,1.0
Kitzya,1.0
Kiuna,1.0
Kiyrah,1.0
Kiyuana,1.0
Kiz,1.0
Klhoe,1.0
Klaryssa,1.0
Klaudia,1.0
Klayah,1.0
Klayre,1.0
Klea,1.0
Kleah,1.0
Klee,1.0
Kleia,1.0
Kleigh,1.0
Kleio,1.0
Klementine,1.0
Kleopatra,1.0
Klisha,1.0
Klarrissa,1.0
Kliyah,1.0
Kloe,1.0
Kloee,1.0
Kloei,1.0
Kloeigh,1.0
Kloey,1.0
Klohe,1.0
Klohee,1.0
Klohie,1.0
Kloi,1.0
Kloie,1.0
Kloni,1.0
Klarysa,1.0
Klarrisa,1.0
Kizi,1.0
Klah,1.0
Kiziah,1.0
Kizmet,1.0
Kizuwanda,1.0
Kizze,1.0
Kizzey,1.0
Kizzi,1.0
Kizzie,1.0
Kjersten,1.0
Kjersti,1.0
Kjerstin,1.0
Kjirsten,1.0
Kla,1.0
Klahni,1.0
Klarke,1.0
Klair,1.0
Klaira,1.0
Klaire,1.0
Klairissa,1.0
Klani,1.0
Klanii,1.0
Klara,1.0
Klare,1.0
Klarisa,1.0
Klarissa,1.0
Klarity,1.0
Klariza,1.0
Korinn,1.0
Korinne,1.0
Krystalrose,1.0
Kristlyn,1.0
Kristelle,1.0
Kristena,1.0
Kristene,1.0
Kristey,1.0
Kristhel,1.0
Kristia,1.0
Kristiana,1.0
Kristiane,1.0
Kristiann,1.0
Kristianna,1.0
Kristianne,1.0
Kristieann,1.0
Kristiena,1.0
Kristiina,1.0
Kristijo,1.0
Kristil,1.0
Kristilee,1.0
Kristilyn,1.0
Kristilynn,1.0
Kristinamarie,1.0
Kristinejoy,1.0
Kristinia,1.0
Kristinn,1.0
Kristinna,1.0
Kristiona,1.0
Kristjana,1.0
Kristl,1.0
Kristella,1.0
Kristell,1.0
Kristela,1.0
Kristalle,1.0
Krissia,1.0
Krissie,1.0
Krissinda,1.0
Krisslyn,1.0
Krisstina,1.0
Krissy,1.0
Kristabel,1.0
Kristabella,1.0
Kristabelle,1.0
Kristah,1.0
Kristal,1.0
Kristalee,1.0
Kristaly,1.0
Kristel,1.0
Kristalyn,1.0
Kristalynn,1.0
Kristamarie,1.0
Kristana,1.0
Kristanna,1.0
Kristanne,1.0
Kristara,1.0
Kristasia,1.0
Kriste,1.0
Kristee,1.0
Kristeen,1.0
Kristeena,1.0
Kristle,1.0
Kristlynn,1.0
Korionna,1.0
Kristn,1.0
Krustal,1.0
Kruthi,1.0
Kruti,1.0
Krya,1.0
Krynn,1.0
Krysha,1.0
Krysia,1.0
Kryslin,1.0
Kryslyn,1.0
Kryslynn,1.0
Kryssa,1.0
Krysta,1.0
Krystabella,1.0
Krystah,1.0
Krystalann,1.0
Krystale,1.0
Krystalee,1.0
Krystalin,1.0
Krystalina,1.0
Krystaline,1.0
Krystall,1.0
Krystalle,1.0
Krystallee,1.0
Krystallyn,1.0
Krystallynn,1.0
Krystalmae,1.0
Krystalmarie,1.0
Krushi,1.0
Krupa,1.0
Krizia,1.0
Kristyna,1.0
Kristna,1.0
Kristne,1.0
Kristol,1.0
Kristyana,1.0
Kristyann,1.0
Kristyanna,1.0
Kristyanne,1.0
Kristye,1.0
Kristyl,1.0
Kristyle,1.0
Kristylee,1.0
Kristyn,1.0
Kristyne,1.0
Kriya,1.0
Kristynn,1.0
Krisy,1.0
Krisztina,1.0
Kritara,1.0
Krithi,1.0
Krithika,1.0
Kriti,1.0
Kritika,1.0
Kritina,1.0
Kritisha,1.0
Kritzia,1.0
Kriva,1.0
Krissi,1.0
Krissandra,1.0
Krissa,1.0
Krislynn,1.0
Koti,1.0
Kotina,1.0
Koto,1.0
Kotoha,1.0
Kotomi,1.0
Kotone,1.0
Kotryna,1.0
Koula,1.0
Kouri,1.0
Kourteney,1.0
Kourtlyn,1.0
Kourtlynn,1.0
Kourtne,1.0
Kourtnee,1.0
Kourtnei,1.0
Kourtni,1.0
Kourtnie,1.0
Kourtny,1.0
Kouture,1.0
Kowana,1.0
Kowanda,1.0
Kowanna,1.0
Kowsar,1.0
Koya,1.0
Koyasha,1.0
Krea,1.0
Kreation,1.0
Kother,1.0
Kosisochi,1.0
Kosha,1.0
Korsica,1.0
Korissa,1.0
Korla,1.0
Korlee,1.0
Korlyn,1.0
Kornelia,1.0
Korra,1.0
Korrah,1.0
Korren,1.0
Korrin,1.0
Korrina,1.0
Korrine,1.0
Korryn,1.0
Kortana,1.0
Kosem,1.0
Kortlyn,1.0
Kortlynn,1.0
Kortne,1.0
Kortnee,1.0
Kortnei,1.0
Kortni,1.0
Kortnie,1.0
Kortny,1.0
Koryna,1.0
Koryne,1.0
Korynn,1.0
Korynne,1.0
Kreelynn,1.0
Kreena,1.0
Kreindy,1.0
Krishunna,1.0
Krishara,1.0
Krishauna,1.0
Krishawna,1.0
Krisheena,1.0
Krishell,1.0
Krishelle,1.0
Krishika,1.0
Krishina,1.0
Krishma,1.0
Krishona,1.0
Krishonda,1.0
Krishuna,1.0
Krishvi,1.0
Krishani,1.0
Krisi,1.0
Krisia,1.0
Krisie,1.0
Krisily,1.0
Krisina,1.0
Krisinda,1.0
Krisit,1.0
Krislee,1.0
Krisleigh,1.0
Krisley,1.0
Krislin,1.0
Krislyn,1.0
Krishanna,1.0
Krishanda,1.0
Kresha,1.0
Krisalynn,1.0
Kressida,1.0
Kresta,1.0
Kricia,1.0
Kricket,1.0
Kridha,1.0
Kridhareddy,1.0
Krimsyn,1.0
Krin,1.0
Krina,1.0
Kripa,1.0
Krisa,1.0
Krisalyn,1.0
Krisan,1.0
Krishana,1.0
Krisana,1.0
Krisandra,1.0
Krisann,1.0
Krisanna,1.0
Krisanne,1.0
Krisbel,1.0
Krischelle,1.0
Kriscinda,1.0
Kriselda,1.0
Kriselle,1.0
Krisette,1.0
Krisha,1.0
Lenae,1.0
Lenah,1.0
Lenai,1.0
Maile,1.0
Maide,1.0
Maidee,1.0
Maidell,1.0
Maidelyn,1.0
Maiden,1.0
Maider,1.0
Maidie,1.0
Maidson,1.0
Maie,1.0
Maiella,1.0
Maielle,1.0
Maiesha,1.0
Maigan,1.0
Maigen,1.0
Maigon,1.0
Maiha,1.0
Maiia,1.0
Maija,1.0
Maijah,1.0
Maikayla,1.0
Maiken,1.0
Maikia,1.0
Maikou,1.0
Maila,1.0
Mailah,1.0
Mailan,1.0
Mailani,1.0
Maidah,1.0
Maida,1.0
Maicyn,1.0
Mahya,1.0
Mahria,1.0
Mahriah,1.0
Mahriam,1.0
Mahrosh,1.0
Mahrukh,1.0
Mahsa,1.0
Mahtab,1.0
Mahum,1.0
Mahva,1.0
Mahveen,1.0
Mahwa,1.0
Mahwish,1.0
Maia,1.0
Maicy,1.0
Maiah,1.0
Maialen,1.0
Maian,1.0
Maiana,1.0
Maianh,1.0
Maiani,1.0
Maiar,1.0
Maiara,1.0
Maica,1.0
Maicee,1.0
Maicey,1.0
Maicie,1.0
Mailany,1.0
Mailea,1.0
Mahreen,1.0
Mailee,1.0
Mairead,1.0
Maireli,1.0
Mairely,1.0
Mairen,1.0
Mairene,1.0
Mairenn,1.0
Mairi,1.0
Mairim,1.0
Mairin,1.0
Mairlyn,1.0
Mairyn,1.0
Mais,1.0
Maisa,1.0
Maisah,1.0
Maise,1.0
Maisee,1.0
Maisel,1.0
Maisey,1.0
Maisha,1.0
Maisie,1.0
Maislee,1.0
Maisleigh,1.0
Maisley,1.0
Maislyn,1.0
Maislynn,1.0
Maissa,1.0
Maisy,1.0
Maire,1.0
Mairany,1.0
Mairani,1.0
Mailinh,1.0
Maileen,1.0
Mailei,1.0
Maileigh,1.0
Mailen,1.0
Mailene,1.0
Maileny,1.0
Mailey,1.0
Maili,1.0
Mailia,1.0
Mailie,1.0
Mailin,1.0
Mailing,1.0
Maille,1.0
Mairah,1.0
Maily,1.0
Mailyn,1.0
Mailynn,1.0
Maimoona,1.0
Maimouna,1.0
Maimuna,1.0
Maimunah,1.0
Maina,1.0
Maine,1.0
Mainhia,1.0
Mainou,1.0
Maiquel,1.0
Mahri,1.0
Mahra,1.0
Makyra,1.0
Mahayla,1.0
Mahaa,1.0
Mahaela,1.0
Mahagany,1.0
Mahagony,1.0
Mahaila,1.0
Mahailey,1.0
Mahak,1.0
Mahal,1.0
Mahala,1.0
Mahalah,1.0
Mahalakshmi,1.0
Mahalet,1.0
Mahaley,1.0
Mahali,1.0
Mahalia,1.0
Mahaliah,1.0
Mahalie,1.0
Mahalina,1.0
Mahalya,1.0
Maham,1.0
Mahana,1.0
Mahani,1.0
Mahanya,1.0
Mahara,1.0
Mahasin,1.0
Mahathi,1.0
Mahati,1.0
Maha,1.0
Mah,1.0
Magy,1.0
Maggy,1.0
Magean,1.0
Magee,1.0
Magel,1.0
Mageline,1.0
Magen,1.0
Magena,1.0
Magenta,1.0
Maggee,1.0
Maggen,1.0
Maggi,1.0
Maggielean,1.0
Maggiemae,1.0
Maghan,1.0
Maguette,1.0
Maghann,1.0
Maghen,1.0
Magi,1.0
Magie,1.0
Magizhini,1.0
Magline,1.0
Magnola,1.0
Magnolia,1.0
Magnoliamae,1.0
Magon,1.0
Maguadalupe,1.0
Maguerite,1.0
Mahawa,1.0
Mahaylee,1.0
Mahpiya,1.0
Mahaylia,1.0
Mahkya,1.0
Mahkyla,1.0
Mahla,1.0
Mahlah,1.0
Mahlani,1.0
Mahlanni,1.0
Mahlaya,1.0
Mahlea,1.0
Mahleah,1.0
Mahlena,1.0
Mahlet,1.0
Mahli,1.0
Mahlia,1.0
Mahliya,1.0
Mahliyah,1.0
Mahloni,1.0
Mahnaz,1.0
Mahniya,1.0
Mahnoor,1.0
Maho,1.0
Mahoganee,1.0
Mahoganey,1.0
Mahogani,1.0
Mahoganie,1.0
Mahogany,1.0
Mahoghany,1.0
Mahogony,1.0
Mahkiya,1.0
Mahkenzie,1.0
Mahkenna,1.0
Mahidevran,1.0
Mahdeen,1.0
Mahdia,1.0
Mahdiya,1.0
Mahealani,1.0
Mahee,1.0
Maheera,1.0
Mahek,1.0
Mahelet,1.0
Mahely,1.0
Mahera,1.0
Mahia,1.0
Mahibah,1.0
Mahie,1.0
Mahkaylah,1.0
Mahika,1.0
Mahima,1.0
Mahina,1.0
Mahira,1.0
Mahirah,1.0
Mahisha,1.0
Mahita,1.0
Mahitha,1.0
Mahiya,1.0
Mahiyah,1.0
Mahjabeen,1.0
Mahkayla,1.0
Maisynn,1.0
Maita,1.0
Maitane,1.0
Makiaya,1.0
Makenzi,1.0
Makenzii,1.0
Makenzlee,1.0
Makenzley,1.0
Makenzlie,1.0
Makenzly,1.0
Makenzy,1.0
Makenzye,1.0
Makesha,1.0
Makeshia,1.0
Makesia,1.0
Maketa,1.0
Maketta,1.0
Makeva,1.0
Makeya,1.0
Makeyla,1.0
Makhaila,1.0
Makhala,1.0
Makhaya,1.0
Makhayla,1.0
Makhia,1.0
Makhila,1.0
Makhiya,1.0
Makhiyah,1.0
Makhya,1.0
Makhyia,1.0
Makhyla,1.0
Makenzey,1.0
Makenzee,1.0
Makenze,1.0
Makenlee,1.0
Makeia,1.0
Makeila,1.0
Makeira,1.0
Makeisha,1.0
Makeitha,1.0
Makela,1.0
Makelah,1.0
Makella,1.0
Makelle,1.0
Makenah,1.0
Makendra,1.0
Makenize,1.0
Makenlei,1.0
Makenya,1.0
Makenleigh,1.0
Makenley,1.0
Makenli,1.0
Makenlie,1.0
Makenly,1.0
Makennah,1.0
Makennzie,1.0
Makensey,1.0
Makensi,1.0
Makensie,1.0
Makensley,1.0
Makensy,1.0
Makiala,1.0
Makiba,1.0
Maite,1.0
Makida,1.0
Makiyla,1.0
Makiylah,1.0
Makka,1.0
Makkari,1.0
Makkiyah,1.0
Maklyn,1.0
Maklynn,1.0
Makyia,1.0
Makyiah,1.0
Makyla,1.0
Makylah,1.0
Makylee,1.0
Makyleigh,1.0
Makylia,1.0
Makylie,1.0
Makyna,1.0
Makynlee,1.0
Makynlei,1.0
Makynleigh,1.0
Makynley,1.0
Makynli,1.0
Makynlie,1.0
Makynna,1.0
Makynsie,1.0
Makynze,1.0
Makynzee,1.0
Makynzi,1.0
Makiyha,1.0
Makita,1.0
Makisha,1.0
Makinly,1.0
Makiesha,1.0
Makieya,1.0
Makiko,1.0
Makila,1.0
Makilah,1.0
Makiley,1.0
Makina,1.0
Makini,1.0
Makinlee,1.0
Makinleigh,1.0
Makinley,1.0
Makinlie,1.0
Makinna,1.0
Makirah,1.0
Makinnah,1.0
Makinnley,1.0
Makinsey,1.0
Makinsley,1.0
Makinze,1.0
Makinzee,1.0
Makinzey,1.0
Makinzi,1.0
Makinzie,1.0
Makinzley,1.0
Makinzy,1.0
Makira,1.0
Makeesha,1.0
Makeena,1.0
Makeeba,1.0
Makeda,1.0
Maja,1.0
Majayla,1.0
Majda,1.0
Majeeda,1.0
Majel,1.0
Majella,1.0
Majenta,1.0
Majerle,1.0
Majesta,1.0
Majestee,1.0
Majesti,1.0
Majestie,1.0
Majestii,1.0
Majida,1.0
Majken,1.0
Majorie,1.0
Majorlynn,1.0
Majuma,1.0
Maka,1.0
Makada,1.0
Makaela,1.0
Makaelah,1.0
Makaelyn,1.0
Makaelynn,1.0
Makahia,1.0
Makahla,1.0
Makaia,1.0
Maizy,1.0
Maizlynn,1.0
Maizlyn,1.0
Maiya,1.0
Maitha,1.0
Maithe,1.0
Maithili,1.0
Maiti,1.0
Maitlin,1.0
Maitlyn,1.0
Maitreyi,1.0
Maitri,1.0
Maitte,1.0
Maive,1.0
Maiven,1.0
Maivy,1.0
Maiyah,1.0
Maizley,1.0
Maiyana,1.0
Maiyer,1.0
Maiysha,1.0
Maiza,1.0
Maizah,1.0
Maizee,1.0
Maizelynn,1.0
Maizey,1.0
Maizi,1.0
Maizie,1.0
Maizlee,1.0
Maizleigh,1.0
Makaila,1.0
Makailah,1.0
Makailee,1.0
Makaylen,1.0
Makaya,1.0
Makayah,1.0
Makayda,1.0
Makayela,1.0
Makayia,1.0
Makayiah,1.0
Makaylah,1.0
Makaylan,1.0
Makayle,1.0
Makaylea,1.0
Makaylee,1.0
Makayleigh,1.0
Makayley,1.0
Makasha,1.0
Makayli,1.0
Makaylia,1.0
Makayliah,1.0
Makaylie,1.0
Makaylin,1.0
Makaylla,1.0
Makayln,1.0
Makaylyn,1.0
Makaylynn,1.0
Makda,1.0
Makea,1.0
Makeba,1.0
Makasia,1.0
Makaria,1.0
Makailey,1.0
Makaleigh,1.0
Makaili,1.0
Makaily,1.0
Makailyn,1.0
Makailynn,1.0
Makaira,1.0
Makaiya,1.0
Makaiyah,1.0
Makaiyla,1.0
Makalah,1.0
Makalea,1.0
Makalee,1.0
Makalei,1.0
Makaley,1.0
Makarah,1.0
Makali,1.0
Makalia,1.0
Makaliah,1.0
Makalie,1.0
Makalla,1.0
Makalya,1.0
Makalyn,1.0
Makalynn,1.0
Makamae,1.0
Makanalei,1.0
Makanna,1.0
Makara,1.0
Magdline,1.0
Magdlene,1.0
Magdelyn,1.0
Madaline,1.0
Macklynn,1.0
Mackynze,1.0
Mackynzi,1.0
Mackynzie,1.0
Maclay,1.0
Maclayne,1.0
Macle,1.0
Maclovia,1.0
Maclynn,1.0
Macola,1.0
Macrina,1.0
Mactzil,1.0
Macye,1.0
Macynn,1.0
Mada,1.0
Madai,1.0
Madailein,1.0
Madajah,1.0
Madalaine,1.0
Madalee,1.0
Madaleine,1.0
Madalen,1.0
Madalena,1.0
Madalene,1.0
Madalie,1.0
Madaliene,1.0
Madalin,1.0
Macklee,1.0
Mackinzy,1.0
Mackinzi,1.0
Mackensey,1.0
Macilynn,1.0
Mackaela,1.0
Mackala,1.0
Mackanzie,1.0
Mackayla,1.0
Mackaylah,1.0
Mackaylee,1.0
Mackena,1.0
Mackenize,1.0
Mackenlee,1.0
Mackenlie,1.0
Mackennah,1.0
Mackensi,1.0
Mackinzey,1.0
Mackensy,1.0
Mackenze,1.0
Mackenzee,1.0
Mackenzey,1.0
Mackenziee,1.0
Mackenzye,1.0
Mackeyla,1.0
Mackinlee,1.0
Mackinsey,1.0
Mackinsley,1.0
Mackinze,1.0
Mackinzee,1.0
Madalina,1.0
Madalinn,1.0
Madelinne,1.0
Madalon,1.0
Maddisen,1.0
Maddisson,1.0
Maddisyn,1.0
Maddlynn,1.0
Maddy,1.0
Maddylynn,1.0
Maddysen,1.0
Maddysin,1.0
Maddyson,1.0
Madee,1.0
Madeeha,1.0
Madeira,1.0
Madel,1.0
Madelaine,1.0
Madelane,1.0
Madelayne,1.0
Madelein,1.0
Madeleina,1.0
Madelen,1.0
Madelena,1.0
Madelene,1.0
Madeley,1.0
Madeleyn,1.0
Madeliene,1.0
Madelin,1.0
Madelina,1.0
Madelinerose,1.0
Maddilynn,1.0
Maddilyn,1.0
Maddigan,1.0
Madaya,1.0
Madaly,1.0
Madalyn,1.0
Madalyne,1.0
Madalynn,1.0
Madalynne,1.0
Madani,1.0
Madany,1.0
Madasen,1.0
Madasin,1.0
Madason,1.0
Madasyn,1.0
Maday,1.0
Madchen,1.0
Maddielynn,1.0
Maddalena,1.0
Maddalyn,1.0
Maddalynn,1.0
Maddee,1.0
Maddelena,1.0
Maddelin,1.0
Maddeline,1.0
Maddelyn,1.0
Maddelynn,1.0
Maddi,1.0
Maddie,1.0
Maddielyn,1.0
Macilyn,1.0
Macil,1.0
Macii,1.0
Maciee,1.0
Lytonya,1.0
Lytzi,1.0
Lytzy,1.0
Lyubov,1.0
Lyudmila,1.0
Lyv,1.0
Lyvette,1.0
Lyvia,1.0
Lyvonne,1.0
Lywanda,1.0
Lyz,1.0
Lyza,1.0
Lyzah,1.0
Lyzandra,1.0
Lyzbeth,1.0
Lyzeth,1.0
Lyzette,1.0
Ma,1.0
Maaha,1.0
Maahika,1.0
Maahira,1.0
Maaike,1.0
Maali,1.0
Maaliyah,1.0
Maame,1.0
Maana,1.0
Maanasa,1.0
Lytonia,1.0
Lytisha,1.0
Lytina,1.0
Lyris,1.0
Lyra,1.0
Lyrae,1.0
Lyrah,1.0
Lyria,1.0
Lyrica,1.0
Lyricah,1.0
Lyrical,1.0
Lyricc,1.0
Lyrics,1.0
Lyrie,1.0
Lyrika,1.0
Lyrique,1.0
Lyrissa,1.0
Lytia,1.0
Lyrric,1.0
Lyryc,1.0
Lys,1.0
Lysa,1.0
Lysandra,1.0
Lysbeth,1.0
Lysette,1.0
Lysha,1.0
Lyshon,1.0
Lyssa,1.0
Lyssette,1.0
Lyta,1.0
Maansi,1.0
Maanvi,1.0
Maanya,1.0
Machaela,1.0
Macarena,1.0
Macaria,1.0
Macartney,1.0
Macayla,1.0
Macaylah,1.0
Macaylee,1.0
Macee,1.0
Macelyn,1.0
Macelynn,1.0
Macenna,1.0
Macenzi,1.0
Macenzie,1.0
Machala,1.0
Macalla,1.0
Machayla,1.0
Mache,1.0
Macheala,1.0
Machela,1.0
Machele,1.0
Machell,1.0
Machella,1.0
Machelle,1.0
Machia,1.0
Machiah,1.0
Machiya,1.0
Macia,1.0
Macara,1.0
Macall,1.0
Maari,1.0
Mabil,1.0
Maaria,1.0
Maariyah,1.0
Maat,1.0
Maaya,1.0
Mabelene,1.0
Mabelin,1.0
Mabeline,1.0
Mabell,1.0
Mabelle,1.0
Mabelyn,1.0
Maber,1.0
Mabeth,1.0
Mabinty,1.0
Macalah,1.0
Mablean,1.0
Mablene,1.0
Mabree,1.0
Mabri,1.0
Mabrie,1.0
Mabyn,1.0
Macady,1.0
Macaela,1.0
Macaila,1.0
Macailah,1.0
Macailyn,1.0
Macala,1.0
Madelinn,1.0
Madelis,1.0
Magdeline,1.0
Maeva,1.0
Maelin,1.0
Maelina,1.0
Maelis,1.0
Maeliyah,1.0
Maella,1.0
Maelle,1.0
Maellie,1.0
Maelly,1.0
Maeloni,1.0
Maely,1.0
Maelyn,1.0
Maelynn,1.0
Maelynne,1.0
Maelys,1.0
Maemi,1.0
Maeola,1.0
Maeoma,1.0
Maera,1.0
Maerene,1.0
Maerose,1.0
Maeryn,1.0
Maesa,1.0
Maesha,1.0
Maesie,1.0
Maesynn,1.0
Maeta,1.0
Maetta,1.0
Maelie,1.0
Maelia,1.0
Maeli,1.0
Maelah,1.0
Maedean,1.0
Maedell,1.0
Maedelle,1.0
Maedot,1.0
Maegan,1.0
Maegann,1.0
Maegen,1.0
Maeghan,1.0
Maeghen,1.0
Maegon,1.0
Maekayla,1.0
Maela,1.0
Maelahni,1.0
Maeley,1.0
Maelana,1.0
Maelani,1.0
Maelanie,1.0
Maelea,1.0
Maeleah,1.0
Maelee,1.0
Maeleen,1.0
Maelei,1.0
Maeleigh,1.0
Maelen,1.0
Maelena,1.0
Maelene,1.0
Maev,1.0
Maevah,1.0
Madeliz,1.0
Maevalynn,1.0
Magalene,1.0
Magalie,1.0
Magaline,1.0
Magalis,1.0
Magalli,1.0
Magally,1.0
Magaly,1.0
Magan,1.0
Magaret,1.0
Magarita,1.0
Magavi,1.0
Magda,1.0
Magdala,1.0
Magdalen,1.0
Magdalene,1.0
Magdali,1.0
Magdalia,1.0
Magdalina,1.0
Magdaline,1.0
Magdaly,1.0
Magdalyn,1.0
Magdalynn,1.0
Magdelana,1.0
Magdelena,1.0
Magdelene,1.0
Magdelin,1.0
Magdelina,1.0
Magalena,1.0
Magaby,1.0
Magabi,1.0
Maevry,1.0
Maeve,1.0
Maevee,1.0
Maevelyn,1.0
Maevelynn,1.0
Maeven,1.0
Maeverly,1.0
Maevery,1.0
Maevie,1.0
Maevin,1.0
Maevis,1.0
Maevlyn,1.0
Maevrie,1.0
Maevy,1.0
Mag,1.0
Maevyn,1.0
Maevynn,1.0
Maewyn,1.0
Maeya,1.0
Maezell,1.0
Maezi,1.0
Maezie,1.0
Maezlyn,1.0
Maezy,1.0
Mafalda,1.0
Mafata,1.0
Mafer,1.0
Maeda,1.0
Maecyn,1.0
Maecy,1.0
Maecie,1.0
Madhuri,1.0
Madi,1.0
Madia,1.0
Madiana,1.0
Madianna,1.0
Madicella,1.0
Madicyn,1.0
Madie,1.0
Madielyn,1.0
Madielynn,1.0
Madigan,1.0
Madiha,1.0
Madilee,1.0
Madilen,1.0
Madilene,1.0
Madilin,1.0
Madiline,1.0
Madilyn,1.0
Madilyne,1.0
Madilynn,1.0
Madilynne,1.0
Madina,1.0
Madinah,1.0
Madine,1.0
Madis,1.0
Madisan,1.0
Madisen,1.0
Madhura,1.0
Madhumitha,1.0
Madhumita,1.0
Madelys,1.0
Madell,1.0
Madella,1.0
Madelle,1.0
Madelline,1.0
Madellyn,1.0
Madellyne,1.0
Madelon,1.0
Madely,1.0
Madelyne,1.0
Madelyngrace,1.0
Madelynn,1.0
Madelynne,1.0
Madena,1.0
Madhulika,1.0
Madene,1.0
Madesen,1.0
Madeson,1.0
Madesyn,1.0
Madgalene,1.0
Madge,1.0
Madgel,1.0
Madgelene,1.0
Madgeline,1.0
Madgie,1.0
Madgline,1.0
Madhavi,1.0
Madisin,1.0
Madisongrace,1.0
Madisonrose,1.0
Madysyn,1.0
Madylen,1.0
Madylin,1.0
Madyline,1.0
Madylyn,1.0
Madylynn,1.0
Madyn,1.0
Madysan,1.0
Madysin,1.0
Madysn,1.0
Madyson,1.0
Madysson,1.0
Madysun,1.0
Maeanna,1.0
Mady,1.0
Maebel,1.0
Maebell,1.0
Maebelle,1.0
Maebh,1.0
Maeble,1.0
Maebree,1.0
Maebri,1.0
Maebrie,1.0
Maebry,1.0
Maeby,1.0
Maecee,1.0
Maeci,1.0
Madylan,1.0
Madsion,1.0
Madissen,1.0
Madlyne,1.0
Madisson,1.0
Madissyn,1.0
Madisun,1.0
Madisynn,1.0
Madisynne,1.0
Madiyson,1.0
Madizon,1.0
Madlen,1.0
Madlene,1.0
Madlin,1.0
Madline,1.0
Madlyn,1.0
Madlynn,1.0
Madrona,1.0
Madlynne,1.0
Madoka,1.0
Madolin,1.0
Madoline,1.0
Madolyn,1.0
Madolynn,1.0
Madona,1.0
Madonna,1.0
Madora,1.0
Madra,1.0
Madrene,1.0
Madria,1.0
Makynzie,1.0
Makyrah,1.0
Lyola,1.0
Mariadelourdes,1.0
Margurite,1.0
Marguritte,1.0
Margy,1.0
Marhia,1.0
Marhonda,1.0
Marhta,1.0
Mariaalejandra,1.0
Mariaalice,1.0
Mariaangela,1.0
Mariaangelica,1.0
Mariaann,1.0
Mariaantonia,1.0
Mariabelen,1.0
Mariabella,1.0
Mariacamila,1.0
Mariacecilia,1.0
Mariaceleste,1.0
Mariachristina,1.0
Mariaclara,1.0
Mariacristina,1.0
Mariade,1.0
Mariadejesus,1.0
Mariadel,1.0
Mariadelaluz,1.0
Mariadelcarmen,1.0
Mariadelos,1.0
Mariadelosang,1.0
Margurita,1.0
Marguriette,1.0
Marguriete,1.0
Margueriette,1.0
Margrete,1.0
Margretha,1.0
Margrethe,1.0
Margrett,1.0
Margretta,1.0
Margrette,1.0
Margrie,1.0
Margrit,1.0
Marguarite,1.0
Marguerete,1.0
Marguerette,1.0
Margueriete,1.0
Marguerit,1.0
Margurette,1.0
Marguerita,1.0
Margueritt,1.0
Margueritta,1.0
Margueritte,1.0
Marguery,1.0
Marguetta,1.0
Marguita,1.0
Marguitta,1.0
Margulia,1.0
Marguree,1.0
Marguret,1.0
Margurete,1.0
Mariadelosangel,1.0
Mariadelrosari,1.0
Margret,1.0
Mariadelrosario,1.0
Marialice,1.0
Marialicia,1.0
Marialis,1.0
Marialisa,1.0
Marializ,1.0
Marialucia,1.0
Marialuisa,1.0
Marialuiza,1.0
Marialy,1.0
Marialyce,1.0
Marialys,1.0
Mariama,1.0
Mariamawit,1.0
Mariame,1.0
Mariamne,1.0
Mariamu,1.0
Marianah,1.0
Mariane,1.0
Marianela,1.0
Marianella,1.0
Marianely,1.0
Mariangel,1.0
Mariangela,1.0
Mariangeles,1.0
Mariangelis,1.0
Mariangeliz,1.0
Mariangely,1.0
Mariali,1.0
Marialena,1.0
Mariale,1.0
Mariaguadalupe,1.0
Mariae,1.0
Mariaeduard,1.0
Mariaeduarda,1.0
Mariaelena,1.0
Mariaelisa,1.0
Mariaelizabeth,1.0
Mariaemilia,1.0
Mariaesther,1.0
Mariafernanda,1.0
Mariaflor,1.0
Mariagabriela,1.0
Mariagrazia,1.0
Mariaha,1.0
Marialaura,1.0
Mariahann,1.0
Mariahelena,1.0
Mariahlynn,1.0
Mariahna,1.0
Mariaines,1.0
Mariaisabel,1.0
Mariaisabella,1.0
Mariajose,1.0
Mariajulia,1.0
Marial,1.0
Marialaina,1.0
Marialana,1.0
Margreta,1.0
Margreet,1.0
Mala,1.0
Margarete,1.0
Marenna,1.0
Maresa,1.0
Maresha,1.0
Mareshah,1.0
Maressa,1.0
Maressia,1.0
Maret,1.0
Mareta,1.0
Maretha,1.0
Maretta,1.0
Marette,1.0
Marey,1.0
Mareya,1.0
Mareyah,1.0
Marfa,1.0
Marfil,1.0
Marg,1.0
Marga,1.0
Margaery,1.0
Margaet,1.0
Margalit,1.0
Margan,1.0
Margarat,1.0
Margare,1.0
Margaree,1.0
Margareta,1.0
Margaretann,1.0
Marene,1.0
Marenda,1.0
Marena,1.0
Mareka,1.0
Marea,1.0
Mareah,1.0
Mareda,1.0
Maredith,1.0
Maree,1.0
Mareen,1.0
Mareena,1.0
Mareesa,1.0
Mareesha,1.0
Mareike,1.0
Mareily,1.0
Mareisha,1.0
Marel,1.0
Mareme,1.0
Marelene,1.0
Mareli,1.0
Marelie,1.0
Marelin,1.0
Marelis,1.0
Marella,1.0
Marelle,1.0
Marelli,1.0
Marelly,1.0
Marely,1.0
Marelyn,1.0
Marelys,1.0
Margaretanne,1.0
Margareth,1.0
Margree,1.0
Margaretha,1.0
Margerette,1.0
Margerie,1.0
Margerine,1.0
Margerite,1.0
Margert,1.0
Margery,1.0
Marget,1.0
Margett,1.0
Margetta,1.0
Margette,1.0
Margeurite,1.0
Margey,1.0
Marggie,1.0
Margherita,1.0
Margherite,1.0
Margi,1.0
Margia,1.0
Margil,1.0
Margine,1.0
Margit,1.0
Margita,1.0
Margorie,1.0
Margory,1.0
Margot,1.0
Margoth,1.0
Margrate,1.0
Margreat,1.0
Margerett,1.0
Margerete,1.0
Margeret,1.0
Margart,1.0
Margarethe,1.0
Margaretjo,1.0
Margaretmary,1.0
Margarett,1.0
Margaretta,1.0
Margarette,1.0
Margarida,1.0
Margarie,1.0
Margarine,1.0
Margarit,1.0
Margarite,1.0
Margaritte,1.0
Margaruite,1.0
Margeree,1.0
Margary,1.0
Margaurite,1.0
Margaux,1.0
Marge,1.0
Margean,1.0
Margearet,1.0
Margeart,1.0
Margeaux,1.0
Margee,1.0
Margel,1.0
Margelene,1.0
Margena,1.0
Mariani,1.0
Marianie,1.0
Marianita,1.0
Mariposa,1.0
Mariluna,1.0
Mariluz,1.0
Marily,1.0
Marilyne,1.0
Marilynn,1.0
Marilynne,1.0
Marim,1.0
Marimar,1.0
Marinah,1.0
Marinda,1.0
Marinee,1.0
Marinel,1.0
Marinell,1.0
Marinella,1.0
Marinelle,1.0
Marines,1.0
Marinette,1.0
Marinez,1.0
Marini,1.0
Marinn,1.0
Marinna,1.0
Mariola,1.0
Mariolita,1.0
Mariona,1.0
Marionette,1.0
Marionna,1.0
Maripat,1.0
Marilu,1.0
Marilouise,1.0
Marilou,1.0
Marilena,1.0
Marijo,1.0
Marijon,1.0
Marijose,1.0
Marijuana,1.0
Marika,1.0
Marikate,1.0
Marikay,1.0
Marike,1.0
Marilda,1.0
Marilea,1.0
Marilee,1.0
Marileen,1.0
Marilene,1.0
Marilon,1.0
Marileysis,1.0
Marili,1.0
Marilia,1.0
Marilin,1.0
Marilina,1.0
Marilinda,1.0
Marilis,1.0
Marilisa,1.0
Mariliz,1.0
Marilla,1.0
Marillany,1.0
Marillyn,1.0
Maripaz,1.0
Mariquita,1.0
Mariann,1.0
Marirose,1.0
Maritsa,1.0
Maritssa,1.0
Maritta,1.0
Maritzabel,1.0
Marium,1.0
Mariuxi,1.0
Marivel,1.0
Marivell,1.0
Marivella,1.0
Marivelle,1.0
Marivi,1.0
Marivic,1.0
Marivy,1.0
Marixa,1.0
Marixsa,1.0
Marixza,1.0
Mariya,1.0
Mariyah,1.0
Mariyam,1.0
Mariyan,1.0
Mariyana,1.0
Mariyani,1.0
Mariyanna,1.0
Mariyha,1.0
Mariyonna,1.0
Mariza,1.0
Marizela,1.0
Marithza,1.0
Maritha,1.0
Maritess,1.0
Marisia,1.0
Mariruth,1.0
Marisabel,1.0
Marisah,1.0
Marisal,1.0
Marise,1.0
Marisel,1.0
Mariselda,1.0
Marisella,1.0
Marish,1.0
Marisha,1.0
Marishia,1.0
Marishka,1.0
Mariska,1.0
Marites,1.0
Marisleysi,1.0
Marisleysis,1.0
Marison,1.0
Mariss,1.0
Marissah,1.0
Marissia,1.0
Marista,1.0
Maristella,1.0
Marisue,1.0
Marit,1.0
Marita,1.0
Maritere,1.0
Marijke,1.0
Marijean,1.0
Marijayne,1.0
Marijane,1.0
Maricarmen,1.0
Maricel,1.0
Maricelda,1.0
Maricelis,1.0
Maricella,1.0
Maricely,1.0
Maricelys,1.0
Maricha,1.0
Marichelle,1.0
Marichuy,1.0
Maricia,1.0
Maricielo,1.0
Maricka,1.0
Mariclare,1.0
Maricris,1.0
Maricrus,1.0
Maricruz,1.0
Maricsa,1.0
Maricza,1.0
Marida,1.0
Maridean,1.0
Maridee,1.0
Maridel,1.0
Maridell,1.0
Marideth,1.0
Maridith,1.0
Mariea,1.0
Maricar,1.0
Marica,1.0
Mariby,1.0
Mariatheresa,1.0
Marianna,1.0
Mariannah,1.0
Marianny,1.0
Marianthi,1.0
Mariany,1.0
Mariapaula,1.0
Mariapaz,1.0
Mariarosa,1.0
Mariarose,1.0
Mariasha,1.0
Mariasofia,1.0
Mariateresa,1.0
Mariatou,1.0
Maribi,1.0
Mariauna,1.0
Mariavalentina,1.0
Mariavictoria,1.0
Mariavitoria,1.0
Mariaximena,1.0
Mariaya,1.0
Mariazel,1.0
Maribela,1.0
Maribell,1.0
Maribella,1.0
Maribelle,1.0
Maribeth,1.0
Marieana,1.0
Marieange,1.0
Marieann,1.0
Marigail,1.0
Mariesa,1.0
Mariesha,1.0
Mariessa,1.0
Marieta,1.0
Marieth,1.0
Marietha,1.0
Marietherese,1.0
Marietou,1.0
Marietta,1.0
Mariette,1.0
Marifer,1.0
Marifrances,1.0
Marigene,1.0
Marienne,1.0
Marigny,1.0
Marigold,1.0
Marigrace,1.0
Mariha,1.0
Mariham,1.0
Marihanna,1.0
Marihelen,1.0
Marii,1.0
Mariia,1.0
Marija,1.0
Marijah,1.0
Marijana,1.0
Marierose,1.0
Mariene,1.0
Marieanna,1.0
Marielisa,1.0
Marieanne,1.0
Mariechristine,1.0
Marieclaire,1.0
Marieda,1.0
Marieelena,1.0
Mariejeanne,1.0
Marieka,1.0
Marieke,1.0
Mariele,1.0
Marielena,1.0
Marieli,1.0
Marielis,1.0
Marieliz,1.0
Mariena,1.0
Mariell,1.0
Mariella,1.0
Marielle,1.0
Mariellen,1.0
Marielly,1.0
Marielos,1.0
Marielouise,1.0
Mariely,1.0
Marielys,1.0
Mariem,1.0
Marieme,1.0
Marien,1.0
Mardiya,1.0
Mardith,1.0
Mardine,1.0
Malkah,1.0
Malikiya,1.0
Malikka,1.0
Malila,1.0
Malilah,1.0
Malillani,1.0
Malillany,1.0
Malina,1.0
Malinah,1.0
Malinalli,1.0
Malinda,1.0
Malindia,1.0
Maline,1.0
Malini,1.0
Malira,1.0
Malisa,1.0
Malise,1.0
Malisha,1.0
Malisia,1.0
Malissa,1.0
Malissia,1.0
Malissie,1.0
Malita,1.0
Maliya,1.0
Maliyah,1.0
Maliyani,1.0
Maliyha,1.0
Maliza,1.0
Maliha,1.0
Malieya,1.0
Malieka,1.0
Malia,1.0
Malesha,1.0
Malesia,1.0
Malessa,1.0
Maleta,1.0
Maletha,1.0
Malette,1.0
Maley,1.0
Maleya,1.0
Maleyah,1.0
Maleyiah,1.0
Maleyna,1.0
Malgorzata,1.0
Maliah,1.0
Malieah,1.0
Maliaka,1.0
Malialani,1.0
Malian,1.0
Maliana,1.0
Maliaya,1.0
Maliayah,1.0
Malibu,1.0
Malica,1.0
Malicia,1.0
Malicka,1.0
Malie,1.0
Maliea,1.0
Malk,1.0
Malke,1.0
Malyka,1.0
Malkia,1.0
Malonnie,1.0
Malora,1.0
Maloree,1.0
Malorey,1.0
Malori,1.0
Malorie,1.0
Malory,1.0
Malou,1.0
Malta,1.0
Maltie,1.0
Maluhia,1.0
Malulani,1.0
Malva,1.0
Malvena,1.0
Malvene,1.0
Malvenia,1.0
Malvery,1.0
Malvie,1.0
Malvika,1.0
Malvina,1.0
Malvine,1.0
Malwina,1.0
Maly,1.0
Malya,1.0
Malyah,1.0
Malyha,1.0
Malyia,1.0
Malonni,1.0
Malonna,1.0
Malonii,1.0
Malli,1.0
Malkie,1.0
Malky,1.0
Mallak,1.0
Mallari,1.0
Mallarie,1.0
Mallary,1.0
Mallee,1.0
Mallely,1.0
Mallerie,1.0
Mallerly,1.0
Mallery,1.0
Malley,1.0
Mallia,1.0
Malonie,1.0
Mallika,1.0
Mallina,1.0
Mallisa,1.0
Mallissa,1.0
Malliyah,1.0
Malloree,1.0
Mallorey,1.0
Mallori,1.0
Mallorie,1.0
Mally,1.0
Malonda,1.0
Maloni,1.0
Malesa,1.0
Malery,1.0
Malerie,1.0
Maleri,1.0
Malalai,1.0
Malana,1.0
Malanah,1.0
Malanda,1.0
Malanee,1.0
Malaney,1.0
Malania,1.0
Malanie,1.0
Malanii,1.0
Malanna,1.0
Malanni,1.0
Malany,1.0
Malanya,1.0
Malaree,1.0
Malari,1.0
Malarie,1.0
Malary,1.0
Malasha,1.0
Malashia,1.0
Malasia,1.0
Malaun,1.0
Malauni,1.0
Malavika,1.0
Malay,1.0
Malaya,1.0
Malayah,1.0
Malayasia,1.0
Malala,1.0
Malaka,1.0
Malajia,1.0
Malaica,1.0
Malaak,1.0
Malacia,1.0
Malack,1.0
Malae,1.0
Malaeka,1.0
Malaena,1.0
Malaeya,1.0
Malahn,1.0
Malahni,1.0
Malai,1.0
Malaia,1.0
Malaiah,1.0
Malaija,1.0
Malajah,1.0
Malaijah,1.0
Malaika,1.0
Malaikah,1.0
Malaila,1.0
Malaina,1.0
Malaine,1.0
Malaini,1.0
Malaisha,1.0
Malaisia,1.0
Malaiya,1.0
Malaiyah,1.0
Malaja,1.0
Malaycia,1.0
Malayha,1.0
Malayia,1.0
Maleisha,1.0
Maleeya,1.0
Maleeyah,1.0
Maleficent,1.0
Maleha,1.0
Malei,1.0
Maleia,1.0
Maleiah,1.0
Maleigh,1.0
Maleigha,1.0
Maleika,1.0
Maleina,1.0
Maleini,1.0
Maleiya,1.0
Maleena,1.0
Maleiyah,1.0
Maleka,1.0
Malekia,1.0
Malena,1.0
Malenda,1.0
Malene,1.0
Maleni,1.0
Malenia,1.0
Malenie,1.0
Malenna,1.0
Malenny,1.0
Maleny,1.0
Maleesa,1.0
Maleeka,1.0
Malayiah,1.0
Malayzia,1.0
Malayja,1.0
Malayjah,1.0
Malayka,1.0
Malayla,1.0
Malaylah,1.0
Malayna,1.0
Malaynah,1.0
Malaysa,1.0
Malaysha,1.0
Malayshia,1.0
Malaysia,1.0
Malaysiah,1.0
Malaz,1.0
Maleehah,1.0
Malazia,1.0
Malda,1.0
Malea,1.0
Maleah,1.0
Maleaha,1.0
Maleana,1.0
Maleaya,1.0
Malecia,1.0
Malee,1.0
Maleea,1.0
Maleeah,1.0
Maleeha,1.0
Malyiah,1.0
Malyla,1.0
Mardina,1.0
Marceen,1.0
Maranda,1.0
Marandia,1.0
Marangely,1.0
Marasia,1.0
Maratha,1.0
Maravene,1.0
Maravilla,1.0
Maray,1.0
Maraya,1.0
Marayah,1.0
Marayla,1.0
Marayna,1.0
Marba,1.0
Marbel,1.0
Marbeli,1.0
Marbella,1.0
Marbely,1.0
Marbeth,1.0
Marbeya,1.0
Marca,1.0
Marcail,1.0
Marcalene,1.0
Marcasia,1.0
Marcayla,1.0
Marcea,1.0
Marceda,1.0
Marcedez,1.0
Maran,1.0
Maramawit,1.0
Maram,1.0
Maraiah,1.0
Marabell,1.0
Marabella,1.0
Marabelle,1.0
Marabeth,1.0
Maradee,1.0
Maradith,1.0
Marae,1.0
Maragaret,1.0
Maragret,1.0
Marah,1.0
Marai,1.0
Maraia,1.0
Maraih,1.0
Maralynn,1.0
Maraina,1.0
Marais,1.0
Maraiya,1.0
Maraja,1.0
Marajade,1.0
Maraki,1.0
Maral,1.0
Maralee,1.0
Maralene,1.0
Marali,1.0
Maralou,1.0
Maralyn,1.0
Marcee,1.0
Marceia,1.0
Malyn,1.0
Marceil,1.0
Marchita,1.0
Marciana,1.0
Marciann,1.0
Marcianna,1.0
Marcianne,1.0
Marciela,1.0
Marciella,1.0
Marcile,1.0
Marcilene,1.0
Marcilla,1.0
Marcille,1.0
Marcina,1.0
Marcinda,1.0
Marcine,1.0
Marcisha,1.0
Marcita,1.0
Marclene,1.0
Marcyanna,1.0
Marda,1.0
Mardean,1.0
Mardee,1.0
Mardeen,1.0
Mardel,1.0
Mardella,1.0
Mardelle,1.0
Mardena,1.0
Mardene,1.0
Marchie,1.0
Marchia,1.0
Marchetta,1.0
Marcellina,1.0
Marceille,1.0
Marcela,1.0
Marcelaine,1.0
Marcele,1.0
Marceleen,1.0
Marcelena,1.0
Marcelene,1.0
Marcelia,1.0
Marcelina,1.0
Marceline,1.0
Marcellene,1.0
Marcellia,1.0
Marcelline,1.0
Marcheta,1.0
Marcellyn,1.0
Marcelyn,1.0
Marcena,1.0
Marcene,1.0
Marcenia,1.0
Marcetta,1.0
Marcey,1.0
Marcha,1.0
Marchae,1.0
Marchele,1.0
Marchelle,1.0
Marchesa,1.0
Marabel,1.0
Maraam,1.0
Maquita,1.0
Maquisha,1.0
Manaswini,1.0
Manat,1.0
Manavi,1.0
Manaya,1.0
Manda,1.0
Mandala,1.0
Mandalin,1.0
Mandalyn,1.0
Mandalynn,1.0
Mandana,1.0
Mande,1.0
Mandee,1.0
Mandelyn,1.0
Mandey,1.0
Mandi,1.0
Mandie,1.0
Mandilyn,1.0
Mandisa,1.0
Mandisha,1.0
Mandolin,1.0
Mandolyn,1.0
Mandra,1.0
Mandria,1.0
Mandye,1.0
Mane,1.0
Manee,1.0
Maneesha,1.0
Manasvini,1.0
Manasvi,1.0
Manasi,1.0
Mami,1.0
Malyna,1.0
Malynda,1.0
Malynn,1.0
Malysa,1.0
Malysia,1.0
Malyssa,1.0
Malyun,1.0
Malzie,1.0
Mama,1.0
Maman,1.0
Mame,1.0
Mamediarra,1.0
Mammie,1.0
Manasa,1.0
Mamta,1.0
Mamy,1.0
Mamye,1.0
Manaal,1.0
Manada,1.0
Manahal,1.0
Manahel,1.0
Manahil,1.0
Manal,1.0
Manali,1.0
Manami,1.0
Manara,1.0
Maneh,1.0
Maneka,1.0
Maneli,1.0
Manuella,1.0
Manogna,1.0
Manola,1.0
Manouchka,1.0
Manoy,1.0
Manreet,1.0
Manroop,1.0
Mansha,1.0
Manshi,1.0
Mansi,1.0
Mansirat,1.0
Mantasha,1.0
Manuelita,1.0
Manushri,1.0
Mannat,1.0
Manvi,1.0
Manvitha,1.0
Many,1.0
Manya,1.0
Manyah,1.0
Manyla,1.0
Maomi,1.0
Maori,1.0
Mapuana,1.0
Maquel,1.0
Maquela,1.0
Maquetta,1.0
Mannette,1.0
Manna,1.0
Manelyk,1.0
Manijah,1.0
Manerva,1.0
Manervia,1.0
Manesha,1.0
Manessa,1.0
Manetta,1.0
Manette,1.0
Manha,1.0
Mania,1.0
Maniah,1.0
Manica,1.0
Manie,1.0
Manija,1.0
Manijeh,1.0
Manju,1.0
Manika,1.0
Manila,1.0
Manilla,1.0
Manina,1.0
Manique,1.0
Manisa,1.0
Manisha,1.0
Manita,1.0
Maniya,1.0
Maniyah,1.0
Manjari,1.0
Manjit,1.0
Lyonna,1.0
Lynzy,1.0
Lenalee,1.0
Lilymarie,1.0
Lilou,1.0
Lilu,1.0
Lilya,1.0
Lilyah,1.0
Lilyahna,1.0
Lilyan,1.0
Lilyana,1.0
Lilyanah,1.0
Lilyane,1.0
Lilyani,1.0
Lilyann,1.0
Lilyanna,1.0
Lilyannah,1.0
Lilyanne,1.0
Lilyauna,1.0
Lilyaunna,1.0
Lilybelle,1.0
Lilybeth,1.0
Lilyen,1.0
Lilygrace,1.0
Lilyian,1.0
Lilyiana,1.0
Lilyin,1.0
Lilyjane,1.0
Lilyjo,1.0
Lilykate,1.0
Lilylynn,1.0
Lillyth,1.0
Lillyrose,1.0
Lillyonna,1.0
Lillyauna,1.0
Lilliyan,1.0
Lilliyn,1.0
Lillya,1.0
Lillyah,1.0
Lillyahna,1.0
Lillyan,1.0
Lillyana,1.0
Lillyanah,1.0
Lillyann,1.0
Lillyanna,1.0
Lillyannah,1.0
Lillyanne,1.0
Lillyaunna,1.0
Lillyona,1.0
Lillybelle,1.0
Lillybeth,1.0
Lillye,1.0
Lillyen,1.0
Lillyian,1.0
Lillyin,1.0
Lillyjo,1.0
Lillykate,1.0
Lillymae,1.0
Lillymay,1.0
Lillyn,1.0
Lillynn,1.0
Lilymae,1.0
Lilymay,1.0
Lillis,1.0
Lilynn,1.0
Lindella,1.0
Lindey,1.0
Lindi,1.0
Lindia,1.0
Lindie,1.0
Lindita,1.0
Lindiwe,1.0
Lindly,1.0
Lindola,1.0
Lindora,1.0
Lindra,1.0
Lindsae,1.0
Lindse,1.0
Lindsea,1.0
Lindsee,1.0
Lindsi,1.0
Lindsie,1.0
Lindyn,1.0
Lindzee,1.0
Lindzey,1.0
Lindzi,1.0
Lindzie,1.0
Lindzy,1.0
Linea,1.0
Linelle,1.0
Linen,1.0
Linesha,1.0
Lindee,1.0
Linde,1.0
Linday,1.0
Linaya,1.0
Lilyona,1.0
Lilyonna,1.0
Lilyrae,1.0
Lilyrose,1.0
Lilyth,1.0
Lima,1.0
Limairy,1.0
Limayri,1.0
Limor,1.0
Linae,1.0
Linah,1.0
Linay,1.0
Linayah,1.0
Lindasy,1.0
Lincey,1.0
Lincy,1.0
Lindaa,1.0
Lindaann,1.0
Lindajean,1.0
Lindajo,1.0
Lindalee,1.0
Lindalou,1.0
Lindamaria,1.0
Lindamarie,1.0
Lindarose,1.0
Lindasue,1.0
Lillith,1.0
Lillionna,1.0
Lluliana,1.0
Lilika,1.0
Lili,1.0
Liliah,1.0
Liliahna,1.0
Liliam,1.0
Lilian,1.0
Lilianah,1.0
Lilianarose,1.0
Liliane,1.0
Liliani,1.0
Liliann,1.0
Lilianna,1.0
Liliannah,1.0
Lilianne,1.0
Lilianny,1.0
Liliano,1.0
Liliany,1.0
Lilias,1.0
Liliauna,1.0
Lilibet,1.0
Lilibeth,1.0
Lilica,1.0
Lilie,1.0
Lilien,1.0
Lilienne,1.0
Lilieth,1.0
Liliette,1.0
Lilija,1.0
Liley,1.0
Lilette,1.0
Liler,1.0
Lilan,1.0
Lika,1.0
Likesha,1.0
Likhita,1.0
Likhitha,1.0
Likisha,1.0
Likita,1.0
Lil,1.0
Lilabeth,1.0
Lilac,1.0
Lilagrace,1.0
Lilah,1.0
Lilamae,1.0
Lilana,1.0
Lileigh,1.0
Lilandra,1.0
Lilani,1.0
Lilany,1.0
Lilar,1.0
Lilarose,1.0
Lilas,1.0
Lilea,1.0
Lileah,1.0
Lileana,1.0
Lilee,1.0
Lileeann,1.0
Lileia,1.0
Lilijana,1.0
Lilikoi,1.0
Lilliona,1.0
Lilinoe,1.0
Lillia,1.0
Lilliah,1.0
Lilliahna,1.0
Lilliam,1.0
Lilliana,1.0
Lillianah,1.0
Lilliane,1.0
Lilliangrace,1.0
Lilliani,1.0
Lilliann,1.0
Lillianna,1.0
Lilliannah,1.0
Lillianne,1.0
Lillianrose,1.0
Lillias,1.0
Lilliauna,1.0
Lilliaunna,1.0
Lillibeth,1.0
Lillieana,1.0
Lillieann,1.0
Lillieanna,1.0
Lillieanne,1.0
Lilliebell,1.0
Lilliemae,1.0
Lillien,1.0
Lillienne,1.0
Lillion,1.0
Lilli,1.0
Lilley,1.0
Lillette,1.0
Liliyanna,1.0
Liliona,1.0
Lilionna,1.0
Lilirose,1.0
Lilit,1.0
Lilita,1.0
Lilith,1.0
Lilithrose,1.0
Lilium,1.0
Liliuokalani,1.0
Liliya,1.0
Liliyan,1.0
Liliyana,1.0
Lilja,1.0
Liller,1.0
Lill,1.0
Lilla,1.0
Lillah,1.0
Lillain,1.0
Lillan,1.0
Lillar,1.0
Lille,1.0
Lillea,1.0
Lilleah,1.0
Lillee,1.0
Lilleeana,1.0
Lilleigh,1.0
Linet,1.0
Lineth,1.0
Linett,1.0
Lizann,1.0
Livinia,1.0
Liviya,1.0
Livv,1.0
Livvi,1.0
Livvie,1.0
Livvy,1.0
Livy,1.0
Livya,1.0
Lixy,1.0
Liya,1.0
Liyah,1.0
Liyana,1.0
Liyanah,1.0
Liyanna,1.0
Liyara,1.0
Liyat,1.0
Liyla,1.0
Liylah,1.0
Liyu,1.0
Liz,1.0
Lizabella,1.0
Lizabelle,1.0
Lizabeth,1.0
Lizah,1.0
Lizaida,1.0
Lizamarie,1.0
Lizandra,1.0
Livija,1.0
Livier,1.0
Livienne,1.0
Liv,1.0
Litonia,1.0
Litonya,1.0
Litsa,1.0
Litsi,1.0
Litsy,1.0
Litta,1.0
Littie,1.0
Littzy,1.0
Litza,1.0
Litzi,1.0
Litzie,1.0
Litzzy,1.0
Liva,1.0
Livie,1.0
Livana,1.0
Livanna,1.0
Livea,1.0
Livee,1.0
Lively,1.0
Livi,1.0
Livia,1.0
Liviah,1.0
Livian,1.0
Liviana,1.0
Liviann,1.0
Livianna,1.0
Lizania,1.0
Lizanne,1.0
Linetta,1.0
Lizbeht,1.0
Lizzete,1.0
Lizzeth,1.0
Lizzett,1.0
Lizzette,1.0
Lizzi,1.0
Lizzieann,1.0
Lizzy,1.0
Ljiljana,1.0
Lladira,1.0
Llamile,1.0
Llana,1.0
Llaneli,1.0
Llanet,1.0
Llareli,1.0
Llarely,1.0
Llasmin,1.0
Llayla,1.0
Llecenia,1.0
Llenifer,1.0
Llesenia,1.0
Llesica,1.0
Llia,1.0
Llinda,1.0
Lloana,1.0
Llona,1.0
Lloydene,1.0
Lloydine,1.0
Lizzet,1.0
Lizzbeth,1.0
Lizza,1.0
Lizett,1.0
Lizbella,1.0
Lizbet,1.0
Lizbett,1.0
Lizbette,1.0
Lizbhet,1.0
Lize,1.0
Lizeht,1.0
Lizel,1.0
Lizelle,1.0
Lizet,1.0
Lizete,1.0
Lizethe,1.0
Lizetta,1.0
Lizz,1.0
Lizhet,1.0
Lizie,1.0
Lizmar,1.0
Lizmari,1.0
Lizmarie,1.0
Lizmary,1.0
Lizneidy,1.0
Lizsandra,1.0
Lizvet,1.0
Lizveth,1.0
Lizvette,1.0
Lizy,1.0
Lititia,1.0
Litisha,1.0
Liticia,1.0
Litia,1.0
Linsi,1.0
Linsie,1.0
Linsy,1.0
Linze,1.0
Linzee,1.0
Linzi,1.0
Liola,1.0
Liona,1.0
Lionela,1.0
Lionna,1.0
Lionor,1.0
Liora,1.0
Liorah,1.0
Lira,1.0
Lirael,1.0
Lirah,1.0
Liria,1.0
Liridona,1.0
Liriel,1.0
Lirije,1.0
Lirio,1.0
Lis,1.0
Lisaann,1.0
Lisaanne,1.0
Lisabella,1.0
Lisabelle,1.0
Lisabeth,1.0
Linsee,1.0
Linsdey,1.0
Linsday,1.0
Linnae,1.0
Linette,1.0
Lingxi,1.0
Lingyi,1.0
Linhchi,1.0
Linie,1.0
Linita,1.0
Liniyah,1.0
Linkynn,1.0
Linlee,1.0
Linleigh,1.0
Linly,1.0
Linna,1.0
Linnaea,1.0
Linsay,1.0
Linnda,1.0
Linne,1.0
Linnea,1.0
Linneah,1.0
Linnet,1.0
Linnett,1.0
Linnetta,1.0
Linnette,1.0
Linnzi,1.0
Linora,1.0
Linoshka,1.0
Linoy,1.0
Lisah,1.0
Lisaira,1.0
Lisajean,1.0
Lissett,1.0
Lislie,1.0
Lismari,1.0
Lismarie,1.0
Lismary,1.0
Liss,1.0
Lissa,1.0
Lissandra,1.0
Lissbet,1.0
Lissbeth,1.0
Lisset,1.0
Lissete,1.0
Lisseth,1.0
Lissianna,1.0
Lisia,1.0
Lissie,1.0
Lissy,1.0
Lisvet,1.0
Lisveth,1.0
Lisvette,1.0
Lita,1.0
Lital,1.0
Litany,1.0
Litasha,1.0
Litcy,1.0
Litha,1.0
Lithzy,1.0
Lisl,1.0
Lisi,1.0
Lisajo,1.0
Lisbett,1.0
Lisamaria,1.0
Lisamarie,1.0
Lisandra,1.0
Lisania,1.0
Lisann,1.0
Lisanna,1.0
Lisanne,1.0
Lisbed,1.0
Lisbel,1.0
Lisbella,1.0
Lisbet,1.0
Lisbeth,1.0
Lise,1.0
Lishia,1.0
Lised,1.0
Lisel,1.0
Liseli,1.0
Liselle,1.0
Liserly,1.0
Liset,1.0
Lisete,1.0
Liseth,1.0
Lisett,1.0
Lisetta,1.0
Lisette,1.0
Lisha,1.0
Lijana,1.0
Lija,1.0
Liisa,1.0
Leslieanne,1.0
Leshawna,1.0
Leshawnda,1.0
Leshay,1.0
Leshe,1.0
Leshea,1.0
Lesheena,1.0
Lesheka,1.0
Leshell,1.0
Leshelle,1.0
Leshia,1.0
Leshly,1.0
Leshonda,1.0
Leshunda,1.0
Lesi,1.0
Lesia,1.0
Lesie,1.0
Lesieli,1.0
Lesle,1.0
Leslea,1.0
Leslei,1.0
Lesleigh,1.0
Lesleyann,1.0
Lesleyanne,1.0
Lesli,1.0
Leslian,1.0
Lesliann,1.0
Leslianne,1.0
Leshaundra,1.0
Leshaunda,1.0
Leshauna,1.0
Lerlean,1.0
Lequitta,1.0
Lera,1.0
Lerae,1.0
Lerah,1.0
Lerena,1.0
Leresa,1.0
Leretha,1.0
Lerhonda,1.0
Leriah,1.0
Lerissa,1.0
Lerita,1.0
Leriyah,1.0
Lerlene,1.0
Leshanta,1.0
Lerline,1.0
Leronda,1.0
Leronia,1.0
Leroya,1.0
Leryn,1.0
Lesandra,1.0
Lesbia,1.0
Lesedi,1.0
Lesette,1.0
Lesha,1.0
Leshae,1.0
Leshanda,1.0
Leslieann,1.0
Lesliee,1.0
Lettica,1.0
Leslly,1.0
Letia,1.0
Letica,1.0
Leticha,1.0
Letina,1.0
Letisa,1.0
Letisha,1.0
Letishia,1.0
Letisia,1.0
Letita,1.0
Letitia,1.0
Letizia,1.0
Letonia,1.0
Letonya,1.0
Letoria,1.0
Letosha,1.0
Letoya,1.0
Letrece,1.0
Letrecia,1.0
Letrese,1.0
Letriana,1.0
Letrica,1.0
Letrice,1.0
Letricia,1.0
Letrina,1.0
Letrisha,1.0
Letta,1.0
Letti,1.0
Leti,1.0
Lethie,1.0
Lethia,1.0
Lesvia,1.0
Leslyann,1.0
Leslye,1.0
Leslyn,1.0
Lessa,1.0
Lessette,1.0
Lessia,1.0
Lessli,1.0
Lessly,1.0
Lesta,1.0
Lestie,1.0
Lestina,1.0
Lestine,1.0
Leta,1.0
Lethea,1.0
Letah,1.0
Letanya,1.0
Letara,1.0
Letarsha,1.0
Letasha,1.0
Letavia,1.0
Letecia,1.0
Leteisha,1.0
Letesha,1.0
Leteshia,1.0
Letetia,1.0
Lethe,1.0
Lequita,1.0
Lequisha,1.0
Lequinta,1.0
Lequetta,1.0
Lenetta,1.0
Lenette,1.0
Leneve,1.0
Lenia,1.0
Leniah,1.0
Lenice,1.0
Leniece,1.0
Lenika,1.0
Lenina,1.0
Lenise,1.0
Lenisha,1.0
Lenita,1.0
Leniya,1.0
Leniyah,1.0
Lenka,1.0
Lenna,1.0
Lennea,1.0
Lennen,1.0
Lenner,1.0
Lennett,1.0
Lennetta,1.0
Lennette,1.0
Lennia,1.0
Lennice,1.0
Lennora,1.0
Lenoir,1.0
Lenola,1.0
Lenett,1.0
Leneta,1.0
Lenesha,1.0
Lender,1.0
Lenamae,1.0
Lenamarie,1.0
Lenar,1.0
Lenash,1.0
Lenasia,1.0
Lenay,1.0
Lenaya,1.0
Lenayah,1.0
Lenci,1.0
Lencola,1.0
Lency,1.0
Lenda,1.0
Lendia,1.0
Lener,1.0
Lendora,1.0
Lendra,1.0
Lendsey,1.0
Lendy,1.0
Lene,1.0
Lenea,1.0
Leneah,1.0
Lenecia,1.0
Lenee,1.0
Leneisha,1.0
Leneka,1.0
Lenelle,1.0
Lenona,1.0
Lenor,1.0
Lenorah,1.0
Leonora,1.0
Leonie,1.0
Leonila,1.0
Leonilda,1.0
Leonilla,1.0
Leonise,1.0
Leonisha,1.0
Leonita,1.0
Leonna,1.0
Leonnah,1.0
Leonne,1.0
Leonni,1.0
Leonnie,1.0
Leonore,1.0
Leonice,1.0
Leontina,1.0
Leontine,1.0
Leontyne,1.0
Leorah,1.0
Leoria,1.0
Leosha,1.0
Leota,1.0
Leother,1.0
Leotie,1.0
Leotta,1.0
Lepha,1.0
Lequesha,1.0
Leonida,1.0
Leonia,1.0
Lenoria,1.0
Leoler,1.0
Lensa,1.0
Lensey,1.0
Lenya,1.0
Lenzi,1.0
Leoba,1.0
Leocadia,1.0
Leoda,1.0
Leokadia,1.0
Leokadja,1.0
Leokadya,1.0
Leolani,1.0
Leolar,1.0
Leolia,1.0
Leonette,1.0
Leoma,1.0
Leomi,1.0
Leomia,1.0
Leonah,1.0
Leonara,1.0
Leonarda,1.0
Leonda,1.0
Leondria,1.0
Leonela,1.0
Leonella,1.0
Leoner,1.0
Leonetta,1.0
Lettia,1.0
Lettice,1.0
Lihi,1.0
Libeth,1.0
Lianette,1.0
Liani,1.0
Lianie,1.0
Lianis,1.0
Liann,1.0
Lianna,1.0
Liannah,1.0
Lianne,1.0
Liannette,1.0
Lianni,1.0
Liannie,1.0
Lianny,1.0
Liannys,1.0
Liany,1.0
Lianys,1.0
Liara,1.0
Liasia,1.0
Liat,1.0
Liba,1.0
Libbey,1.0
Libbi,1.0
Libbie,1.0
Libera,1.0
Liberta,1.0
Libertad,1.0
Libertee,1.0
Liberti,1.0
Lianett,1.0
Lianeth,1.0
Lianet,1.0
Lezlie,1.0
Leyra,1.0
Leyre,1.0
Leysha,1.0
Leysi,1.0
Leyu,1.0
Leza,1.0
Lezah,1.0
Lezanne,1.0
Lezette,1.0
Lezlee,1.0
Lezley,1.0
Lezli,1.0
Lezly,1.0
Liane,1.0
Lhea,1.0
Liadan,1.0
Liah,1.0
Liahna,1.0
Liahona,1.0
Liala,1.0
Lialah,1.0
Liamani,1.0
Liana,1.0
Lianabel,1.0
Lianah,1.0
Liandra,1.0
Libertie,1.0
Libi,1.0
Letticia,1.0
Libia,1.0
Lielah,1.0
Lielle,1.0
Liena,1.0
Lienna,1.0
Liera,1.0
Lieren,1.0
Lierin,1.0
Lierra,1.0
Liesa,1.0
Liese,1.0
Liesel,1.0
Lieselotte,1.0
Liesha,1.0
Liesl,1.0
Liette,1.0
Lieu,1.0
Lieve,1.0
Lieza,1.0
Liezel,1.0
Liezl,1.0
Lifsha,1.0
Ligaya,1.0
Ligeia,1.0
Ligia,1.0
Ligita,1.0
Liha,1.0
Lihanna,1.0
Liela,1.0
Lieba,1.0
Lidya,1.0
Licia,1.0
Libna,1.0
Libni,1.0
Libny,1.0
Liboria,1.0
Libra,1.0
Librada,1.0
Liby,1.0
Libya,1.0
Lica,1.0
Licet,1.0
Licette,1.0
Lichelle,1.0
Liczy,1.0
Lidy,1.0
Lida,1.0
Liddia,1.0
Liddie,1.0
Liddy,1.0
Lidea,1.0
Lidia,1.0
Lidiana,1.0
Lidie,1.0
Lidija,1.0
Lidiya,1.0
Liduvina,1.0
Lidwina,1.0
Leyonna,1.0
Leyona,1.0
Leyni,1.0
Leynah,1.0
Levetta,1.0
Levette,1.0
Levia,1.0
Leviah,1.0
Leviana,1.0
Levicy,1.0
Levina,1.0
Levinia,1.0
Levita,1.0
Levity,1.0
Levolia,1.0
Levona,1.0
Levonda,1.0
Levonia,1.0
Levonna,1.0
Levora,1.0
Lewana,1.0
Lewanda,1.0
Lewann,1.0
Lewanna,1.0
Lewella,1.0
Lewhat,1.0
Lexa,1.0
Lexah,1.0
Lexandra,1.0
Lexandria,1.0
Lexanie,1.0
Leveta,1.0
Leverta,1.0
Leverna,1.0
Levana,1.0
Lettie,1.0
Letty,1.0
Lettye,1.0
Lety,1.0
Letycia,1.0
Letzy,1.0
Leuna,1.0
Leura,1.0
Leuvenia,1.0
Leva,1.0
Levada,1.0
Levaeh,1.0
Levani,1.0
Leveria,1.0
Levanna,1.0
Levata,1.0
Levater,1.0
Levaun,1.0
Leveah,1.0
Levearn,1.0
Leveda,1.0
Levella,1.0
Levena,1.0
Levenia,1.0
Levera,1.0
Leverda,1.0
Lexanne,1.0
Lexanni,1.0
Lexany,1.0
Leydi,1.0
Lexy,1.0
Lexys,1.0
Leya,1.0
Leyah,1.0
Leyan,1.0
Leyana,1.0
Leyani,1.0
Leyann,1.0
Leyanna,1.0
Leyanni,1.0
Leyat,1.0
Leyda,1.0
Leydy,1.0
Lexxus,1.0
Leyi,1.0
Leyiah,1.0
Leyka,1.0
Leyla,1.0
Leylah,1.0
Leylahni,1.0
Leylani,1.0
Leylanie,1.0
Leylanni,1.0
Leylany,1.0
Leyli,1.0
Leyna,1.0
Lexxy,1.0
Lexxis,1.0
Lexas,1.0
Lexii,1.0
Lexcee,1.0
Lexci,1.0
Lexcie,1.0
Lexe,1.0
Lexee,1.0
Lexes,1.0
Lexey,1.0
Lexia,1.0
Lexiana,1.0
Lexiann,1.0
Lexianna,1.0
Lexiee,1.0
Lexilynn,1.0
Lexxie,1.0
Lexine,1.0
Lexiss,1.0
Lexius,1.0
Lexley,1.0
Lexly,1.0
Lexsey,1.0
Lexsie,1.0
Lexsis,1.0
Lexsy,1.0
Lextyn,1.0
Lexxa,1.0
Lexxi,1.0
Llubia,1.0
Llulisa,1.0
Lynzie,1.0
Lurean,1.0
Lunarae,1.0
Lunaray,1.0
Lunari,1.0
Lunaria,1.0
Lunarose,1.0
Lunasofia,1.0
Lunasol,1.0
Lunda,1.0
Lundynn,1.0
Lunell,1.0
Lunella,1.0
Lunelle,1.0
Lunetta,1.0
Lunette,1.0
Lunie,1.0
Luniva,1.0
Lunna,1.0
Luola,1.0
Luoyi,1.0
Lupie,1.0
Lupine,1.0
Lupita,1.0
Lurae,1.0
Lurah,1.0
Luraine,1.0
Lurana,1.0
Luray,1.0
Lunara,1.0
Lunamia,1.0
Lunamarie,1.0
Lulya,1.0
Luley,1.0
Luli,1.0
Lulia,1.0
Lulie,1.0
Lulla,1.0
Lulu,1.0
Lulua,1.0
Lulubell,1.0
Lulubelle,1.0
Lulwa,1.0
Lulwah,1.0
Luly,1.0
Luma,1.0
Lunamaria,1.0
Lumin,1.0
Lumina,1.0
Luminara,1.0
Lumine,1.0
Lun,1.0
Lunabella,1.0
Lunabelle,1.0
Lunafreya,1.0
Lunagrace,1.0
Lunah,1.0
Lunalee,1.0
Lunamae,1.0
Lurdes,1.0
Lureatha,1.0
Lular,1.0
Luree,1.0
Lushonda,1.0
Lushus,1.0
Lusi,1.0
Lusia,1.0
Lusiana,1.0
Lusila,1.0
Lusine,1.0
Lusma,1.0
Luta,1.0
Lutece,1.0
Lutha,1.0
Luthera,1.0
Luthien,1.0
Luticia,1.0
Lutie,1.0
Lutina,1.0
Lutisha,1.0
Lutishia,1.0
Lutitia,1.0
Lutrecia,1.0
Lutrelle,1.0
Lutrica,1.0
Lutricia,1.0
Luttie,1.0
Luul,1.0
Luva,1.0
Luvada,1.0
Lushawn,1.0
Lushana,1.0
Lusha,1.0
Lurlee,1.0
Lureen,1.0
Lurena,1.0
Lurenda,1.0
Lurene,1.0
Lureta,1.0
Luretha,1.0
Luretta,1.0
Luria,1.0
Lurinda,1.0
Lurine,1.0
Lurla,1.0
Lurlean,1.0
Lurleen,1.0
Lusetta,1.0
Lurlene,1.0
Lurley,1.0
Lurlie,1.0
Lurline,1.0
Lurlyne,1.0
Lus,1.0
Lusana,1.0
Luscious,1.0
Luseane,1.0
Luseh,1.0
Luserito,1.0
Lusero,1.0
Luler,1.0
Lulani,1.0
Lluvia,1.0
Ludwina,1.0
Lucyana,1.0
Lucyann,1.0
Lucyanna,1.0
Lucyanne,1.0
Lucye,1.0
Lucyjane,1.0
Lucyle,1.0
Lucylle,1.0
Lucymae,1.0
Lucymarie,1.0
Lucyna,1.0
Lucynda,1.0
Lucyrose,1.0
Luda,1.0
Ludean,1.0
Ludell,1.0
Ludella,1.0
Ludelle,1.0
Ludene,1.0
Ludia,1.0
Ludine,1.0
Ludivina,1.0
Ludmila,1.0
Ludmilla,1.0
Ludora,1.0
Ludovica,1.0
Ludvina,1.0
Lucya,1.0
Lucritia,1.0
Lucricia,1.0
Lucillie,1.0
Luciell,1.0
Luciella,1.0
Lucielle,1.0
Lucienna,1.0
Lucienne,1.0
Lucija,1.0
Lucil,1.0
Lucila,1.0
Lucilia,1.0
Lucill,1.0
Lucilla,1.0
Lucillia,1.0
Lucina,1.0
Lucrezia,1.0
Lucindia,1.0
Lucindy,1.0
Lucine,1.0
Lucinia,1.0
Lucita,1.0
Lucja,1.0
Lucrecia,1.0
Lucresha,1.0
Lucreshia,1.0
Lucresia,1.0
Lucreta,1.0
Lucretia,1.0
Ludwika,1.0
Lueann,1.0
Lulana,1.0
Luease,1.0
Lugina,1.0
Luhana,1.0
Luicana,1.0
Luida,1.0
Luigina,1.0
Luisafernanda,1.0
Luisana,1.0
Luisanna,1.0
Luisanny,1.0
Luisiana,1.0
Luisita,1.0
Luissa,1.0
Luiza,1.0
Lujain,1.0
Lujane,1.0
Lujayn,1.0
Lujean,1.0
Lujuan,1.0
Lujuana,1.0
Lukesha,1.0
Lukeshia,1.0
Lukisha,1.0
Lul,1.0
Lulabell,1.0
Lulabelle,1.0
Lulah,1.0
Lulamae,1.0
Lugenia,1.0
Lugardita,1.0
Lugarda,1.0
Lueller,1.0
Lueberta,1.0
Luebertha,1.0
Luecile,1.0
Luecille,1.0
Luecinda,1.0
Luedella,1.0
Luedora,1.0
Lueella,1.0
Luegenia,1.0
Luell,1.0
Luellar,1.0
Luelle,1.0
Luena,1.0
Luevinia,1.0
Luenna,1.0
Luereatha,1.0
Luerene,1.0
Lueretha,1.0
Lueseal,1.0
Luethel,1.0
Luetricia,1.0
Luetta,1.0
Lueva,1.0
Luevenia,1.0
Luevertha,1.0
Luevina,1.0
Luvella,1.0
Luvena,1.0
Luvenia,1.0
Lynna,1.0
Lynese,1.0
Lynesha,1.0
Lyneshia,1.0
Lynessa,1.0
Lynet,1.0
Lyneth,1.0
Lynett,1.0
Lynetta,1.0
Lynh,1.0
Lynia,1.0
Lyniah,1.0
Lynice,1.0
Lynika,1.0
Lynis,1.0
Lynise,1.0
Lynisha,1.0
Lynissa,1.0
Lynita,1.0
Lyniya,1.0
Lyniyah,1.0
Lynlea,1.0
Lynlee,1.0
Lynleigh,1.0
Lynley,1.0
Lynli,1.0
Lynlie,1.0
Lynly,1.0
Lynelle,1.0
Lyneisha,1.0
Lynee,1.0
Lyndsea,1.0
Lynder,1.0
Lyndi,1.0
Lyndia,1.0
Lyndie,1.0
Lyndin,1.0
Lyndis,1.0
Lyndley,1.0
Lyndora,1.0
Lyndra,1.0
Lyndsae,1.0
Lyndsay,1.0
Lyndse,1.0
Lyndsee,1.0
Lyneah,1.0
Lyndsi,1.0
Lyndsie,1.0
Lyndsy,1.0
Lyndy,1.0
Lyndyn,1.0
Lyndze,1.0
Lyndzee,1.0
Lyndzey,1.0
Lyndzi,1.0
Lyndzie,1.0
Lyndzy,1.0
Lynea,1.0
Lynmarie,1.0
Lynnae,1.0
Luvera,1.0
Lynnai,1.0
Lynnleigh,1.0
Lynnley,1.0
Lynnlie,1.0
Lynnly,1.0
Lynnmarie,1.0
Lynnon,1.0
Lynnora,1.0
Lynnsay,1.0
Lynnsey,1.0
Lynnsie,1.0
Lynnzee,1.0
Lynnzie,1.0
Lynora,1.0
Lynore,1.0
Lynsay,1.0
Lynse,1.0
Lynsea,1.0
Lynsee,1.0
Lynsey,1.0
Lynsi,1.0
Lynsie,1.0
Lynsy,1.0
Lynthia,1.0
Lynze,1.0
Lynzee,1.0
Lynzey,1.0
Lynzi,1.0
Lynnlee,1.0
Lynnlea,1.0
Lynnita,1.0
Lynnelle,1.0
Lynnann,1.0
Lynnanne,1.0
Lynnasia,1.0
Lynnaya,1.0
Lynnda,1.0
Lynndee,1.0
Lynndsey,1.0
Lynnea,1.0
Lynneah,1.0
Lynneann,1.0
Lynnel,1.0
Lynnell,1.0
Lynnen,1.0
Lynnisha,1.0
Lynnesha,1.0
Lynnessa,1.0
Lynnet,1.0
Lynnete,1.0
Lynnett,1.0
Lynnetta,1.0
Lynnette,1.0
Lynni,1.0
Lynnia,1.0
Lynniah,1.0
Lynnis,1.0
Lynnise,1.0
Lyndelle,1.0
Lyndee,1.0
Lynde,1.0
Lyndah,1.0
Luzia,1.0
Luziana,1.0
Luzma,1.0
Luzmar,1.0
Luzmari,1.0
Luzmaria,1.0
Luzmarie,1.0
Luzmarina,1.0
Luzmary,1.0
Luzmila,1.0
Luzviminda,1.0
Lwren,1.0
Lya,1.0
Lyah,1.0
Lyana,1.0
Lyanah,1.0
Lyandra,1.0
Lyane,1.0
Lyani,1.0
Lyanie,1.0
Lyanna,1.0
Lyannah,1.0
Lyanne,1.0
Lyanni,1.0
Lyannie,1.0
Lyara,1.0
Lyasia,1.0
Luzette,1.0
Luzetta,1.0
Luzero,1.0
Luwanna,1.0
Luverna,1.0
Luverta,1.0
Luvia,1.0
Luvina,1.0
Luvine,1.0
Luvinia,1.0
Luvlee,1.0
Luvonia,1.0
Luvonne,1.0
Luwam,1.0
Luwana,1.0
Luwanda,1.0
Luxanna,1.0
Luzenia,1.0
Luxi,1.0
Luxie,1.0
Luxlee,1.0
Luxleigh,1.0
Luxley,1.0
Luxtyn,1.0
Luxuri,1.0
Luxy,1.0
Luzclarita,1.0
Luzdari,1.0
Luzdary,1.0
Luzelena,1.0
Lyba,1.0
Lyberti,1.0
Lybertie,1.0
Lyllian,1.0
Lylian,1.0
Lyliana,1.0
Lylianah,1.0
Lyliann,1.0
Lylianna,1.0
Lylie,1.0
Lylis,1.0
Lylith,1.0
Lylla,1.0
Lyllah,1.0
Lylli,1.0
Lyllia,1.0
Lylliana,1.0
Lylia,1.0
Lyllianna,1.0
Lyllie,1.0
Lyllyan,1.0
Lyly,1.0
Lylybell,1.0
Lymari,1.0
Lyna,1.0
Lynae,1.0
Lynann,1.0
Lynanne,1.0
Lynasia,1.0
Lynaya,1.0
Lyliah,1.0
Lyli,1.0
Lyberty,1.0
Lydie,1.0
Lycia,1.0
Lycinda,1.0
Lycrecia,1.0
Lyddia,1.0
Lyde,1.0
Lydea,1.0
Lydiah,1.0
Lydian,1.0
Lydiana,1.0
Lydiann,1.0
Lydianna,1.0
Lydianne,1.0
Lydya,1.0
Lyleigh,1.0
Lyela,1.0
Lyelah,1.0
Lygia,1.0
Lyia,1.0
Lyiah,1.0
Lyka,1.0
Lylah,1.0
Lylamae,1.0
Lylarae,1.0
Lylarose,1.0
Lylas,1.0
Lylee,1.0
Luciele,1.0
Luciela,1.0
Lucie,1.0
Loreyna,1.0
Loreita,1.0
Lorelai,1.0
Lorelay,1.0
Lorelee,1.0
Lorelei,1.0
Loreley,1.0
Loreli,1.0
Lorelia,1.0
Lorelie,1.0
Lorella,1.0
Lorelle,1.0
Lorelli,1.0
Lorely,1.0
Lorelyn,1.0
Lorencita,1.0
Lorenda,1.0
Lorenia,1.0
Lorenn,1.0
Lorenna,1.0
Lorensa,1.0
Loresa,1.0
Lorese,1.0
Loressa,1.0
Loreta,1.0
Loretha,1.0
Lorett,1.0
Lorette,1.0
Loreine,1.0
Loreina,1.0
Loreeta,1.0
Lorayne,1.0
Loralye,1.0
Loralyn,1.0
Loralynn,1.0
Loramae,1.0
Lorana,1.0
Loranda,1.0
Lorann,1.0
Loranna,1.0
Loranne,1.0
Loray,1.0
Lorayn,1.0
Lorayna,1.0
Lordina,1.0
Loreene,1.0
Lore,1.0
Lorea,1.0
Loreal,1.0
Lorean,1.0
Loreana,1.0
Loreane,1.0
Loreatha,1.0
Lorece,1.0
Loreda,1.0
Loredana,1.0
Loreen,1.0
Loreena,1.0
Lorey,1.0
Lorez,1.0
Lorria,1.0
Loria,1.0
Lorinne,1.0
Lorisa,1.0
Lorise,1.0
Lorisha,1.0
Lorissa,1.0
Lorita,1.0
Loritta,1.0
Loriyah,1.0
Lorma,1.0
Lornalee,1.0
Loronda,1.0
Lorra,1.0
Lorrae,1.0
Lorraina,1.0
Lorrainne,1.0
Lorrane,1.0
Lorrayne,1.0
Lorre,1.0
Lorree,1.0
Lorreen,1.0
Lorrel,1.0
Lorrell,1.0
Lorrena,1.0
Lorrenda,1.0
Lorrene,1.0
Lorreta,1.0
Lorretta,1.0
Lorinda,1.0
Lorina,1.0
Lorimar,1.0
Loriel,1.0
Loriah,1.0
Loriana,1.0
Loriane,1.0
Loriann,1.0
Lorianna,1.0
Lorianne,1.0
Lorianny,1.0
Loribeth,1.0
Lorice,1.0
Lorida,1.0
Lorieann,1.0
Loriece,1.0
Loriell,1.0
Lorilynn,1.0
Lorielle,1.0
Loriena,1.0
Loriene,1.0
Lorii,1.0
Lorijean,1.0
Lorijo,1.0
Lorilai,1.0
Lorilea,1.0
Lorilee,1.0
Lorilei,1.0
Lorilie,1.0
Lorilyn,1.0
Loralie,1.0
Lorali,1.0
Loraleigh,1.0
Loralei,1.0
Loeta,1.0
Loetta,1.0
Loette,1.0
Loeva,1.0
Loey,1.0
Loganne,1.0
Logene,1.0
Logynn,1.0
Lohany,1.0
Lohoma,1.0
Loida,1.0
Loie,1.0
Loir,1.0
Loisann,1.0
Loisanne,1.0
Loisjean,1.0
Loismae,1.0
Loisteen,1.0
Loistene,1.0
Loistine,1.0
Lojain,1.0
Lokelani,1.0
Lolabelle,1.0
Lolade,1.0
Lolah,1.0
Lolamae,1.0
Lolana,1.0
Loene,1.0
Loena,1.0
Loelle,1.0
Loberta,1.0
Lluviana,1.0
Lluvy,1.0
Loa,1.0
Loah,1.0
Loammi,1.0
Loana,1.0
Loann,1.0
Loanna,1.0
Loanne,1.0
Loanny,1.0
Loany,1.0
Loarine,1.0
Lochlynn,1.0
Loella,1.0
Locie,1.0
Lockie,1.0
Locklynn,1.0
Loda,1.0
Lodean,1.0
Lodell,1.0
Lodema,1.0
Lodena,1.0
Lodia,1.0
Lodie,1.0
Lodine,1.0
Loeda,1.0
Lolanda,1.0
Lolani,1.0
Lolar,1.0
Lonnia,1.0
Loneta,1.0
Lonetta,1.0
Lonette,1.0
Longina,1.0
Lonia,1.0
Lonika,1.0
Lonisha,1.0
Lonita,1.0
Lonna,1.0
Lonnesha,1.0
Lonnetta,1.0
Lonnette,1.0
Lonniesha,1.0
Londynne,1.0
Lonnisha,1.0
Lonnita,1.0
Lonya,1.0
Lonyea,1.0
Lonzetta,1.0
Lorae,1.0
Lorah,1.0
Loraina,1.0
Lorainne,1.0
Loralai,1.0
Loralea,1.0
Loralee,1.0
Lonesha,1.0
Londynn,1.0
Lolarose,1.0
Lolitta,1.0
Loleatha,1.0
Loleatta,1.0
Lolene,1.0
Loleta,1.0
Loletha,1.0
Lolethia,1.0
Loletia,1.0
Loletta,1.0
Lolia,1.0
Lolisa,1.0
Lolita,1.0
Lolitha,1.0
Lolla,1.0
Londynmarie,1.0
Lollie,1.0
Lolly,1.0
Lometa,1.0
Lomie,1.0
Londa,1.0
Londan,1.0
Londi,1.0
Londie,1.0
Londonmarie,1.0
Londonn,1.0
Londonrose,1.0
Londrea,1.0
Lorri,1.0
Lorrian,1.0
Lucianne,1.0
Lua,1.0
Lowanna,1.0
Lowayne,1.0
Lowella,1.0
Lowene,1.0
Loweta,1.0
Lowrine,1.0
Lowyn,1.0
Loxi,1.0
Loxie,1.0
Loxlee,1.0
Loxleigh,1.0
Loxli,1.0
Loya,1.0
Loyaltee,1.0
Loyalti,1.0
Loyaltii,1.0
Loycie,1.0
Loyda,1.0
Loydene,1.0
Loyette,1.0
Loyola,1.0
Loyse,1.0
Loza,1.0
Lozelle,1.0
Lozen,1.0
Ltanya,1.0
Ltonya,1.0
Lowanda,1.0
Lowana,1.0
Lovonne,1.0
Loveth,1.0
Lovelia,1.0
Lovelie,1.0
Lovella,1.0
Lovelyn,1.0
Lovelynn,1.0
Lovemika,1.0
Lovena,1.0
Lovene,1.0
Lovenia,1.0
Lovera,1.0
Lovesta,1.0
Loveta,1.0
Lovetta,1.0
Lovonia,1.0
Lovey,1.0
Loveya,1.0
Lovi,1.0
Lovia,1.0
Lovice,1.0
Lovilla,1.0
Lovina,1.0
Lovine,1.0
Lovinia,1.0
Lovisa,1.0
Lovita,1.0
Lovonda,1.0
Ltoya,1.0
Luada,1.0
Lorriane,1.0
Luah,1.0
Lucelia,1.0
Lucell,1.0
Lucella,1.0
Lucelle,1.0
Lucely,1.0
Lucena,1.0
Lucenda,1.0
Lucendia,1.0
Lucene,1.0
Lucenia,1.0
Lucerito,1.0
Lucertia,1.0
Lucesita,1.0
Lucetta,1.0
Lucette,1.0
Lucey,1.0
Lucha,1.0
Luchana,1.0
Luchanna,1.0
Luchia,1.0
Luchiana,1.0
Luchina,1.0
Luci,1.0
Luciana,1.0
Luciani,1.0
Luciann,1.0
Lucianna,1.0
Luceli,1.0
Lucelenia,1.0
Lucele,1.0
Lubertha,1.0
Luana,1.0
Luanda,1.0
Luane,1.0
Luani,1.0
Luanna,1.0
Luanne,1.0
Luany,1.0
Luara,1.0
Luba,1.0
Lubell,1.0
Luberdie,1.0
Luberta,1.0
Lubina,1.0
Luceille,1.0
Lubna,1.0
Lubov,1.0
Lucabella,1.0
Luccia,1.0
Lucciana,1.0
Luce,1.0
Lucea,1.0
Luceal,1.0
Lucecita,1.0
Lucee,1.0
Luceil,1.0
Luceile,1.0
Loveli,1.0
Loveleigh,1.0
Loveleen,1.0
Lovelee,1.0
Louann,1.0
Louanna,1.0
Louanne,1.0
Loubelle,1.0
Louberta,1.0
Loubertha,1.0
Loucile,1.0
Loucille,1.0
Loucinda,1.0
Loudean,1.0
Loudell,1.0
Loudella,1.0
Loudes,1.0
Loueen,1.0
Louell,1.0
Louella,1.0
Louelle,1.0
Louellen,1.0
Louene,1.0
Louese,1.0
Louetta,1.0
Louette,1.0
Loueva,1.0
Lougenia,1.0
Louida,1.0
Louies,1.0
Louiese,1.0
Louana,1.0
Louan,1.0
Louaine,1.0
Loryssa,1.0
Lorriann,1.0
Lorrianne,1.0
Lorrieann,1.0
Lorrina,1.0
Lorrinda,1.0
Lorrine,1.0
Lorrisa,1.0
Lorrita,1.0
Lorryn,1.0
Loryanna,1.0
Loryn,1.0
Lorynn,1.0
Losaline,1.0
Lottye,1.0
Lota,1.0
Lotasha,1.0
Lotaya,1.0
Lotella,1.0
Lotha,1.0
Lotonya,1.0
Lotosha,1.0
Lotoya,1.0
Lotta,1.0
Lotte,1.0
Lotti,1.0
Lotty,1.0
Louina,1.0
Louine,1.0
Louiseann,1.0
Louwana,1.0
Lousie,1.0
Loutricia,1.0
Louva,1.0
Louvada,1.0
Louvella,1.0
Louvena,1.0
Louvene,1.0
Louvenia,1.0
Louvina,1.0
Louvine,1.0
Louvinia,1.0
Louvonia,1.0
Louwanna,1.0
Lourita,1.0
Lova,1.0
Lovada,1.0
Lovanda,1.0
Lovann,1.0
Lovanna,1.0
Lovea,1.0
Loveah,1.0
Loveaya,1.0
Loveda,1.0
Lovee,1.0
Loveen,1.0
Loveland,1.0
Lousia,1.0
Lourine,1.0
Louisette,1.0
Loura,1.0
Louisia,1.0
Louisiana,1.0
Louiza,1.0
Loujain,1.0
Loujean,1.0
Loukisha,1.0
Loukya,1.0
Loula,1.0
Loulou,1.0
Louna,1.0
Lounell,1.0
Lounette,1.0
Louraine,1.0
Lourinda,1.0
Lourd,1.0
Lourdez,1.0
Lourdine,1.0
Louree,1.0
Louren,1.0
Lourena,1.0
Lourene,1.0
Louretha,1.0
Louretta,1.0
Louri,1.0
Louria,1.0
Lourie,1.0
Raley,1.0
Ralisha,1.0
Keshyra,1.0
Tomiye,1.0
Tomecca,1.0
Tomecia,1.0
Tomecka,1.0
Tomeco,1.0
Tomeeka,1.0
Tomeica,1.0
Tomeika,1.0
Tomeisha,1.0
Tomeki,1.0
Tomekia,1.0
Tomeko,1.0
Tomesha,1.0
Tomeshia,1.0
Tomesia,1.0
Tomia,1.0
Tomiah,1.0
Tomica,1.0
Tomicia,1.0
Tomicka,1.0
Tomicko,1.0
Tomico,1.0
Tomieka,1.0
Tomii,1.0
Tomikia,1.0
Tomiris,1.0
Tomisha,1.0
Tomiya,1.0
Tomeca,1.0
Tomeaka,1.0
Tomea,1.0
Toleen,1.0
Toini,1.0
Toisha,1.0
Toiya,1.0
Tojuana,1.0
Toka,1.0
Tokie,1.0
Tokiko,1.0
Tokina,1.0
Tolanda,1.0
Tolani,1.0
Toleda,1.0
Toledo,1.0
Tolisha,1.0
Tomaya,1.0
Tolonda,1.0
Toltu,1.0
Toluwalope,1.0
Tomacina,1.0
Tomacita,1.0
Tomaka,1.0
Tomako,1.0
Tomara,1.0
Tomarra,1.0
Tomasa,1.0
Tomasina,1.0
Tomasita,1.0
Tomiyah,1.0
Tomkia,1.0
Toinetta,1.0
Tomma,1.0
Tondria,1.0
Tonea,1.0
Tonecia,1.0
Toneesha,1.0
Toneisha,1.0
Toneka,1.0
Tonesha,1.0
Toneshia,1.0
Tonesia,1.0
Tonetta,1.0
Tonette,1.0
Tonga,1.0
Tongela,1.0
Tongia,1.0
Toniah,1.0
Toniann,1.0
Tonianne,1.0
Tonica,1.0
Tonice,1.0
Tonicia,1.0
Tonicka,1.0
Tonielle,1.0
Toniesha,1.0
Toniette,1.0
Tonii,1.0
Tonija,1.0
Tonika,1.0
Tondrea,1.0
Tondra,1.0
Tondia,1.0
Tomya,1.0
Tommesha,1.0
Tommia,1.0
Tommisha,1.0
Tommya,1.0
Tomoe,1.0
Tomoka,1.0
Tomoko,1.0
Tomomi,1.0
Tomora,1.0
Tomorra,1.0
Tomorrow,1.0
Tomoye,1.0
Tomyka,1.0
Tondi,1.0
Tomyra,1.0
Tomyris,1.0
Tona,1.0
Tonae,1.0
Tonantzin,1.0
Tonasia,1.0
Tonay,1.0
Tonaya,1.0
Tonda,1.0
Tondalaya,1.0
Tondalayo,1.0
Tondelayo,1.0
Toinette,1.0
Toika,1.0
Tipper,1.0
Tiva,1.0
Tisheka,1.0
Tishena,1.0
Tishera,1.0
Tishia,1.0
Tishie,1.0
Tishika,1.0
Tishina,1.0
Tishona,1.0
Tishonda,1.0
Tishonna,1.0
Tishya,1.0
Tissaia,1.0
Tisya,1.0
Tita,1.0
Titana,1.0
Titania,1.0
Titanna,1.0
Titeanna,1.0
Tithi,1.0
Titia,1.0
Titiana,1.0
Titianna,1.0
Titilayo,1.0
Titilope,1.0
Titiyana,1.0
Tityana,1.0
Tityanna,1.0
Tisheena,1.0
Tishea,1.0
Tishayla,1.0
Tirsa,1.0
Tiquana,1.0
Tiquila,1.0
Tiquisha,1.0
Tiquita,1.0
Tira,1.0
Tirah,1.0
Tiranke,1.0
Tirenioluwa,1.0
Tiria,1.0
Tirina,1.0
Tirra,1.0
Tirrany,1.0
Tirtza,1.0
Tishay,1.0
Tirza,1.0
Tirzah,1.0
Tisa,1.0
Tischa,1.0
Tish,1.0
Tisha,1.0
Tishae,1.0
Tishana,1.0
Tishanna,1.0
Tishara,1.0
Tishauna,1.0
Tishawna,1.0
Tiuana,1.0
Tivoli,1.0
Toie,1.0
Tivona,1.0
Tlalli,1.0
Tleah,1.0
Tliyah,1.0
Tmara,1.0
Tmaya,1.0
Tmia,1.0
Tmya,1.0
Tmyra,1.0
Tnaya,1.0
Tnia,1.0
Tnisha,1.0
Tniya,1.0
Tniyah,1.0
Tnya,1.0
Tnyah,1.0
Toba,1.0
Tobiann,1.0
Tobitha,1.0
Tobye,1.0
Tocara,1.0
Tocarra,1.0
Tocarro,1.0
Toccaro,1.0
Toccarra,1.0
Toccora,1.0
Tocha,1.0
Toia,1.0
Tkyra,1.0
Tkya,1.0
Tkiyah,1.0
Tiyanna,1.0
Tiwalade,1.0
Tiwalola,1.0
Tiwaloluwa,1.0
Tiwana,1.0
Tiwanda,1.0
Tiwanna,1.0
Tiwatope,1.0
Tiy,1.0
Tiya,1.0
Tiyah,1.0
Tiyana,1.0
Tiyanah,1.0
Tiyanni,1.0
Tkia,1.0
Tiye,1.0
Tiyona,1.0
Tiyonna,1.0
Tiziana,1.0
Tjuana,1.0
Tkaia,1.0
Tkaiya,1.0
Tkara,1.0
Tkayah,1.0
Tkeya,1.0
Tkeyah,1.0
Tkeyha,1.0
Tonilyn,1.0
Tonilynn,1.0
Tonimarie,1.0
Tranette,1.0
Tramanh,1.0
Trameka,1.0
Tramesha,1.0
Trami,1.0
Tramia,1.0
Tramiah,1.0
Tramika,1.0
Tramisha,1.0
Tramiya,1.0
Tramiyah,1.0
Tramya,1.0
Trana,1.0
Tranae,1.0
Tranasia,1.0
Tranay,1.0
Tranaya,1.0
Tranda,1.0
Trane,1.0
Tranea,1.0
Tranecia,1.0
Tranee,1.0
Traneice,1.0
Traneisha,1.0
Traneka,1.0
Tranese,1.0
Tranesha,1.0
Traneshia,1.0
Tram,1.0
Tralynn,1.0
Tralena,1.0
Tracianne,1.0
Toyna,1.0
Toynelle,1.0
Toyoko,1.0
Toyota,1.0
Toyya,1.0
Tpring,1.0
Traca,1.0
Tracei,1.0
Trachell,1.0
Trachelle,1.0
Tracia,1.0
Traciann,1.0
Tracilyn,1.0
Tralaya,1.0
Tracilynn,1.0
Tracina,1.0
Tracine,1.0
Tracyann,1.0
Tracylee,1.0
Tracylynn,1.0
Traie,1.0
Trakeila,1.0
Trakelia,1.0
Trakia,1.0
Tralaina,1.0
Tralana,1.0
Tranessa,1.0
Trania,1.0
Toniqua,1.0
Tranice,1.0
Trayana,1.0
Trayanna,1.0
Traycee,1.0
Trayci,1.0
Traylynn,1.0
Trayona,1.0
Trayonna,1.0
Trcy,1.0
Treacy,1.0
Treana,1.0
Treanna,1.0
Treasa,1.0
Trease,1.0
Treasea,1.0
Treasia,1.0
Treasie,1.0
Treauna,1.0
Treava,1.0
Treazure,1.0
Treazzure,1.0
Treba,1.0
Treca,1.0
Trechelle,1.0
Trecia,1.0
Trecie,1.0
Treda,1.0
Tredena,1.0
Travonna,1.0
Travonda,1.0
Travona,1.0
Tranyce,1.0
Traniece,1.0
Tranika,1.0
Traniqua,1.0
Tranise,1.0
Tranisha,1.0
Tranita,1.0
Traniya,1.0
Traniyah,1.0
Trannie,1.0
Trany,1.0
Tranya,1.0
Tranyah,1.0
Trasa,1.0
Travisha,1.0
Trasha,1.0
Trashell,1.0
Trashonda,1.0
Trasi,1.0
Trasia,1.0
Trava,1.0
Travette,1.0
Travia,1.0
Travianna,1.0
Travina,1.0
Traviona,1.0
Travionna,1.0
Toyka,1.0
Toyin,1.0
Toyia,1.0
Toyea,1.0
Tonyette,1.0
Tonyia,1.0
Tonyna,1.0
Tonysha,1.0
Tonyua,1.0
Tonza,1.0
Tooba,1.0
Toosdhi,1.0
Tootie,1.0
Toots,1.0
Tootsie,1.0
Topacio,1.0
Topanga,1.0
Topazio,1.0
Topeka,1.0
Topsy,1.0
Torah,1.0
Toral,1.0
Torchie,1.0
Torchy,1.0
Torei,1.0
Toria,1.0
Toriah,1.0
Toriann,1.0
Torianna,1.0
Torianne,1.0
Toribia,1.0
Tonyetta,1.0
Tonyell,1.0
Tonyeka,1.0
Tonjua,1.0
Tonique,1.0
Tonirose,1.0
Tonisa,1.0
Tonise,1.0
Tonisha,1.0
Tonishia,1.0
Tonisia,1.0
Tonita,1.0
Toniya,1.0
Toniyah,1.0
Tonji,1.0
Tonjia,1.0
Tonna,1.0
Tonye,1.0
Tonnesha,1.0
Tonnetta,1.0
Tonnette,1.0
Tonni,1.0
Tonnia,1.0
Tonnica,1.0
Tonnisha,1.0
Tonnya,1.0
Tonoa,1.0
Tonora,1.0
Tonta,1.0
Tonua,1.0
Torica,1.0
Torielle,1.0
Torika,1.0
Totsie,1.0
Toshiba,1.0
Toshie,1.0
Toshika,1.0
Toshiko,1.0
Toshima,1.0
Toshina,1.0
Toshiye,1.0
Toshya,1.0
Tossie,1.0
Totiana,1.0
Totianna,1.0
Totiyana,1.0
Toula,1.0
Toshia,1.0
Tousha,1.0
Tova,1.0
Tovah,1.0
Tove,1.0
Towana,1.0
Towanda,1.0
Towanna,1.0
Towonda,1.0
Toxi,1.0
Toyah,1.0
Toyana,1.0
Toyce,1.0
Toshiana,1.0
Tosheba,1.0
Torilyn,1.0
Torrianna,1.0
Torilynn,1.0
Torina,1.0
Toriona,1.0
Torionna,1.0
Torita,1.0
Toriyah,1.0
Tornisha,1.0
Toronda,1.0
Torra,1.0
Torree,1.0
Torria,1.0
Torriana,1.0
Torrica,1.0
Toshana,1.0
Torriyah,1.0
Torrye,1.0
Torsha,1.0
Torunn,1.0
Torvi,1.0
Torya,1.0
Torye,1.0
Torynn,1.0
Tosca,1.0
Toscha,1.0
Toschia,1.0
Tosha,1.0
Tippi,1.0
Tippany,1.0
Taejah,1.0
Tiaria,1.0
Tialisa,1.0
Tiamara,1.0
Tiamarie,1.0
Tiamia,1.0
Tianah,1.0
Tianamarie,1.0
Tianca,1.0
Tianda,1.0
Tiandra,1.0
Tiandrea,1.0
Tiandria,1.0
Tiane,1.0
Tianee,1.0
Tiani,1.0
Tiania,1.0
Tianie,1.0
Tiann,1.0
Tianna,1.0
Tiannah,1.0
Tianne,1.0
Tianni,1.0
Tianny,1.0
Tiany,1.0
Tiaona,1.0
Tiarah,1.0
Tiaraoluwa,1.0
Tiare,1.0
Tiala,1.0
Tiaka,1.0
Tiajuana,1.0
Thyra,1.0
Thursie,1.0
Thurza,1.0
Thusnelda,1.0
Thuthuy,1.0
Thuytien,1.0
Thuytrang,1.0
Thuyvi,1.0
Thuyvy,1.0
Thy,1.0
Thyais,1.0
Thyda,1.0
Thylane,1.0
Thyrie,1.0
Tiajah,1.0
Thyrii,1.0
Thyrza,1.0
Tiaa,1.0
Tiabeanie,1.0
Tiadra,1.0
Tiah,1.0
Tiahja,1.0
Tiahna,1.0
Tiaira,1.0
Tiairra,1.0
Tiaisha,1.0
Tiaja,1.0
Tiari,1.0
Tiarra,1.0
Thurma,1.0
Tiarrah,1.0
Tieesha,1.0
Tieghan,1.0
Tieisha,1.0
Tieka,1.0
Tiela,1.0
Tiembra,1.0
Tiena,1.0
Tienna,1.0
Tier,1.0
Tierah,1.0
Tieranee,1.0
Tieraney,1.0
Tierani,1.0
Tierany,1.0
Tiere,1.0
Tiereney,1.0
Tiereny,1.0
Tieria,1.0
Tierica,1.0
Tiericka,1.0
Tierna,1.0
Tierni,1.0
Tierny,1.0
Tierrah,1.0
Tierria,1.0
Tiersa,1.0
Tierza,1.0
Tieasha,1.0
Tiearra,1.0
Tieara,1.0
Tiayana,1.0
Tiarre,1.0
Tiasha,1.0
Tiasia,1.0
Tiauna,1.0
Tiaundra,1.0
Tiaunna,1.0
Tiaura,1.0
Tiawana,1.0
Tiawanda,1.0
Tiawanna,1.0
Tiawna,1.0
Tiaya,1.0
Tiayanna,1.0
Tieanna,1.0
Tibisay,1.0
Tiburcia,1.0
Tica,1.0
Ticara,1.0
Ticarra,1.0
Ticey,1.0
Ticha,1.0
Tichelle,1.0
Tichina,1.0
Ticia,1.0
Tida,1.0
Tiea,1.0
Thursa,1.0
Thurley,1.0
Tiphany,1.0
Therisa,1.0
Theoni,1.0
Theonita,1.0
Theopa,1.0
Theopal,1.0
Theophane,1.0
Theophila,1.0
Theophilia,1.0
Theora,1.0
Theoria,1.0
Theorie,1.0
Thera,1.0
Therasa,1.0
Therea,1.0
Thereas,1.0
Thereasa,1.0
Therease,1.0
Theres,1.0
Theresaann,1.0
Theresamarie,1.0
Theresann,1.0
Theresea,1.0
Theresia,1.0
Theresita,1.0
Theressa,1.0
Theressia,1.0
Theretha,1.0
Thereza,1.0
Theona,1.0
Theolia,1.0
Theola,1.0
Theia,1.0
Theanna,1.0
Thearsa,1.0
Theary,1.0
Theatus,1.0
Theckla,1.0
Thecla,1.0
Theda,1.0
Thedis,1.0
Thedora,1.0
Thedosia,1.0
Thedra,1.0
Thedy,1.0
Thekla,1.0
Theodosia,1.0
Thela,1.0
Thelda,1.0
Thelia,1.0
Thelisa,1.0
Thella,1.0
Thelmar,1.0
Thema,1.0
Thembi,1.0
Thena,1.0
Thendral,1.0
Thenia,1.0
Theodocia,1.0
Theria,1.0
Therma,1.0
Thurla,1.0
Thersa,1.0
Thomasine,1.0
Thomasita,1.0
Thomesa,1.0
Thomesha,1.0
Thomia,1.0
Thomisha,1.0
Thonda,1.0
Thora,1.0
Thordis,1.0
Thorine,1.0
Thoris,1.0
Threasa,1.0
Threase,1.0
Thresa,1.0
Threse,1.0
Thresea,1.0
Thresia,1.0
Thressa,1.0
Thressia,1.0
Thressie,1.0
Thrisa,1.0
Thrisha,1.0
Thrishika,1.0
Thuhuong,1.0
Thula,1.0
Thuraya,1.0
Thurayya,1.0
Thomasina,1.0
Thomasin,1.0
Thomasenia,1.0
Thiara,1.0
Therse,1.0
Thersea,1.0
Thersia,1.0
Thesa,1.0
Thesha,1.0
Thessaly,1.0
Theta,1.0
Thetis,1.0
Theya,1.0
Thia,1.0
Thiana,1.0
Thianna,1.0
Thida,1.0
Thomasene,1.0
Thienkim,1.0
Thilda,1.0
Thira,1.0
Thirza,1.0
Thisbe,1.0
Thistle,1.0
Thiya,1.0
Thlema,1.0
Thoa,1.0
Thomara,1.0
Thomasa,1.0
Thomasena,1.0
Tiesa,1.0
Tiese,1.0
Tiesha,1.0
Tinasia,1.0
Timira,1.0
Timisha,1.0
Timitra,1.0
Timiya,1.0
Timiyah,1.0
Timmeka,1.0
Timmesha,1.0
Timmeshia,1.0
Timmi,1.0
Timmia,1.0
Timmiah,1.0
Timmya,1.0
Timmyah,1.0
Timnesha,1.0
Timolin,1.0
Timolyn,1.0
Timora,1.0
Timotea,1.0
Timothea,1.0
Timya,1.0
Timyah,1.0
Timyia,1.0
Timyra,1.0
Tinaka,1.0
Tinalouise,1.0
Tinamaria,1.0
Tinamarie,1.0
Timiko,1.0
Timikia,1.0
Timiki,1.0
Timeah,1.0
Timarie,1.0
Timaya,1.0
Timayah,1.0
Timberlee,1.0
Timberleigh,1.0
Timberley,1.0
Timberly,1.0
Timberlyn,1.0
Timberlynn,1.0
Timbra,1.0
Timbre,1.0
Timea,1.0
Timeca,1.0
Timika,1.0
Timeisha,1.0
Timeka,1.0
Timekia,1.0
Timeko,1.0
Timera,1.0
Timeria,1.0
Timesha,1.0
Timeshia,1.0
Timia,1.0
Timiah,1.0
Timica,1.0
Timicka,1.0
Tinasha,1.0
Tinaya,1.0
Tieshia,1.0
Tincie,1.0
Tinnie,1.0
Tinnley,1.0
Tinny,1.0
Tinslee,1.0
Tinsleigh,1.0
Tinslie,1.0
Tinya,1.0
Tinyah,1.0
Tinzlee,1.0
Tinzleigh,1.0
Tinzley,1.0
Tiodora,1.0
Tiofila,1.0
Tiombe,1.0
Tiona,1.0
Tionah,1.0
Tiondra,1.0
Tionee,1.0
Tioni,1.0
Tionna,1.0
Tionni,1.0
Tionnie,1.0
Tiosha,1.0
Tiphaine,1.0
Tiphanee,1.0
Tiphani,1.0
Tiphanie,1.0
Tinnelle,1.0
Tinna,1.0
Tinley,1.0
Tinia,1.0
Tincy,1.0
Tindra,1.0
Tine,1.0
Tinea,1.0
Tineisha,1.0
Tineka,1.0
Tineke,1.0
Tinelle,1.0
Tinesha,1.0
Tineshia,1.0
Tinette,1.0
Tini,1.0
Tinica,1.0
Tinleigh,1.0
Tinie,1.0
Tinika,1.0
Tiniki,1.0
Tinina,1.0
Tiniqua,1.0
Tinisha,1.0
Tinishia,1.0
Tinita,1.0
Tiniya,1.0
Tiniyah,1.0
Tinka,1.0
Tinlee,1.0
Timaree,1.0
Timarah,1.0
Timara,1.0
Timani,1.0
Tiffeny,1.0
Tifffany,1.0
Tiffiani,1.0
Tiffiany,1.0
Tiffin,1.0
Tiffinay,1.0
Tiffine,1.0
Tiffinee,1.0
Tiffiney,1.0
Tiffini,1.0
Tiffinie,1.0
Tiffiny,1.0
Tiffnay,1.0
Tiffney,1.0
Tiffni,1.0
Tiffnie,1.0
Tiffny,1.0
Tiffoni,1.0
Tiffonie,1.0
Tiffony,1.0
Tiffy,1.0
Tifini,1.0
Tifinie,1.0
Tifiny,1.0
Tifney,1.0
Tifni,1.0
Tifphanie,1.0
Tiffeney,1.0
Tiffay,1.0
Tiffanymarie,1.0
Tiffancy,1.0
Tieshka,1.0
Tiessa,1.0
Tieysha,1.0
Tifa,1.0
Tifanee,1.0
Tifani,1.0
Tifanie,1.0
Tifanni,1.0
Tifanny,1.0
Tifany,1.0
Tiferet,1.0
Tiffaine,1.0
Tiffane,1.0
Tiffanye,1.0
Tiffanee,1.0
Tiffaney,1.0
Tiffani,1.0
Tiffaniamber,1.0
Tiffanie,1.0
Tiffanique,1.0
Tiffannee,1.0
Tiffanni,1.0
Tiffannie,1.0
Tiffanny,1.0
Tiffanyamber,1.0
Tiffanyann,1.0
Tigerlilly,1.0
Tigerlily,1.0
Tigra,1.0
Tilesha,1.0
Tikita,1.0
Tikiya,1.0
Tikiyah,1.0
Tikki,1.0
Tikva,1.0
Tikvah,1.0
Tikyra,1.0
Tila,1.0
Tilda,1.0
Tildyn,1.0
Tileah,1.0
Tilena,1.0
Tilia,1.0
Tikira,1.0
Tilisa,1.0
Tilisha,1.0
Tiliyah,1.0
Tilla,1.0
Tillee,1.0
Tilley,1.0
Tilli,1.0
Tilly,1.0
Tilwanda,1.0
Tilynn,1.0
Tima,1.0
Timaka,1.0
Tikisha,1.0
Tikina,1.0
Tigre,1.0
Tijuanna,1.0
Tihani,1.0
Tihanna,1.0
Tihara,1.0
Tihesha,1.0
Tihisha,1.0
Tiina,1.0
Tiiu,1.0
Tijae,1.0
Tijana,1.0
Tijanae,1.0
Tijera,1.0
Tijuana,1.0
Tijwana,1.0
Tikila,1.0
Tika,1.0
Tikara,1.0
Tikayla,1.0
Tikeisha,1.0
Tikela,1.0
Tikera,1.0
Tikeria,1.0
Tikesha,1.0
Tikeshia,1.0
Tikeya,1.0
Tikeyah,1.0
Tikia,1.0
Treena,1.0
Treesa,1.0
Treina,1.0
Tyrisha,1.0
Tyreeka,1.0
Tyreesha,1.0
Tyreisha,1.0
Tyreka,1.0
Tyrena,1.0
Tyrene,1.0
Tyreona,1.0
Tyreonna,1.0
Tyresa,1.0
Tyresha,1.0
Tyreshia,1.0
Tyrhiana,1.0
Tyrhianna,1.0
Tyrhonda,1.0
Tyriah,1.0
Tyriana,1.0
Tyrianna,1.0
Tyrianne,1.0
Tyrica,1.0
Tyricka,1.0
Tyriel,1.0
Tyrielle,1.0
Tyrihanna,1.0
Tyrika,1.0
Tyrina,1.0
Tyrine,1.0
Tyriona,1.0
Tyrecia,1.0
Tyreanna,1.0
Tyreana,1.0
Tyquasha,1.0
Tynsleigh,1.0
Tynsley,1.0
Tynzlee,1.0
Tyomi,1.0
Tyona,1.0
Tyonia,1.0
Tyonna,1.0
Tyonnah,1.0
Typhani,1.0
Typhanie,1.0
Tyquana,1.0
Tyquanna,1.0
Tyquashia,1.0
Tyraya,1.0
Tyquasia,1.0
Tyquesha,1.0
Tyquisha,1.0
Tyquita,1.0
Tyrah,1.0
Tyraji,1.0
Tyranae,1.0
Tyranesha,1.0
Tyranika,1.0
Tyranique,1.0
Tyranisha,1.0
Tyranny,1.0
Tyrionna,1.0
Tyrissa,1.0
Tynnetta,1.0
Tyrita,1.0
Tysheka,1.0
Tyshekia,1.0
Tyshell,1.0
Tyshelle,1.0
Tyshema,1.0
Tysheonna,1.0
Tyshera,1.0
Tysheria,1.0
Tyshia,1.0
Tyshiana,1.0
Tyshianna,1.0
Tyshika,1.0
Tyshira,1.0
Tyshonda,1.0
Tyshonna,1.0
Tysie,1.0
Tytana,1.0
Tytanna,1.0
Tyteana,1.0
Tyteanna,1.0
Tyteona,1.0
Tyteonna,1.0
Tytiana,1.0
Tytianna,1.0
Tytiauna,1.0
Tytiona,1.0
Tytionna,1.0
Tysheika,1.0
Tysheia,1.0
Tysheera,1.0
Tyshanna,1.0
Tyrona,1.0
Tyronda,1.0
Tyronesha,1.0
Tyronica,1.0
Tyronzia,1.0
Tyrra,1.0
Tysa,1.0
Tyseana,1.0
Tysha,1.0
Tyshae,1.0
Tyshai,1.0
Tyshana,1.0
Tyshanta,1.0
Tysheena,1.0
Tyshanti,1.0
Tyshara,1.0
Tyshauna,1.0
Tyshawna,1.0
Tyshawnna,1.0
Tyshay,1.0
Tyshayla,1.0
Tyshe,1.0
Tyshea,1.0
Tysheana,1.0
Tysheanna,1.0
Tysheema,1.0
Tynslee,1.0
Tynlie,1.0
Treisa,1.0
Tymesha,1.0
Tylene,1.0
Tylese,1.0
Tylesha,1.0
Tyleshia,1.0
Tyletha,1.0
Tylette,1.0
Tyley,1.0
Tyleyah,1.0
Tyli,1.0
Tylia,1.0
Tyliah,1.0
Tylicia,1.0
Tylie,1.0
Tylina,1.0
Tylisa,1.0
Tylisha,1.0
Tylissa,1.0
Tyliyah,1.0
Tyloni,1.0
Tymara,1.0
Tymberlee,1.0
Tymberlyn,1.0
Tymberlynn,1.0
Tymeisha,1.0
Tymeka,1.0
Tymekia,1.0
Tymera,1.0
Tylena,1.0
Tyleisha,1.0
Tyleigh,1.0
Tylajah,1.0
Tykiara,1.0
Tykiera,1.0
Tykierra,1.0
Tykiesha,1.0
Tykira,1.0
Tykirah,1.0
Tykiria,1.0
Tykirra,1.0
Tykisha,1.0
Tylah,1.0
Tylaisha,1.0
Tylaiyah,1.0
Tylani,1.0
Tyleia,1.0
Tylasha,1.0
Tylashia,1.0
Tylasia,1.0
Tylaya,1.0
Tylayah,1.0
Tylayshia,1.0
Tylaysia,1.0
Tylea,1.0
Tyleah,1.0
Tylecia,1.0
Tyleen,1.0
Tyleesha,1.0
Tymeria,1.0
Tymeshia,1.0
Tynli,1.0
Tymia,1.0
Tyneshia,1.0
Tynesia,1.0
Tynetta,1.0
Tynette,1.0
Tynia,1.0
Tyniah,1.0
Tynica,1.0
Tynie,1.0
Tyniece,1.0
Tynieka,1.0
Tyniesha,1.0
Tynija,1.0
Tynijah,1.0
Tynika,1.0
Tyniqua,1.0
Tynique,1.0
Tynisa,1.0
Tynise,1.0
Tynisha,1.0
Tynishia,1.0
Tynisia,1.0
Tynita,1.0
Tyniya,1.0
Tyniyah,1.0
Tynlee,1.0
Tynleigh,1.0
Tynley,1.0
Tynesha,1.0
Tynese,1.0
Tynequa,1.0
Tynashia,1.0
Tymiesha,1.0
Tymika,1.0
Tymira,1.0
Tymirah,1.0
Tymisha,1.0
Tymya,1.0
Tyna,1.0
Tynae,1.0
Tynaisha,1.0
Tynaja,1.0
Tynajah,1.0
Tynasha,1.0
Tynasia,1.0
Tyneka,1.0
Tynaya,1.0
Tynayah,1.0
Tyndall,1.0
Tynea,1.0
Tyneal,1.0
Tyneasha,1.0
Tynecia,1.0
Tyneeka,1.0
Tyneesha,1.0
Tyneice,1.0
Tyneika,1.0
Tyneisha,1.0
Tytiyana,1.0
Tyuana,1.0
Tyunna,1.0
Vaanika,1.0
Ursula,1.0
Ursule,1.0
Ursuline,1.0
Ursulla,1.0
Urszula,1.0
Urvi,1.0
Urwa,1.0
Usha,1.0
Ushna,1.0
Usra,1.0
Uswa,1.0
Uta,1.0
Utahna,1.0
Utako,1.0
Ute,1.0
Utha,1.0
Utica,1.0
Utopia,1.0
Uva,1.0
Uvonka,1.0
Uwase,1.0
Uyen,1.0
Uzella,1.0
Uzma,1.0
Uzoamaka,1.0
Uzuri,1.0
Vaamika,1.0
Ursla,1.0
Ursela,1.0
Ursaline,1.0
Urica,1.0
Unyque,1.0
Uraina,1.0
Urana,1.0
Urania,1.0
Uranus,1.0
Urbana,1.0
Ureka,1.0
Urena,1.0
Urenna,1.0
Uretta,1.0
Urhonda,1.0
Uriana,1.0
Uriella,1.0
Ursala,1.0
Urielle,1.0
Urika,1.0
Urina,1.0
Urith,1.0
Urja,1.0
Urline,1.0
Urmi,1.0
Urmila,1.0
Uronda,1.0
Urooj,1.0
Uroosa,1.0
Ursa,1.0
Vaani,1.0
Vaanya,1.0
Tyvaeh,1.0
Vacie,1.0
Vaiya,1.0
Vakesha,1.0
Vala,1.0
Valada,1.0
Valaida,1.0
Valaire,1.0
Valancia,1.0
Valanda,1.0
Valani,1.0
Valaree,1.0
Valari,1.0
Valaria,1.0
Valarie,1.0
Valary,1.0
Valasia,1.0
Valaska,1.0
Valasta,1.0
Valaya,1.0
Valayah,1.0
Valaysia,1.0
Valbona,1.0
Valborg,1.0
Valda,1.0
Valdene,1.0
Valdine,1.0
Valeah,1.0
Valecia,1.0
Vaitiare,1.0
Vaitea,1.0
Vaishvi,1.0
Vaeya,1.0
Vadah,1.0
Vadia,1.0
Vadie,1.0
Vadna,1.0
Vadra,1.0
Vadys,1.0
Vae,1.0
Vaeda,1.0
Vaeh,1.0
Vaela,1.0
Vaelyn,1.0
Vaelynn,1.0
Vagmi,1.0
Vaishnavi,1.0
Vaia,1.0
Vaiana,1.0
Vaibhavi,1.0
Vaida,1.0
Vaidehi,1.0
Vaiga,1.0
Vaila,1.0
Vaile,1.0
Vaimoana,1.0
Vainavi,1.0
Vaira,1.0
Vaishali,1.0
Uniyah,1.0
Uniya,1.0
Unity,1.0
Unita,1.0
Uarda,1.0
Uba,1.0
Ubah,1.0
Uchechi,1.0
Uda,1.0
Udana,1.0
Udelia,1.0
Udella,1.0
Udona,1.0
Udonna,1.0
Udora,1.0
Udy,1.0
Ufemia,1.0
Ugne,1.0
Ugochi,1.0
Uhura,1.0
Uilani,1.0
Uinise,1.0
Ujala,1.0
Ujin,1.0
Ukari,1.0
Ulah,1.0
Ulana,1.0
Ulanda,1.0
Ulani,1.0
Ulanni,1.0
Uldean,1.0
Ualani,1.0
Tzurty,1.0
Tzuri,1.0
Tzila,1.0
Tyvonna,1.0
Tywana,1.0
Tywanda,1.0
Tywania,1.0
Tywanna,1.0
Tywona,1.0
Tywonda,1.0
Tyyana,1.0
Tyyanna,1.0
Tyyne,1.0
Tyyonna,1.0
Tyzhane,1.0
Tzipa,1.0
Tzofia,1.0
Tzipora,1.0
Tziporah,1.0
Tzippora,1.0
Tzipporah,1.0
Tzippy,1.0
Tzirel,1.0
Tziri,1.0
Tziry,1.0
Tzivi,1.0
Tzivia,1.0
Tzivy,1.0
Tzivya,1.0
Uldene,1.0
Uldine,1.0
Uleta,1.0
Uneeda,1.0
Umeko,1.0
Umeno,1.0
Umeyma,1.0
Umeyo,1.0
Umika,1.0
Umme,1.0
Ummehani,1.0
Umrah,1.0
Umu,1.0
Una,1.0
Undine,1.0
Undria,1.0
Uneek,1.0
Umeki,1.0
Uneka,1.0
Ungwa,1.0
Uni,1.0
Unia,1.0
Uniah,1.0
Unica,1.0
Unika,1.0
Uniqua,1.0
Uniquea,1.0
Uniqueka,1.0
Uniquewa,1.0
Uniquia,1.0
Umekia,1.0
Umeka,1.0
Uli,1.0
Ulyssa,1.0
Uliana,1.0
Ulisa,1.0
Ulissa,1.0
Ulla,1.0
Ullanda,1.0
Ulma,1.0
Ulonda,1.0
Ulrica,1.0
Ulrika,1.0
Ulrike,1.0
Ulva,1.0
Ulyana,1.0
Ulyssia,1.0
Ume,1.0
Uma,1.0
Umaima,1.0
Umaimah,1.0
Umaira,1.0
Umaiza,1.0
Umama,1.0
Umamah,1.0
Umay,1.0
Umaya,1.0
Umayah,1.0
Umayma,1.0
Umber,1.0
Tykiana,1.0
Tykia,1.0
Tykeyah,1.0
Trishonda,1.0
Trinket,1.0
Trinley,1.0
Trinna,1.0
Trinnie,1.0
Trinnity,1.0
Trintiy,1.0
Trinty,1.0
Triny,1.0
Trinyti,1.0
Triona,1.0
Trionna,1.0
Trisa,1.0
Trisca,1.0
Trischa,1.0
Triscia,1.0
Triscilla,1.0
Trish,1.0
Trishalana,1.0
Trishamae,1.0
Trishana,1.0
Trishanna,1.0
Trishawna,1.0
Trishell,1.0
Trishelle,1.0
Trishia,1.0
Trishika,1.0
Trishna,1.0
Trinka,1.0
Triniyah,1.0
Triniya,1.0
Trinidie,1.0
Trinere,1.0
Trinese,1.0
Trinesha,1.0
Trinetta,1.0
Trinette,1.0
Trinety,1.0
Trinh,1.0
Trinia,1.0
Trinice,1.0
Trinicia,1.0
Trinidee,1.0
Trinidi,1.0
Trinie,1.0
Trinityrose,1.0
Triniece,1.0
Trinika,1.0
Trinisa,1.0
Trinise,1.0
Trinisha,1.0
Trinita,1.0
Trinite,1.0
Trinitee,1.0
Trinitey,1.0
Triniti,1.0
Trinitie,1.0
Trinitty,1.0
Trishona,1.0
Trisia,1.0
Truveya,1.0
Trisity,1.0
Troya,1.0
Troyanne,1.0
Troylene,1.0
Troylynn,1.0
Trucilla,1.0
Truda,1.0
Truddie,1.0
Trude,1.0
Trudee,1.0
Trudence,1.0
Trudi,1.0
Trudie,1.0
Trudis,1.0
Trudith,1.0
Truely,1.0
Trula,1.0
Trulee,1.0
Trulei,1.0
Truleigh,1.0
Truley,1.0
Truli,1.0
Trulie,1.0
Trulove,1.0
Trulynn,1.0
Truma,1.0
Trunetta,1.0
Trupti,1.0
Tronda,1.0
Trona,1.0
Troian,1.0
Tristiana,1.0
Triska,1.0
Triss,1.0
Trissa,1.0
Trissie,1.0
Tristaca,1.0
Tristah,1.0
Tristana,1.0
Tristann,1.0
Tristany,1.0
Triste,1.0
Tristi,1.0
Tristia,1.0
Tristianna,1.0
Troas,1.0
Tristica,1.0
Tristina,1.0
Tristy,1.0
Tristynn,1.0
Tritia,1.0
Triva,1.0
Trivia,1.0
Trivian,1.0
Trixi,1.0
Trixie,1.0
Trixy,1.0
Triya,1.0
Trineka,1.0
Trinea,1.0
Trinda,1.0
Trinaty,1.0
Trenece,1.0
Trenecia,1.0
Trenedy,1.0
Trenee,1.0
Treneice,1.0
Treneisha,1.0
Treneka,1.0
Trenese,1.0
Trenesha,1.0
Trenetta,1.0
Trenette,1.0
Trenia,1.0
Trenica,1.0
Trenice,1.0
Trenicia,1.0
Trenidy,1.0
Treniece,1.0
Trenika,1.0
Trenise,1.0
Trenisha,1.0
Trenita,1.0
Trenitee,1.0
Treniti,1.0
Treniya,1.0
Treniyah,1.0
Trenna,1.0
Trennedy,1.0
Trenea,1.0
Trene,1.0
Trenda,1.0
Tremesha,1.0
Treisha,1.0
Trejure,1.0
Treka,1.0
Trela,1.0
Trelana,1.0
Trelisa,1.0
Trella,1.0
Trellany,1.0
Trema,1.0
Tremaya,1.0
Tremeka,1.0
Tremekia,1.0
Tremia,1.0
Trenay,1.0
Tremica,1.0
Tremika,1.0
Tremiyah,1.0
Tremya,1.0
Tremyah,1.0
Trena,1.0
Trenace,1.0
Trenadi,1.0
Trenady,1.0
Trenae,1.0
Trenasia,1.0
Trenaty,1.0
Trenny,1.0
Trentity,1.0
Trenya,1.0
Trieste,1.0
Triana,1.0
Trianna,1.0
Tribeca,1.0
Tribecca,1.0
Trica,1.0
Tricha,1.0
Trichelle,1.0
Trichia,1.0
Tricity,1.0
Tridha,1.0
Triena,1.0
Trier,1.0
Trilba,1.0
Trezure,1.0
Trilby,1.0
Trilla,1.0
Trillis,1.0
Trillium,1.0
Trimeka,1.0
Trimika,1.0
Trinadee,1.0
Trinadi,1.0
Trinady,1.0
Trinae,1.0
Trinatee,1.0
Trinati,1.0
Tria,1.0
Treyonna,1.0
Trenyce,1.0
Tressa,1.0
Treona,1.0
Treonna,1.0
Tresa,1.0
Tresca,1.0
Trese,1.0
Tresea,1.0
Tresha,1.0
Treshell,1.0
Treshia,1.0
Tresia,1.0
Treslyn,1.0
Tress,1.0
Tressia,1.0
Treyanna,1.0
Tressy,1.0
Tresta,1.0
Tresure,1.0
Tretha,1.0
Trevi,1.0
Trevia,1.0
Trevina,1.0
Trevira,1.0
Trevona,1.0
Trevonna,1.0
Treya,1.0
Treyana,1.0
Trusha,1.0
Truvy,1.0
Tykeya,1.0
Tyeka,1.0
Tyauna,1.0
Tyaunna,1.0
Tyazia,1.0
Tybee,1.0
Tybrea,1.0
Tybresha,1.0
Tybria,1.0
Tybriana,1.0
Tycee,1.0
Tycelyn,1.0
Tyche,1.0
Tychell,1.0
Tychelle,1.0
Tychina,1.0
Tycie,1.0
Tydaisha,1.0
Tydashia,1.0
Tydrianna,1.0
Tyease,1.0
Tyeasha,1.0
Tyeast,1.0
Tyece,1.0
Tyecha,1.0
Tyechia,1.0
Tyecia,1.0
Tyeesha,1.0
Tyeisha,1.0
Tyasiah,1.0
Tyasia,1.0
Tyashia,1.0
Tyanah,1.0
Twylla,1.0
Twynette,1.0
Tya,1.0
Tyah,1.0
Tyahna,1.0
Tyaira,1.0
Tyairah,1.0
Tyaisa,1.0
Tyaisha,1.0
Tyaja,1.0
Tyajah,1.0
Tyana,1.0
Tyandra,1.0
Tyasha,1.0
Tyane,1.0
Tyani,1.0
Tyania,1.0
Tyann,1.0
Tyanna,1.0
Tyannah,1.0
Tyanne,1.0
Tyanni,1.0
Tyannia,1.0
Tyara,1.0
Tyaria,1.0
Tyarra,1.0
Tyeishia,1.0
Tyelise,1.0
Tryna,1.0
Tyena,1.0
Tyira,1.0
Tyisha,1.0
Tyishia,1.0
Tyissha,1.0
Tyja,1.0
Tyjana,1.0
Tyjanae,1.0
Tyjanay,1.0
Tyjanea,1.0
Tyjanique,1.0
Tyjuana,1.0
Tyka,1.0
Tykara,1.0
Tykaria,1.0
Tykayla,1.0
Tykea,1.0
Tykeia,1.0
Tykeira,1.0
Tykeisha,1.0
Tykenya,1.0
Tykera,1.0
Tykeria,1.0
Tykeriah,1.0
Tykerra,1.0
Tykerria,1.0
Tykesha,1.0
Tykeshia,1.0
Tyionna,1.0
Tyiona,1.0
Tyina,1.0
Tyhecia,1.0
Tyenna,1.0
Tyera,1.0
Tyerra,1.0
Tyesa,1.0
Tyese,1.0
Tyesha,1.0
Tyeshia,1.0
Tyesia,1.0
Tyfani,1.0
Tyffani,1.0
Tyffanie,1.0
Tyffany,1.0
Tyheisha,1.0
Tyieshia,1.0
Tyhesha,1.0
Tyheshia,1.0
Tyhesia,1.0
Tyhessia,1.0
Tyhira,1.0
Tyhisa,1.0
Tyhisha,1.0
Tyia,1.0
Tyiana,1.0
Tyianna,1.0
Tyice,1.0
Tyiesha,1.0
Twylia,1.0
Twylah,1.0
Twyla,1.0
Twonda,1.0
Tsuruyo,1.0
Tsutako,1.0
Tsuyako,1.0
Tsuyuko,1.0
Tsvia,1.0
Tuana,1.0
Tuba,1.0
Tudy,1.0
Tuere,1.0
Tuesdae,1.0
Tuesdai,1.0
Tuesday,1.0
Tuesdee,1.0
Tujuana,1.0
Tukesha,1.0
Tula,1.0
Tulah,1.0
Tulani,1.0
Tulasi,1.0
Tuleen,1.0
Tulia,1.0
Tulip,1.0
Tulisa,1.0
Tullia,1.0
Tullsa,1.0
Tullulah,1.0
Tulsa,1.0
Tsuruko,1.0
Tsurue,1.0
Tsuneko,1.0
Tshanti,1.0
Trynati,1.0
Trynitee,1.0
Tryniti,1.0
Trynity,1.0
Tryphena,1.0
Trysha,1.0
Trysta,1.0
Trystal,1.0
Tsega,1.0
Tselane,1.0
Tselmuun,1.0
Tshai,1.0
Tshara,1.0
Tsunami,1.0
Tshaye,1.0
Tshwanda,1.0
Tsianina,1.0
Tsianna,1.0
Tsinat,1.0
Tsireya,1.0
Tsitsiki,1.0
Tsiyon,1.0
Tsubaki,1.0
Tsugie,1.0
Tsumugi,1.0
Tsunade,1.0
Tulsi,1.0
Tumeka,1.0
Tumekia,1.0
Twanika,1.0
Tuyet,1.0
Tuyetnhi,1.0
Tuyetnhung,1.0
Tvisha,1.0
Twaina,1.0
Twala,1.0
Twalla,1.0
Twana,1.0
Twanda,1.0
Twanetta,1.0
Twanette,1.0
Twania,1.0
Twaniqua,1.0
Tuwanda,1.0
Twanisha,1.0
Twanna,1.0
Twanya,1.0
Twiggy,1.0
Twila,1.0
Twilah,1.0
Twilia,1.0
Twilight,1.0
Twilla,1.0
Twina,1.0
Twinkle,1.0
Twisha,1.0
Tuwanna,1.0
Tuwana,1.0
Tumika,1.0
Tureka,1.0
Tundra,1.0
Tunesia,1.0
Tunisa,1.0
Tunisha,1.0
Tunisia,1.0
Tunja,1.0
Tunya,1.0
Tunyia,1.0
Tuongvi,1.0
Tuongvy,1.0
Tura,1.0
Turea,1.0
Turia,1.0
Tuva,1.0
Turina,1.0
Turiya,1.0
Turkesa,1.0
Turkesha,1.0
Turkessa,1.0
Turquoise,1.0
Tuscany,1.0
Tusha,1.0
Tushara,1.0
Tushima,1.0
Tuula,1.0
Tuuli,1.0
Theadosia,1.0
Theadora,1.0
Theada,1.0
Tandice,1.0
Tanaiya,1.0
Tanaiyah,1.0
Tanaja,1.0
Tanajah,1.0
Tanajha,1.0
Tanajia,1.0
Tanara,1.0
Tanari,1.0
Tanaria,1.0
Tanasha,1.0
Tanashia,1.0
Tanasia,1.0
Tanautica,1.0
Tanavia,1.0
Tanaya,1.0
Tanayah,1.0
Tanayia,1.0
Tanayja,1.0
Tanayjah,1.0
Tanaysha,1.0
Tanayshia,1.0
Tanaysia,1.0
Tanayzia,1.0
Tanazia,1.0
Tancy,1.0
Tanda,1.0
Tandeka,1.0
Tanaisha,1.0
Tanaisa,1.0
Tanairy,1.0
Tamyrah,1.0
Tamula,1.0
Tamura,1.0
Tamy,1.0
Tamya,1.0
Tamyah,1.0
Tamye,1.0
Tamyia,1.0
Tamyiah,1.0
Tamyka,1.0
Tamyko,1.0
Tamyla,1.0
Tamyra,1.0
Tamyria,1.0
Tanairi,1.0
Tamzen,1.0
Tamzin,1.0
Tamzyn,1.0
Tanaa,1.0
Tanae,1.0
Tanaeja,1.0
Tanaejah,1.0
Tanah,1.0
Tanai,1.0
Tanaia,1.0
Tanaija,1.0
Tanaijah,1.0
Tandi,1.0
Tandie,1.0
Tamson,1.0
Tandis,1.0
Tanell,1.0
Tanelle,1.0
Tanequa,1.0
Tanera,1.0
Taneria,1.0
Tanesa,1.0
Tanesha,1.0
Taneshia,1.0
Tanesia,1.0
Tanessa,1.0
Tanetta,1.0
Tanette,1.0
Taneya,1.0
Taneyah,1.0
Taneysha,1.0
Tang,1.0
Tanga,1.0
Tangala,1.0
Tanganika,1.0
Tanganyika,1.0
Tange,1.0
Tangee,1.0
Tangela,1.0
Tangelia,1.0
Tangella,1.0
Tangenika,1.0
Tanger,1.0
Tanekqua,1.0
Tanekia,1.0
Taneka,1.0
Taneeka,1.0
Tandra,1.0
Tandrea,1.0
Tandria,1.0
Tanea,1.0
Taneah,1.0
Taneal,1.0
Taneasha,1.0
Taneca,1.0
Tanechia,1.0
Tanecia,1.0
Tanedra,1.0
Tanee,1.0
Taneesha,1.0
Tanejah,1.0
Taneha,1.0
Taneia,1.0
Taneice,1.0
Taneicia,1.0
Taneika,1.0
Taneil,1.0
Taneille,1.0
Taneiqua,1.0
Taneisha,1.0
Taneishia,1.0
Taneiya,1.0
Taneja,1.0
Tamsyn,1.0
Tamsin,1.0
Tarria,1.0
Tamiqua,1.0
Tamicha,1.0
Tamicia,1.0
Tamicka,1.0
Tamicko,1.0
Tamico,1.0
Tamie,1.0
Tamieka,1.0
Tamieko,1.0
Tamiera,1.0
Tamiesha,1.0
Tamiia,1.0
Tamiika,1.0
Tamijah,1.0
Tamijo,1.0
Tamikah,1.0
Tamikca,1.0
Tamike,1.0
Tamiki,1.0
Tamikia,1.0
Tamikka,1.0
Tamila,1.0
Tamilia,1.0
Tamilla,1.0
Tamille,1.0
Tamillia,1.0
Tamilyn,1.0
Tamina,1.0
Tamica,1.0
Tamiaya,1.0
Tamiah,1.0
Tameria,1.0
Tameke,1.0
Tamekea,1.0
Tameki,1.0
Tamekia,1.0
Tamekio,1.0
Tamekka,1.0
Tameko,1.0
Tamela,1.0
Tamelia,1.0
Tamella,1.0
Tamera,1.0
Tamerah,1.0
Tamerra,1.0
Tamia,1.0
Tamesa,1.0
Tamesha,1.0
Tameshia,1.0
Tamesia,1.0
Tametha,1.0
Tametra,1.0
Tametria,1.0
Tamey,1.0
Tameya,1.0
Tameyah,1.0
Tameyka,1.0
Tamhra,1.0
Taminka,1.0
Tamira,1.0
Tamsen,1.0
Tamiracle,1.0
Tammi,1.0
Tammia,1.0
Tammica,1.0
Tammika,1.0
Tammila,1.0
Tammis,1.0
Tammitha,1.0
Tammmy,1.0
Tammora,1.0
Tammra,1.0
Tammyann,1.0
Tammye,1.0
Tammyjo,1.0
Tammylee,1.0
Tammylynn,1.0
Tammyra,1.0
Tamona,1.0
Tamoni,1.0
Tamonica,1.0
Tamora,1.0
Tamorah,1.0
Tamoya,1.0
Tampa,1.0
Tampatha,1.0
Tamrah,1.0
Tamre,1.0
Tamriel,1.0
Tammey,1.0
Tammetha,1.0
Tammeria,1.0
Tamkia,1.0
Tamirah,1.0
Tamiria,1.0
Tamirra,1.0
Tamisa,1.0
Tamisha,1.0
Tamishia,1.0
Tamita,1.0
Tamitha,1.0
Tamitra,1.0
Tamiya,1.0
Tamiyah,1.0
Tamka,1.0
Tamkio,1.0
Tammera,1.0
Tamla,1.0
Tamlyn,1.0
Tamma,1.0
Tammala,1.0
Tammany,1.0
Tammara,1.0
Tammarra,1.0
Tammatha,1.0
Tamme,1.0
Tammee,1.0
Tammeka,1.0
Tammela,1.0
Tangerine,1.0
Tangerla,1.0
Tangi,1.0
Taranika,1.0
Taquila,1.0
Taquilla,1.0
Taquira,1.0
Taquisa,1.0
Taquisha,1.0
Taquita,1.0
Taquoia,1.0
Taquoya,1.0
Taqwa,1.0
Tar,1.0
Taraann,1.0
Taraf,1.0
Tarah,1.0
Tarai,1.0
Taraja,1.0
Tarajah,1.0
Tarajai,1.0
Tarajee,1.0
Tarajhi,1.0
Tarajii,1.0
Taralee,1.0
Taralyn,1.0
Taralynn,1.0
Taramarie,1.0
Tarana,1.0
Taranda,1.0
Taraneh,1.0
Taquia,1.0
Taquetta,1.0
Taquesha,1.0
Tapanga,1.0
Tanylah,1.0
Tanyra,1.0
Tanysha,1.0
Tanza,1.0
Tanzania,1.0
Tanzi,1.0
Tanzia,1.0
Tanzie,1.0
Tanzila,1.0
Tanzy,1.0
Taonna,1.0
Tapainga,1.0
Tapasya,1.0
Taqueria,1.0
Tapatha,1.0
Taqdeer,1.0
Taqiyya,1.0
Taqiyyah,1.0
Taquana,1.0
Taquanda,1.0
Taquanna,1.0
Taquanta,1.0
Taquasha,1.0
Taquasia,1.0
Taqueena,1.0
Taquella,1.0
Taraneka,1.0
Taranique,1.0
Tangia,1.0
Taranisha,1.0
Tarissa,1.0
Tarita,1.0
Taritha,1.0
Tariya,1.0
Tariyah,1.0
Tarja,1.0
Tarji,1.0
Tarkesha,1.0
Tarkeshia,1.0
Tarkisha,1.0
Tarla,1.0
Tarlaysia,1.0
Tarlisha,1.0
Tarmara,1.0
Tarna,1.0
Tarneisha,1.0
Tarnesha,1.0
Tarneshia,1.0
Tarnisha,1.0
Tarnya,1.0
Tarolyn,1.0
Taronda,1.0
Taronica,1.0
Taronza,1.0
Tarra,1.0
Tarrah,1.0
Tarralyn,1.0
Tarisha,1.0
Tarisa,1.0
Tarini,1.0
Taresha,1.0
Taraoluwa,1.0
Tarasa,1.0
Tarasha,1.0
Taraya,1.0
Tarcha,1.0
Tarcia,1.0
Tarea,1.0
Tareena,1.0
Tareia,1.0
Tareka,1.0
Tarena,1.0
Taresa,1.0
Taressa,1.0
Tarina,1.0
Tareva,1.0
Tareyn,1.0
Tarha,1.0
Tarhonda,1.0
Tariah,1.0
Tariana,1.0
Tarianna,1.0
Tarica,1.0
Tarie,1.0
Tariel,1.0
Tarijah,1.0
Tarika,1.0
Tanyla,1.0
Tanyka,1.0
Tanyjah,1.0
Tanyja,1.0
Tanijha,1.0
Tanika,1.0
Tanikia,1.0
Tanikka,1.0
Taniko,1.0
Tanikqua,1.0
Tanila,1.0
Tanilah,1.0
Tanille,1.0
Tanina,1.0
Taniqua,1.0
Tanique,1.0
Tanira,1.0
Tanisa,1.0
Tanise,1.0
Tanishea,1.0
Tanishi,1.0
Tanishia,1.0
Tanishka,1.0
Tanisi,1.0
Tanisia,1.0
Tanita,1.0
Tanith,1.0
Tanitha,1.0
Tanitra,1.0
Taniya,1.0
Taniyah,1.0
Tanijah,1.0
Tanija,1.0
Tanihya,1.0
Taniah,1.0
Tangie,1.0
Tangier,1.0
Tangila,1.0
Tangina,1.0
Tangla,1.0
Tangle,1.0
Tanglia,1.0
Tango,1.0
Tangula,1.0
Tangular,1.0
Tangy,1.0
Tanha,1.0
Taniaya,1.0
Taniha,1.0
Taniayah,1.0
Tanica,1.0
Tanice,1.0
Tanicha,1.0
Tanicia,1.0
Tanicka,1.0
Tanida,1.0
Taniece,1.0
Tanieka,1.0
Taniel,1.0
Tanielle,1.0
Taniesha,1.0
Taniyha,1.0
Taniyia,1.0
Taniyla,1.0
Tany,1.0
Tantania,1.0
Tante,1.0
Tantra,1.0
Tanuja,1.0
Tanusha,1.0
Tanushka,1.0
Tanushree,1.0
Tanushri,1.0
Tanvee,1.0
Tanvi,1.0
Tanvika,1.0
Tanvitha,1.0
Tanyah,1.0
Tansy,1.0
Tanyanika,1.0
Tanyea,1.0
Tanyeka,1.0
Tanyel,1.0
Tanyell,1.0
Tanyelle,1.0
Tanyetta,1.0
Tanyette,1.0
Tanyha,1.0
Tanyia,1.0
Tanyiah,1.0
Tanyika,1.0
Tantanea,1.0
Tansley,1.0
Taniylah,1.0
Tannaz,1.0
Tanja,1.0
Tanjala,1.0
Tanjanae,1.0
Tanjanika,1.0
Tanjanique,1.0
Tanji,1.0
Tanjie,1.0
Tankia,1.0
Tanley,1.0
Tanmayi,1.0
Tanna,1.0
Tannah,1.0
Tannesha,1.0
Tansi,1.0
Tanneshia,1.0
Tannetta,1.0
Tannette,1.0
Tanni,1.0
Tannia,1.0
Tannika,1.0
Tannille,1.0
Tannisha,1.0
Tannya,1.0
Tanoa,1.0
Tansey,1.0
Tansha,1.0
Tameisha,1.0
Tameira,1.0
Tameiko,1.0
Takaiya,1.0
Tajahnae,1.0
Tajahne,1.0
Tajana,1.0
Tajanae,1.0
Tajanai,1.0
Tajanay,1.0
Tajane,1.0
Tajanea,1.0
Tajanee,1.0
Tajanique,1.0
Tajauna,1.0
Tajea,1.0
Tajha,1.0
Tajhanae,1.0
Tajia,1.0
Tajiah,1.0
Tajiana,1.0
Tajianna,1.0
Tajinae,1.0
Tajma,1.0
Tajmah,1.0
Tajsa,1.0
Tajuana,1.0
Tajuanda,1.0
Tajuanna,1.0
Taka,1.0
Takaia,1.0
Taizley,1.0
Taizlee,1.0
Taizha,1.0
Taitianna,1.0
Tais,1.0
Taisa,1.0
Taisha,1.0
Taishia,1.0
Taishima,1.0
Taishmara,1.0
Taisia,1.0
Taisiya,1.0
Taislee,1.0
Taisley,1.0
Taissa,1.0
Taitiana,1.0
Taitlyn,1.0
Taiz,1.0
Taityana,1.0
Taityanna,1.0
Taitym,1.0
Taiwana,1.0
Taiwanda,1.0
Taiwanna,1.0
Taiya,1.0
Taiyah,1.0
Taiyana,1.0
Taiyanna,1.0
Taiyler,1.0
Taiylor,1.0
Takaila,1.0
Takaiyah,1.0
Takiea,1.0
Takako,1.0
Takella,1.0
Takema,1.0
Takemia,1.0
Takena,1.0
Takendra,1.0
Takenya,1.0
Takera,1.0
Takeria,1.0
Takerra,1.0
Takerria,1.0
Takesa,1.0
Takesha,1.0
Takeshia,1.0
Takesia,1.0
Taketa,1.0
Takevia,1.0
Takeya,1.0
Takeyah,1.0
Takeyia,1.0
Takeyla,1.0
Takeyra,1.0
Takeysha,1.0
Takeyshia,1.0
Takhia,1.0
Takhiya,1.0
Takia,1.0
Takiah,1.0
Takelia,1.0
Takela,1.0
Takeko,1.0
Takeasha,1.0
Takala,1.0
Takara,1.0
Takarah,1.0
Takaria,1.0
Takarra,1.0
Takasha,1.0
Takashia,1.0
Takayla,1.0
Takaylah,1.0
Takdeer,1.0
Takea,1.0
Takeara,1.0
Takecia,1.0
Takeiya,1.0
Takedra,1.0
Takeela,1.0
Takeema,1.0
Takeena,1.0
Takeesha,1.0
Takeeta,1.0
Takeia,1.0
Takeidra,1.0
Takeila,1.0
Takeira,1.0
Takeisha,1.0
Takeita,1.0
Tairyn,1.0
Tairy,1.0
Tairra,1.0
Tairen,1.0
Tahesia,1.0
Tahia,1.0
Tahina,1.0
Tahira,1.0
Tahirah,1.0
Tahiri,1.0
Tahirih,1.0
Tahiry,1.0
Tahis,1.0
Tahisa,1.0
Tahisha,1.0
Tahitha,1.0
Tahitia,1.0
Tahiya,1.0
Tahiyah,1.0
Tahjanae,1.0
Tahjanay,1.0
Tahjanee,1.0
Tahjia,1.0
Tahlani,1.0
Tahlaya,1.0
Tahlea,1.0
Tahleah,1.0
Tahleea,1.0
Tahler,1.0
Tahli,1.0
Tahlia,1.0
Tahesha,1.0
Tahera,1.0
Tahel,1.0
Taeya,1.0
Taela,1.0
Taelani,1.0
Taelar,1.0
Taelee,1.0
Taeleigh,1.0
Taelour,1.0
Taelynne,1.0
Taelyr,1.0
Taeryn,1.0
Taesha,1.0
Taeshia,1.0
Taetym,1.0
Taeyah,1.0
Taheerah,1.0
Taeylor,1.0
Taffani,1.0
Taffany,1.0
Taffeta,1.0
Taffi,1.0
Taffie,1.0
Taffney,1.0
Taffy,1.0
Tahani,1.0
Tahany,1.0
Tahara,1.0
Taheera,1.0
Tahliah,1.0
Tahliya,1.0
Tahliyah,1.0
Tailey,1.0
Taighlor,1.0
Taihlor,1.0
Taija,1.0
Taijah,1.0
Taijanae,1.0
Taijarae,1.0
Taijha,1.0
Taila,1.0
Tailah,1.0
Tailani,1.0
Tailar,1.0
Tailee,1.0
Tailore,1.0
Taiesha,1.0
Taily,1.0
Tailynn,1.0
Tailyr,1.0
Taima,1.0
Taimane,1.0
Taimani,1.0
Taime,1.0
Taimi,1.0
Taina,1.0
Taionna,1.0
Taira,1.0
Taire,1.0
Taifa,1.0
Taide,1.0
Tahlor,1.0
Tahra,1.0
Tahlya,1.0
Tahmia,1.0
Tahmina,1.0
Tahmya,1.0
Tahna,1.0
Tahnee,1.0
Tahnesha,1.0
Tahni,1.0
Tahnia,1.0
Tahnisha,1.0
Tahniya,1.0
Tahnya,1.0
Tahreem,1.0
Taibah,1.0
Tahsha,1.0
Tahtiana,1.0
Tahtianna,1.0
Tahtyana,1.0
Tahya,1.0
Tahyssia,1.0
Taia,1.0
Taiah,1.0
Taiana,1.0
Taianna,1.0
Taiasha,1.0
Taiba,1.0
Takiara,1.0
Takiera,1.0
Tameika,1.0
Tamana,1.0
Talullah,1.0
Talvi,1.0
Taly,1.0
Talya,1.0
Talyah,1.0
Talyia,1.0
Talyiah,1.0
Talyor,1.0
Talyr,1.0
Talysa,1.0
Talysha,1.0
Talyssa,1.0
Tamae,1.0
Tamah,1.0
Tamai,1.0
Tamaia,1.0
Tamaiah,1.0
Tamaica,1.0
Tamaika,1.0
Tamaira,1.0
Tamaiya,1.0
Tamajah,1.0
Tamaka,1.0
Tamaki,1.0
Tamakia,1.0
Tamala,1.0
Tamalia,1.0
Talulla,1.0
Talulah,1.0
Talula,1.0
Taliyah,1.0
Taline,1.0
Talisa,1.0
Talise,1.0
Talisha,1.0
Talishia,1.0
Talisia,1.0
Talissa,1.0
Talissia,1.0
Talita,1.0
Talitha,1.0
Talithia,1.0
Taliya,1.0
Taliyha,1.0
Talsha,1.0
Talla,1.0
Talli,1.0
Tallia,1.0
Tallinn,1.0
Talliyah,1.0
Tallula,1.0
Tallulah,1.0
Talona,1.0
Talonda,1.0
Taloni,1.0
Talore,1.0
Taloria,1.0
Tamalyn,1.0
Tamani,1.0
Takierra,1.0
Tamanika,1.0
Tamayia,1.0
Tamber,1.0
Tamberly,1.0
Tamberlyn,1.0
Tambi,1.0
Tamblyn,1.0
Tambra,1.0
Tambre,1.0
Tambresha,1.0
Tambrey,1.0
Tambria,1.0
Tambry,1.0
Tamea,1.0
Tameah,1.0
Tameaka,1.0
Tameca,1.0
Tamecca,1.0
Tamecha,1.0
Tamecia,1.0
Tamecka,1.0
Tameco,1.0
Tamee,1.0
Tameeka,1.0
Tameera,1.0
Tameesha,1.0
Tameia,1.0
Tameica,1.0
Tamaye,1.0
Tamayah,1.0
Tamaya,1.0
Tamarind,1.0
Tamanna,1.0
Tamantha,1.0
Tamarae,1.0
Tamarah,1.0
Tamaran,1.0
Tamarea,1.0
Tamaree,1.0
Tamaria,1.0
Tamariah,1.0
Tamariana,1.0
Tamarie,1.0
Tamarin,1.0
Tamarisk,1.0
Tamathy,1.0
Tamaro,1.0
Tamaron,1.0
Tamarra,1.0
Tamarrah,1.0
Tamarria,1.0
Tamarsha,1.0
Tamarya,1.0
Tamaryn,1.0
Tamasha,1.0
Tamasine,1.0
Tamatha,1.0
Tamathia,1.0
Talina,1.0
Talim,1.0
Talilah,1.0
Talika,1.0
Talah,1.0
Talaia,1.0
Talaiah,1.0
Talaija,1.0
Talaijah,1.0
Talaina,1.0
Talaisha,1.0
Talaiya,1.0
Talaiyah,1.0
Talaja,1.0
Talajah,1.0
Talajha,1.0
Talajiah,1.0
Talana,1.0
Talanda,1.0
Talandra,1.0
Talani,1.0
Talanii,1.0
Talar,1.0
Talara,1.0
Talarisha,1.0
Talasha,1.0
Talasia,1.0
Talaya,1.0
Talayah,1.0
Talayasia,1.0
Talayeh,1.0
Talae,1.0
Tala,1.0
Takyrah,1.0
Takita,1.0
Takiesha,1.0
Takijah,1.0
Takila,1.0
Takima,1.0
Takina,1.0
Takindra,1.0
Takira,1.0
Takirah,1.0
Takirra,1.0
Takisa,1.0
Takisha,1.0
Takishia,1.0
Takiya,1.0
Takyra,1.0
Takiyah,1.0
Takiyla,1.0
Taknisha,1.0
Takoya,1.0
Takshvi,1.0
Takya,1.0
Takyah,1.0
Takyia,1.0
Takyiah,1.0
Takyla,1.0
Takylah,1.0
Takylia,1.0
Talayia,1.0
Talayiah,1.0
Talayja,1.0
Taleyah,1.0
Talena,1.0
Talene,1.0
Talesa,1.0
Talese,1.0
Talesha,1.0
Taleshia,1.0
Talesia,1.0
Taletha,1.0
Talethia,1.0
Talexis,1.0
Taley,1.0
Taleya,1.0
Talhia,1.0
Taleiyah,1.0
Taliah,1.0
Taliana,1.0
Talianna,1.0
Taliayah,1.0
Taliba,1.0
Talibah,1.0
Talicia,1.0
Talie,1.0
Taliea,1.0
Taliesha,1.0
Taliha,1.0
Talijah,1.0
Taleka,1.0
Taleiya,1.0
Talayjah,1.0
Taleea,1.0
Talayla,1.0
Talayna,1.0
Talaysha,1.0
Talayshia,1.0
Talaysia,1.0
Talazia,1.0
Talea,1.0
Taleah,1.0
Taleaha,1.0
Taleasha,1.0
Talecia,1.0
Talee,1.0
Taleeah,1.0
Taleisha,1.0
Taleen,1.0
Taleena,1.0
Taleesa,1.0
Taleesha,1.0
Taleeya,1.0
Taleeyah,1.0
Talei,1.0
Taleia,1.0
Taleiah,1.0
Taleigh,1.0
Taleigha,1.0
Taleisa,1.0
Tarri,1.0
Tarsha,1.0
Thays,1.0
Tennesha,1.0
Teniesha,1.0
Tenijah,1.0
Tenika,1.0
Tenile,1.0
Tenille,1.0
Tenina,1.0
Teniqua,1.0
Tenisa,1.0
Tenise,1.0
Tenisha,1.0
Tenishia,1.0
Tenita,1.0
Teniya,1.0
Teniyah,1.0
Tenlee,1.0
Tenleigh,1.0
Tenli,1.0
Tenlie,1.0
Tenly,1.0
Tenna,1.0
Tennasyn,1.0
Tenneal,1.0
Tenneh,1.0
Tenneil,1.0
Tenneill,1.0
Tenneille,1.0
Tennelle,1.0
Tenielle,1.0
Teniel,1.0
Tenie,1.0
Tenequa,1.0
Teneeshia,1.0
Teneha,1.0
Teneia,1.0
Teneika,1.0
Teneil,1.0
Teneile,1.0
Teneille,1.0
Teneisha,1.0
Teneka,1.0
Teneke,1.0
Tenell,1.0
Tenelle,1.0
Tenesa,1.0
Tenicka,1.0
Tenesha,1.0
Teneshia,1.0
Tenesia,1.0
Tenessa,1.0
Teneya,1.0
Teni,1.0
Tenia,1.0
Teniah,1.0
Tenica,1.0
Tenice,1.0
Tenicha,1.0
Tenicia,1.0
Tenner,1.0
Tennesia,1.0
Teneeka,1.0
Tenney,1.0
Tephanie,1.0
Tequana,1.0
Tequela,1.0
Tequella,1.0
Tequesta,1.0
Tequia,1.0
Tequila,1.0
Tequilia,1.0
Tequilla,1.0
Tequira,1.0
Tequisha,1.0
Tequita,1.0
Tequlia,1.0
Tequoia,1.0
Tera,1.0
Teraji,1.0
Teralee,1.0
Teralyn,1.0
Teralynn,1.0
Terani,1.0
Teranique,1.0
Terasa,1.0
Terase,1.0
Terasha,1.0
Terea,1.0
Tereas,1.0
Tereasa,1.0
Tepanga,1.0
Teoshia,1.0
Teosha,1.0
Teny,1.0
Tennia,1.0
Tenniel,1.0
Tennielle,1.0
Tennile,1.0
Tennill,1.0
Tennillie,1.0
Tennisha,1.0
Tennley,1.0
Tenora,1.0
Tensie,1.0
Tenslee,1.0
Tensley,1.0
Tenya,1.0
Teonni,1.0
Tenyah,1.0
Tenyce,1.0
Tenyia,1.0
Tenzley,1.0
Teodora,1.0
Teofila,1.0
Teola,1.0
Teona,1.0
Teondra,1.0
Teoni,1.0
Teonia,1.0
Teonna,1.0
Teneesha,1.0
Tenee,1.0
Tarsheka,1.0
Temekia,1.0
Telica,1.0
Telicia,1.0
Teliea,1.0
Telina,1.0
Telisa,1.0
Telise,1.0
Telisha,1.0
Telishia,1.0
Telissa,1.0
Telitha,1.0
Teliyah,1.0
Tella,1.0
Telli,1.0
Telma,1.0
Telor,1.0
Telsa,1.0
Telsha,1.0
Tema,1.0
Temah,1.0
Temaka,1.0
Temara,1.0
Temaria,1.0
Tember,1.0
Temeca,1.0
Temecia,1.0
Temecka,1.0
Temeeka,1.0
Teliah,1.0
Telia,1.0
Telethia,1.0
Telah,1.0
Tekeyah,1.0
Tekeyla,1.0
Tekia,1.0
Tekila,1.0
Tekira,1.0
Tekisha,1.0
Tekita,1.0
Tekiya,1.0
Tekiyah,1.0
Tekla,1.0
Tekoah,1.0
Tekyra,1.0
Telana,1.0
Teletha,1.0
Telani,1.0
Telaya,1.0
Telayah,1.0
Telaysia,1.0
Teleah,1.0
Telecia,1.0
Telena,1.0
Telesa,1.0
Telesfora,1.0
Telesha,1.0
Teleshia,1.0
Telesia,1.0
Temeika,1.0
Temeko,1.0
Tenecia,1.0
Temera,1.0
Temprence,1.0
Tempress,1.0
Temprince,1.0
Temprynce,1.0
Tempsett,1.0
Tempy,1.0
Temre,1.0
Temya,1.0
Tena,1.0
Tenae,1.0
Tenaj,1.0
Tenaja,1.0
Tenajah,1.0
Tenara,1.0
Tenasha,1.0
Tenasia,1.0
Tenay,1.0
Tenaya,1.0
Tenayah,1.0
Tency,1.0
Tendra,1.0
Tendria,1.0
Tene,1.0
Tenea,1.0
Teneal,1.0
Teneasha,1.0
Teneca,1.0
Temprance,1.0
Tempie,1.0
Tempestt,1.0
Temilade,1.0
Temesa,1.0
Temesha,1.0
Temeshia,1.0
Temetria,1.0
Temetrius,1.0
Temi,1.0
Temia,1.0
Temica,1.0
Temicka,1.0
Temika,1.0
Temikia,1.0
Temiko,1.0
Temilayo,1.0
Tempest,1.0
Temilola,1.0
Temima,1.0
Temira,1.0
Temisha,1.0
Temkia,1.0
Temmy,1.0
Tempa,1.0
Tempe,1.0
Temperance,1.0
Temperence,1.0
Tempess,1.0
Tempesst,1.0
Terease,1.0
Tereatha,1.0
Tereca,1.0
Teysha,1.0
Tessy,1.0
Tetra,1.0
Teuila,1.0
Teuna,1.0
Teuta,1.0
Tevy,1.0
Tewana,1.0
Tewanda,1.0
Tewanna,1.0
Texana,1.0
Texanna,1.0
Texie,1.0
Teya,1.0
Teyah,1.0
Teyahna,1.0
Teyana,1.0
Teyanah,1.0
Teyani,1.0
Teyanna,1.0
Teyha,1.0
Teyla,1.0
Teylar,1.0
Teyler,1.0
Teylie,1.0
Teyona,1.0
Teyonce,1.0
Teyonda,1.0
Tesslynn,1.0
Tesslyn,1.0
Tessley,1.0
Teslyn,1.0
Teshawna,1.0
Teshayla,1.0
Tesheena,1.0
Tesheka,1.0
Teshena,1.0
Teshia,1.0
Teshika,1.0
Teshima,1.0
Teshina,1.0
Teshira,1.0
Tesia,1.0
Tesley,1.0
Tesneem,1.0
Tessla,1.0
Tesni,1.0
Tess,1.0
Tessah,1.0
Tessalee,1.0
Tessalyn,1.0
Tessalynn,1.0
Tessanne,1.0
Tesse,1.0
Tessi,1.0
Tessia,1.0
Tessibel,1.0
Tessica,1.0
Teyonna,1.0
Tezara,1.0
Terece,1.0
Tezra,1.0
Thamara,1.0
Thamia,1.0
Thana,1.0
Thandi,1.0
Thandie,1.0
Thandiwe,1.0
Thanhtruc,1.0
Thania,1.0
Thanishka,1.0
Thanna,1.0
Thanvi,1.0
Thanvika,1.0
Thanya,1.0
Thara,1.0
Thary,1.0
Thasha,1.0
Thaswika,1.0
Thatiana,1.0
Thavy,1.0
Thawann,1.0
Thaya,1.0
Thayla,1.0
Thayle,1.0
Thayli,1.0
Thaylia,1.0
Thayna,1.0
Thayra,1.0
Thalya,1.0
Thalma,1.0
Thaliyah,1.0
Thaisa,1.0
Tezza,1.0
Thada,1.0
Thaddea,1.0
Thadine,1.0
Thaila,1.0
Thailah,1.0
Thailee,1.0
Thailia,1.0
Thaily,1.0
Thailynn,1.0
Thaina,1.0
Thais,1.0
Thaisha,1.0
Thaliya,1.0
Thaissa,1.0
Thaissy,1.0
Thaiz,1.0
Thala,1.0
Thalassa,1.0
Thaleia,1.0
Thali,1.0
Thalia,1.0
Thaliah,1.0
Thaliana,1.0
Thalina,1.0
Thalita,1.0
Teshauna,1.0
Teshara,1.0
Teshana,1.0
Tesha,1.0
Tericka,1.0
Terie,1.0
Terika,1.0
Terilee,1.0
Terilyn,1.0
Terilynn,1.0
Terina,1.0
Teriona,1.0
Terionna,1.0
Terisa,1.0
Terise,1.0
Terisha,1.0
Terissa,1.0
Terita,1.0
Teriya,1.0
Teriyah,1.0
Teriyana,1.0
Ternesha,1.0
Ternisha,1.0
Teronda,1.0
Teronica,1.0
Terrae,1.0
Terrah,1.0
Terralyn,1.0
Terralynn,1.0
Terraneisha,1.0
Terranesha,1.0
Terice,1.0
Terica,1.0
Terianne,1.0
Teresha,1.0
Terecia,1.0
Terecita,1.0
Teree,1.0
Tereka,1.0
Terena,1.0
Terene,1.0
Terenia,1.0
Terenna,1.0
Teres,1.0
Teresaann,1.0
Terese,1.0
Teresea,1.0
Teresia,1.0
Terianna,1.0
Teresina,1.0
Teresita,1.0
Tereska,1.0
Teressa,1.0
Teressia,1.0
Teretha,1.0
Tereva,1.0
Tereza,1.0
Teria,1.0
Teriah,1.0
Teriana,1.0
Teriann,1.0
Terranisha,1.0
Terrayne,1.0
Terrea,1.0
Terrylea,1.0
Terrissa,1.0
Territa,1.0
Terriya,1.0
Terriyah,1.0
Terriyana,1.0
Terrlyn,1.0
Terrolyn,1.0
Terronda,1.0
Terryana,1.0
Terryann,1.0
Terryanna,1.0
Terrye,1.0
Terrylynn,1.0
Terrisa,1.0
Terryona,1.0
Terryonna,1.0
Tersa,1.0
Tersea,1.0
Tersia,1.0
Tertia,1.0
Teruko,1.0
Teruyo,1.0
Terykah,1.0
Terynn,1.0
Tes,1.0
Tesa,1.0
Terrisha,1.0
Terrionna,1.0
Terree,1.0
Terrianne,1.0
Terreka,1.0
Terrena,1.0
Terrencia,1.0
Terresa,1.0
Terresha,1.0
Terresia,1.0
Terressa,1.0
Terria,1.0
Terriah,1.0
Terriana,1.0
Terriann,1.0
Terrianna,1.0
Terriauna,1.0
Terriona,1.0
Terrica,1.0
Terricia,1.0
Terricka,1.0
Terrielle,1.0
Terrijo,1.0
Terrika,1.0
Terrilee,1.0
Terrilyn,1.0
Terrilynn,1.0
Terrilynne,1.0
Terrina,1.0
Terrineka,1.0
Tekeya,1.0
Teketa,1.0
Tekeshia,1.0
Taura,1.0
Tatiyonna,1.0
Tatjana,1.0
Tatom,1.0
Tatrina,1.0
Tatsiana,1.0
Tatsue,1.0
Tatsuko,1.0
Tattiana,1.0
Tattianna,1.0
Tattyana,1.0
Tatyana,1.0
Tatyanah,1.0
Tatyania,1.0
Tatyanna,1.0
Tatyiana,1.0
Tatyona,1.0
Tatyonna,1.0
Tauheedah,1.0
Tauja,1.0
Taumi,1.0
Tauna,1.0
Taunda,1.0
Taundra,1.0
Tauni,1.0
Taunia,1.0
Taunie,1.0
Taunja,1.0
Tatiyona,1.0
Tatiyanna,1.0
Tatiyanah,1.0
Tatia,1.0
Tatanya,1.0
Tatasha,1.0
Tatayana,1.0
Tatayanna,1.0
Tateana,1.0
Tateanna,1.0
Tatelyn,1.0
Tatelynn,1.0
Tatev,1.0
Tatevik,1.0
Tateyana,1.0
Tathiana,1.0
Tatianah,1.0
Tatiyana,1.0
Tatiania,1.0
Tatianna,1.0
Tatiannah,1.0
Tatianya,1.0
Tatiara,1.0
Tatiauna,1.0
Tatiayana,1.0
Tatijana,1.0
Tatina,1.0
Tationa,1.0
Tationna,1.0
Tatisha,1.0
Taunya,1.0
Taurasi,1.0
Tawnya,1.0
Tauri,1.0
Tavonna,1.0
Tavonya,1.0
Tavy,1.0
Tawaina,1.0
Tawana,1.0
Tawanda,1.0
Tawania,1.0
Tawanica,1.0
Tawann,1.0
Tawanna,1.0
Tawanne,1.0
Tawanya,1.0
Tawasha,1.0
Tawatha,1.0
Tawauna,1.0
Tawayna,1.0
Tawiana,1.0
Tawna,1.0
Tawne,1.0
Tawnee,1.0
Tawney,1.0
Tawni,1.0
Tawnia,1.0
Tawnie,1.0
Tawnja,1.0
Tawnjai,1.0
Tawnni,1.0
Tavonda,1.0
Tavona,1.0
Tavleen,1.0
Tavayah,1.0
Taurie,1.0
Tauriel,1.0
Tauryn,1.0
Tausha,1.0
Taushia,1.0
Tautiana,1.0
Tava,1.0
Tavania,1.0
Tavanna,1.0
Tavara,1.0
Tavaria,1.0
Tavaya,1.0
Taveah,1.0
Tavishi,1.0
Tavera,1.0
Tavery,1.0
Tavette,1.0
Tavey,1.0
Tavia,1.0
Taviah,1.0
Taviana,1.0
Tavianna,1.0
Tavie,1.0
Tavifa,1.0
Taviona,1.0
Tavionna,1.0
Tatanishia,1.0
Tatanisha,1.0
Tatania,1.0
Tata,1.0
Tashauna,1.0
Tashaunda,1.0
Tashaunti,1.0
Tashawna,1.0
Tashawnda,1.0
Tashawnna,1.0
Tashay,1.0
Tashaya,1.0
Tashaye,1.0
Tashayla,1.0
Tashe,1.0
Tashea,1.0
Tasheana,1.0
Tasheanna,1.0
Tasheba,1.0
Tashee,1.0
Tasheeka,1.0
Tasheema,1.0
Tasheen,1.0
Tasheena,1.0
Tasheia,1.0
Tasheika,1.0
Tasheka,1.0
Tashekia,1.0
Tashel,1.0
Tashell,1.0
Tashelle,1.0
Tasharra,1.0
Tasharia,1.0
Tashari,1.0
Tasfia,1.0
Tarshia,1.0
Tarteel,1.0
Tarya,1.0
Taryah,1.0
Taryiah,1.0
Taryne,1.0
Tarynn,1.0
Tasa,1.0
Tasanee,1.0
Tasani,1.0
Tascha,1.0
Taseefa,1.0
Tashae,1.0
Tashara,1.0
Tashai,1.0
Tashala,1.0
Tashalee,1.0
Tashana,1.0
Tashanae,1.0
Tashanda,1.0
Tashani,1.0
Tashanika,1.0
Tashanique,1.0
Tashanna,1.0
Tashante,1.0
Tashanti,1.0
Tashema,1.0
Tashena,1.0
Tashenna,1.0
Taska,1.0
Tashyah,1.0
Tashyana,1.0
Tashyia,1.0
Tashyla,1.0
Tashyra,1.0
Tasia,1.0
Tasiah,1.0
Tasiana,1.0
Tasina,1.0
Tasiya,1.0
Tasiyah,1.0
Tasja,1.0
Taslim,1.0
Tashvi,1.0
Taslin,1.0
Tasma,1.0
Tasmia,1.0
Tasmin,1.0
Tasmine,1.0
Tasneem,1.0
Tasnia,1.0
Tassa,1.0
Tassia,1.0
Tassie,1.0
Tassy,1.0
Tasya,1.0
Tashya,1.0
Tashunda,1.0
Tasheona,1.0
Tashika,1.0
Tashera,1.0
Tasheria,1.0
Tasherra,1.0
Tasheyana,1.0
Tashfia,1.0
Tashia,1.0
Tashiana,1.0
Tashianna,1.0
Tashiba,1.0
Tashica,1.0
Tashie,1.0
Tashieka,1.0
Tashima,1.0
Tashuna,1.0
Tashina,1.0
Tashiona,1.0
Tashionna,1.0
Tashira,1.0
Tashiya,1.0
Tashiyah,1.0
Tashiyana,1.0
Tashma,1.0
Tashona,1.0
Tashonda,1.0
Tashonna,1.0
Tashua,1.0
Tawny,1.0
Tawona,1.0
Tekesha,1.0
Teesha,1.0
Teckla,1.0
Tecla,1.0
Tecoa,1.0
Tecola,1.0
Tecora,1.0
Teddi,1.0
Teddra,1.0
Teddye,1.0
Tedi,1.0
Tedra,1.0
Tedrina,1.0
Teea,1.0
Teeana,1.0
Teeanna,1.0
Teeara,1.0
Teeda,1.0
Teeghan,1.0
Teeka,1.0
Teel,1.0
Teela,1.0
Teena,1.0
Teenamarie,1.0
Teenia,1.0
Teenie,1.0
Teera,1.0
Teerica,1.0
Teerra,1.0
Tecia,1.0
Teaya,1.0
Teaunna,1.0
Teari,1.0
Teandria,1.0
Teangela,1.0
Teani,1.0
Teanisha,1.0
Teann,1.0
Teanna,1.0
Teaona,1.0
Teaonna,1.0
Tear,1.0
Teara,1.0
Tearah,1.0
Tearesa,1.0
Tearia,1.0
Teaundra,1.0
Tearii,1.0
Tearney,1.0
Tearra,1.0
Tearria,1.0
Tearsa,1.0
Tearza,1.0
Teasa,1.0
Teasha,1.0
Teashia,1.0
Teasia,1.0
Teather,1.0
Teauna,1.0
Teesa,1.0
Teeya,1.0
Tawonda,1.0
Teffani,1.0
Teilor,1.0
Teilynn,1.0
Teina,1.0
Teiona,1.0
Teionna,1.0
Teira,1.0
Teirney,1.0
Teirra,1.0
Teisa,1.0
Teisha,1.0
Teiya,1.0
Tejah,1.0
Tejal,1.0
Tejasvi,1.0
Tejaswini,1.0
Tejuana,1.0
Teka,1.0
Tekara,1.0
Tekayla,1.0
Tekeema,1.0
Tekeira,1.0
Tekeisha,1.0
Tekela,1.0
Tekelia,1.0
Tekenya,1.0
Tekera,1.0
Tekeria,1.0
Teila,1.0
Teika,1.0
Teijah,1.0
Tehillah,1.0
Teffanie,1.0
Teffany,1.0
Tefta,1.0
Tegra,1.0
Teguila,1.0
Teha,1.0
Tehana,1.0
Tehani,1.0
Tehesha,1.0
Tehila,1.0
Tehilah,1.0
Tehilla,1.0
Tehlani,1.0
Teija,1.0
Tehra,1.0
Tehreem,1.0
Tehya,1.0
Tehzeeb,1.0
Teia,1.0
Teiah,1.0
Teiana,1.0
Teianna,1.0
Teiara,1.0
Teiarra,1.0
Teidra,1.0
Teighlor,1.0
Teandrea,1.0
Teandra,1.0
Teana,1.0
Teale,1.0
Taylee,1.0
Tayleigh,1.0
Taylene,1.0
Taylenn,1.0
Tayley,1.0
Tayli,1.0
Taylia,1.0
Tayliana,1.0
Taylianna,1.0
Taylie,1.0
Taylinn,1.0
Taylir,1.0
Tayllor,1.0
Tayln,1.0
Tayloni,1.0
Taylorann,1.0
Tayloranne,1.0
Taylore,1.0
Taylorgrace,1.0
Taylorjo,1.0
Taylorlynn,1.0
Taylormarie,1.0
Taylorrae,1.0
Taylorrose,1.0
Taylr,1.0
Taylre,1.0
Taylur,1.0
Tayleah,1.0
Taylea,1.0
Taylani,1.0
Tayea,1.0
Tawonna,1.0
Tawsha,1.0
Tawyna,1.0
Taya,1.0
Tayah,1.0
Tayana,1.0
Tayani,1.0
Tayanna,1.0
Taybree,1.0
Taycee,1.0
Taycie,1.0
Taydra,1.0
Tayeba,1.0
Taylah,1.0
Tayeko,1.0
Tayelor,1.0
Tayesha,1.0
Tayha,1.0
Tayhlor,1.0
Tayia,1.0
Tayiah,1.0
Tayiba,1.0
Tayisha,1.0
Tayja,1.0
Tayjah,1.0
Tayla,1.0
Taylynn,1.0
Tayma,1.0
Tayna,1.0
Teaerra,1.0
Taziah,1.0
Taziya,1.0
Tazkia,1.0
Tazlyn,1.0
Tazmeen,1.0
Tazuko,1.0
Tchanavian,1.0
Te,1.0
Tea,1.0
Teadora,1.0
Teadra,1.0
Teaera,1.0
Teagann,1.0
Tazhane,1.0
Teaghen,1.0
Teah,1.0
Teahna,1.0
Teaira,1.0
Teairah,1.0
Teaire,1.0
Teairra,1.0
Teaisha,1.0
Teaja,1.0
Teajah,1.0
Teaka,1.0
Teala,1.0
Tazia,1.0
Tazaya,1.0
Taynia,1.0
Tayva,1.0
Tayona,1.0
Tayonia,1.0
Tayonna,1.0
Tayra,1.0
Tayri,1.0
Tays,1.0
Taysha,1.0
Tayshawna,1.0
Tayshia,1.0
Taysia,1.0
Tayslee,1.0
Taytiana,1.0
Tayvia,1.0
Tazariah,1.0
Tayvianna,1.0
Tayviona,1.0
Tayvionna,1.0
Tayyaba,1.0
Tayyiba,1.0
Tayyibah,1.0
Tayzha,1.0
Tayzia,1.0
Tayzlee,1.0
Tazanna,1.0
Tazara,1.0
Tazaria,1.0
Valeda,1.0
Valeen,1.0
Valeigh,1.0
Yureli,1.0
Yumalai,1.0
Yumalay,1.0
Yumara,1.0
Yume,1.0
Yumeka,1.0
Yumeko,1.0
Yumi,1.0
Yumika,1.0
Yumiko,1.0
Yumira,1.0
Yumna,1.0
Yuna,1.0
Yunalesca,1.0
Yuneicy,1.0
Yuneisy,1.0
Yunet,1.0
Yuneth,1.0
Yuni,1.0
Yunique,1.0
Yuniza,1.0
Yunnuen,1.0
Yunxi,1.0
Yura,1.0
Yuraima,1.0
Yurani,1.0
Yuranni,1.0
Yurany,1.0
Yumaira,1.0
Yuly,1.0
Yulunda,1.0
Yuliet,1.0
Yulenny,1.0
Yulexi,1.0
Yuleydi,1.0
Yuleymi,1.0
Yuleysi,1.0
Yulia,1.0
Yuliana,1.0
Yuliani,1.0
Yulianna,1.0
Yulianny,1.0
Yulibeth,1.0
Yulie,1.0
Yulieth,1.0
Yulonda,1.0
Yuliett,1.0
Yuliette,1.0
Yulinda,1.0
Yulisa,1.0
Yulissa,1.0
Yulitza,1.0
Yulitzy,1.0
Yuliya,1.0
Yuliza,1.0
Yulizza,1.0
Yulliana,1.0
Yulma,1.0
Yureimy,1.0
Yurely,1.0
Yulene,1.0
Yuria,1.0
Yuvika,1.0
Yuvonda,1.0
Yuvonka,1.0
Yuvonne,1.0
Yuxi,1.0
Yuxin,1.0
Yuyan,1.0
Yuzu,1.0
Yuzuha,1.0
Yuzuki,1.0
Yva,1.0
Yvaine,1.0
Yvalondra,1.0
Yvana,1.0
Yvanna,1.0
Yvannah,1.0
Yvannia,1.0
Yve,1.0
Yveline,1.0
Yvelisse,1.0
Yvelle,1.0
Yveth,1.0
Yvett,1.0
Yvetta,1.0
Yvianna,1.0
Yvie,1.0
Yvonda,1.0
Yuvia,1.0
Yuvette,1.0
Yuvawn,1.0
Yuritzi,1.0
Yuriana,1.0
Yurianna,1.0
Yurico,1.0
Yuridia,1.0
Yuridiana,1.0
Yurie,1.0
Yurika,1.0
Yuriko,1.0
Yuriria,1.0
Yurisa,1.0
Yurith,1.0
Yuritza,1.0
Yuritzia,1.0
Yuuna,1.0
Yuritzy,1.0
Yurivia,1.0
Yusairah,1.0
Yusayrah,1.0
Yushica,1.0
Yusmeri,1.0
Yusra,1.0
Yusrah,1.0
Yuting,1.0
Yutong,1.0
Yutzil,1.0
Yuuka,1.0
Yuleni,1.0
Yulemni,1.0
Zamiaya,1.0
Ysa,1.0
Yosselin,1.0
Yosseline,1.0
Yosselyn,1.0
Yostina,1.0
Yosuani,1.0
Youa,1.0
Youlanda,1.0
Youlander,1.0
Youlonda,1.0
Youmna,1.0
Younique,1.0
Youran,1.0
Yousra,1.0
Youssra,1.0
Youstina,1.0
Youyou,1.0
Yovana,1.0
Yovanka,1.0
Yovanna,1.0
Yovela,1.0
Yovonda,1.0
Yovonne,1.0
Yowanda,1.0
Yoyo,1.0
Yozelin,1.0
Yrania,1.0
Yridiana,1.0
Yosra,1.0
Yosmely,1.0
Yosmairy,1.0
Yosemite,1.0
Yorley,1.0
Yoruba,1.0
Yosaira,1.0
Yosalin,1.0
Yosan,1.0
Yoseli,1.0
Yoselin,1.0
Yoselina,1.0
Yoseline,1.0
Yoselyn,1.0
Yoselyne,1.0
Yoselynn,1.0
Yosha,1.0
Yosilin,1.0
Yoshani,1.0
Yosheka,1.0
Yoshica,1.0
Yoshida,1.0
Yoshie,1.0
Yoshigei,1.0
Yoshigey,1.0
Yoshika,1.0
Yoshiko,1.0
Yoshino,1.0
Yoshira,1.0
Yoshiye,1.0
Yris,1.0
Ysabeau,1.0
Yulemi,1.0
Ysabela,1.0
Yukari,1.0
Yukary,1.0
Yukia,1.0
Yukie,1.0
Yukiko,1.0
Yukina,1.0
Yukino,1.0
Yukiye,1.0
Yuko,1.0
Yukta,1.0
Yuktha,1.0
Yukti,1.0
Yula,1.0
Yulanda,1.0
Yulander,1.0
Yulani,1.0
Yulanni,1.0
Yuleidi,1.0
Yuleidy,1.0
Yuleiky,1.0
Yuleimi,1.0
Yuleimy,1.0
Yuleini,1.0
Yuleiny,1.0
Yuleisi,1.0
Yuleisy,1.0
Yulema,1.0
Yuka,1.0
Yuiza,1.0
Yuisa,1.0
Yuba,1.0
Ysabell,1.0
Ysabella,1.0
Ysabelle,1.0
Ysamar,1.0
Ysatis,1.0
Ysaura,1.0
Ysela,1.0
Ysenia,1.0
Ysidora,1.0
Ysidra,1.0
Ysobel,1.0
Ytzel,1.0
Yubia,1.0
Yuina,1.0
Yudani,1.0
Yudany,1.0
Yudelca,1.0
Yudelka,1.0
Yudi,1.0
Yudit,1.0
Yudith,1.0
Yuen,1.0
Yuette,1.0
Yufei,1.0
Yui,1.0
Yuika,1.0
Yvone,1.0
Yvonia,1.0
Yvonna,1.0
Zalaiya,1.0
Zakeyia,1.0
Zakharia,1.0
Zakhia,1.0
Zakhiya,1.0
Zakhya,1.0
Zakira,1.0
Zakirah,1.0
Zakiria,1.0
Zakiya,1.0
Zakiyya,1.0
Zakiyyah,1.0
Zakkiyah,1.0
Zakkiyya,1.0
Zakora,1.0
Zakoria,1.0
Zakya,1.0
Zakyah,1.0
Zakyia,1.0
Zakyiah,1.0
Zakyla,1.0
Zakylah,1.0
Zakyra,1.0
Zakyrah,1.0
Zakyria,1.0
Zakyriah,1.0
Zala,1.0
Zalah,1.0
Zakeyah,1.0
Zakeya,1.0
Zakerria,1.0
Zaiyah,1.0
Zaineb,1.0
Zainub,1.0
Zaionna,1.0
Zaior,1.0
Zaiori,1.0
Zaira,1.0
Zairah,1.0
Zaireth,1.0
Zairia,1.0
Zairy,1.0
Zaisha,1.0
Zaiya,1.0
Zaiyana,1.0
Zakera,1.0
Zaiyanna,1.0
Zakaira,1.0
Zakaiya,1.0
Zakaiyah,1.0
Zakara,1.0
Zakarah,1.0
Zakaya,1.0
Zakayah,1.0
Zakayla,1.0
Zakaylah,1.0
Zakeea,1.0
Zakeia,1.0
Zalaia,1.0
Zalaiyah,1.0
Yvonnda,1.0
Zalani,1.0
Zalla,1.0
Zalma,1.0
Zaloni,1.0
Zalora,1.0
Zalya,1.0
Zalylah,1.0
Zamadhi,1.0
Zamaira,1.0
Zamaiya,1.0
Zamaiyah,1.0
Zamanta,1.0
Zamantha,1.0
Zamara,1.0
Zamarah,1.0
Zamaria,1.0
Zamariah,1.0
Zamariya,1.0
Zamariyah,1.0
Zamarria,1.0
Zamauria,1.0
Zamaya,1.0
Zamayah,1.0
Zamayra,1.0
Zameera,1.0
Zamera,1.0
Zameria,1.0
Zamia,1.0
Zaliyah,1.0
Zaliya,1.0
Zalina,1.0
Zaleigh,1.0
Zalaya,1.0
Zalayah,1.0
Zalayia,1.0
Zalayla,1.0
Zalayna,1.0
Zalaysia,1.0
Zalea,1.0
Zaleah,1.0
Zalee,1.0
Zaleena,1.0
Zaleia,1.0
Zaleiah,1.0
Zaleigha,1.0
Zalilah,1.0
Zaleiya,1.0
Zalena,1.0
Zalet,1.0
Zaleth,1.0
Zaley,1.0
Zaleya,1.0
Zaleyah,1.0
Zali,1.0
Zalia,1.0
Zaliah,1.0
Zalie,1.0
Zalika,1.0
Zainb,1.0
Zainah,1.0
Zainab,1.0
Zaina,1.0
Zadi,1.0
Zadia,1.0
Zadie,1.0
Zady,1.0
Zaeda,1.0
Zaela,1.0
Zaelah,1.0
Zaelani,1.0
Zaelee,1.0
Zaeleigh,1.0
Zaeley,1.0
Zaeli,1.0
Zaelia,1.0
Zaelie,1.0
Zaely,1.0
Zaena,1.0
Zaeya,1.0
Zafeera,1.0
Zafina,1.0
Zafira,1.0
Zafirah,1.0
Zafiro,1.0
Zafreen,1.0
Zaha,1.0
Zahaira,1.0
Zahara,1.0
Zaharah,1.0
Zadey,1.0
Zadee,1.0
Zaddie,1.0
Zaara,1.0
Yvonnia,1.0
Yvonnie,1.0
Yzabel,1.0
Yzabella,1.0
Yzabelle,1.0
Yzamar,1.0
Zaada,1.0
Zaahira,1.0
Zaakira,1.0
Zaakirah,1.0
Zaakiyah,1.0
Zaaliyah,1.0
Zabdy,1.0
Zadaya,1.0
Zabel,1.0
Zabella,1.0
Zabelle,1.0
Zabibu,1.0
Zabria,1.0
Zabrina,1.0
Zabryna,1.0
Zacara,1.0
Zacora,1.0
Zacoria,1.0
Zada,1.0
Zadah,1.0
Zaharia,1.0
Zaharra,1.0
Zahava,1.0
Zaidie,1.0
Zahriyah,1.0
Zahro,1.0
Zahrya,1.0
Zahvia,1.0
Zahyra,1.0
Zahyrah,1.0
Zaiana,1.0
Zaianna,1.0
Zaiba,1.0
Zaida,1.0
Zaidah,1.0
Zaidee,1.0
Zaidy,1.0
Zahriah,1.0
Zaierra,1.0
Zaifa,1.0
Zaila,1.0
Zailah,1.0
Zailani,1.0
Zailee,1.0
Zaileigh,1.0
Zailey,1.0
Zailie,1.0
Zaily,1.0
Zaima,1.0
Zaimah,1.0
Zahriya,1.0
Zahria,1.0
Zahavah,1.0
Zahmira,1.0
Zahia,1.0
Zahida,1.0
Zahidah,1.0
Zahira,1.0
Zahirah,1.0
Zahiya,1.0
Zahiyah,1.0
Zahlani,1.0
Zahlee,1.0
Zahli,1.0
Zahlia,1.0
Zahmaria,1.0
Zahmiya,1.0
Zahri,1.0
Zahmya,1.0
Zahna,1.0
Zahnae,1.0
Zahnia,1.0
Zahniah,1.0
Zahniya,1.0
Zahniyah,1.0
Zahnya,1.0
Zahra,1.0
Zahraa,1.0
Zahrah,1.0
Zahrea,1.0
Yorlet,1.0
Yorleny,1.0
Yorleni,1.0
Yazmeen,1.0
Yawanda,1.0
Yaxaira,1.0
Yaxeni,1.0
Yaxiry,1.0
Yayeko,1.0
Yaylin,1.0
Yayoi,1.0
Yayra,1.0
Yaz,1.0
Yazaira,1.0
Yazareth,1.0
Yazari,1.0
Yazayra,1.0
Yazbeth,1.0
Yazel,1.0
Yazhini,1.0
Yazil,1.0
Yazira,1.0
Yazlee,1.0
Yazleemar,1.0
Yazleen,1.0
Yazlen,1.0
Yazlene,1.0
Yazlin,1.0
Yazline,1.0
Yazlyn,1.0
Yazlynn,1.0
Yavonne,1.0
Yavonna,1.0
Yavonda,1.0
Yatasha,1.0
Yasmir,1.0
Yasmira,1.0
Yasmyn,1.0
Yasmyne,1.0
Yasna,1.0
Yassira,1.0
Yassmin,1.0
Yassmine,1.0
Yastelin,1.0
Yasuko,1.0
Yasuri,1.0
Yatana,1.0
Yathziri,1.0
Yavi,1.0
Yathziry,1.0
Yatisha,1.0
Yatta,1.0
Yatzari,1.0
Yatzary,1.0
Yatzel,1.0
Yatzil,1.0
Yatziri,1.0
Yatziry,1.0
Yavani,1.0
Yavanna,1.0
Yavette,1.0
Yazmarie,1.0
Yazmen,1.0
Yemaya,1.0
Yazmene,1.0
Yeiri,1.0
Yeiry,1.0
Yeisy,1.0
Yeji,1.0
Yejide,1.0
Yejin,1.0
Yekaterina,1.0
Yelaina,1.0
Yelani,1.0
Yeleina,1.0
Yeleini,1.0
Yelena,1.0
Yeleni,1.0
Yelenis,1.0
Yelenny,1.0
Yelianny,1.0
Yelina,1.0
Yelisa,1.0
Yelissa,1.0
Yelitza,1.0
Yelixa,1.0
Yeliz,1.0
Yelizaveta,1.0
Yelonda,1.0
Yema,1.0
Yemariam,1.0
Yemariyam,1.0
Yeira,1.0
Yeimy,1.0
Yeimi,1.0
Yedid,1.0
Yazmina,1.0
Yazmine,1.0
Yazmyn,1.0
Yazmyne,1.0
Yazuri,1.0
Yazzlyn,1.0
Yazzmin,1.0
Yazzmine,1.0
Ydania,1.0
Yeabsera,1.0
Yecica,1.0
Yedda,1.0
Yedida,1.0
Yeilyn,1.0
Yehilyn,1.0
Yehudis,1.0
Yehudit,1.0
Yeicelyn,1.0
Yeidy,1.0
Yeila,1.0
Yeilani,1.0
Yeilany,1.0
Yeilen,1.0
Yeili,1.0
Yeilin,1.0
Yeily,1.0
Yasminda,1.0
Yasmina,1.0
Yasmim,1.0
Yasmiin,1.0
Yarisleidy,1.0
Yarisley,1.0
Yarisma,1.0
Yarismar,1.0
Yarissa,1.0
Yarithza,1.0
Yaritsa,1.0
Yaritssa,1.0
Yaritzel,1.0
Yaritzi,1.0
Yaritzia,1.0
Yaritzy,1.0
Yaritzza,1.0
Yarixa,1.0
Yarixsa,1.0
Yariyah,1.0
Yariza,1.0
Yarizbeth,1.0
Yarizel,1.0
Yarizmar,1.0
Yarleny,1.0
Yarleth,1.0
Yarlin,1.0
Yarlyn,1.0
Yarnelle,1.0
Yaroslava,1.0
Yarra,1.0
Yarisleidi,1.0
Yarishna,1.0
Yarisel,1.0
Yarieliz,1.0
Yariana,1.0
Yarianna,1.0
Yarianny,1.0
Yaribel,1.0
Yaribeth,1.0
Yaricelis,1.0
Yaricsa,1.0
Yaricza,1.0
Yarida,1.0
Yariela,1.0
Yarieli,1.0
Yarielis,1.0
Yariely,1.0
Yarisbeth,1.0
Yarielys,1.0
Yarilis,1.0
Yariliz,1.0
Yarilyn,1.0
Yarima,1.0
Yarimar,1.0
Yarina,1.0
Yarira,1.0
Yaris,1.0
Yarisa,1.0
Yarisamar,1.0
Yarisbel,1.0
Yary,1.0
Yaryna,1.0
Yasaira,1.0
Yasline,1.0
Yashnasri,1.0
Yashoda,1.0
Yashvi,1.0
Yasina,1.0
Yasira,1.0
Yasirah,1.0
Yasiris,1.0
Yasleen,1.0
Yaslen,1.0
Yaslene,1.0
Yasley,1.0
Yaslin,1.0
Yasly,1.0
Yashna,1.0
Yaslyn,1.0
Yaslynn,1.0
Yasma,1.0
Yasmaine,1.0
Yasmean,1.0
Yasmeen,1.0
Yasmeena,1.0
Yasmein,1.0
Yasmeli,1.0
Yasmely,1.0
Yasmen,1.0
Yasmene,1.0
Yashnareddy,1.0
Yashley,1.0
Yasaman,1.0
Yasenia,1.0
Yasameen,1.0
Yasamin,1.0
Yasamine,1.0
Yasaniy,1.0
Yasari,1.0
Yasbeth,1.0
Yaschia,1.0
Yaschica,1.0
Yaseera,1.0
Yaseli,1.0
Yaselin,1.0
Yasemin,1.0
Yashasvi,1.0
Yashita,1.0
Yashaswini,1.0
Yasheca,1.0
Yasheika,1.0
Yasheka,1.0
Yashekia,1.0
Yashfa,1.0
Yashi,1.0
Yashia,1.0
Yashica,1.0
Yashika,1.0
Yashima,1.0
Yashira,1.0
Yemaryam,1.0
Yemi,1.0
Yorlei,1.0
Yoeli,1.0
Ylianna,1.0
Ylonda,1.0
Ylva,1.0
Yma,1.0
Ymani,1.0
Ymari,1.0
Ymelda,1.0
Yna,1.0
Ynhi,1.0
Yo,1.0
Yoadan,1.0
Yoali,1.0
Yoalli,1.0
Yoaly,1.0
Yoana,1.0
Yoandra,1.0
Yoanna,1.0
Yoany,1.0
Yoatzi,1.0
Yobana,1.0
Yocasta,1.0
Yocelin,1.0
Yoceline,1.0
Yocelyn,1.0
Yocelyne,1.0
Yocelynn,1.0
Yocheved,1.0
Yliana,1.0
Ylenia,1.0
Yleana,1.0
Yitsel,1.0
Yiselle,1.0
Yisenia,1.0
Yiseth,1.0
Yishan,1.0
Yisleine,1.0
Yisraela,1.0
Yissel,1.0
Yissell,1.0
Yisselle,1.0
Yita,1.0
Yitel,1.0
Yitong,1.0
Yitta,1.0
Ylani,1.0
Yittel,1.0
Yitty,1.0
Yitzel,1.0
Yixin,1.0
Yiyao,1.0
Yiyi,1.0
Yizel,1.0
Yizelle,1.0
Yizza,1.0
Ykeisha,1.0
Ylana,1.0
Ylanda,1.0
Yodit,1.0
Yohali,1.0
Yemisi,1.0
Yohaly,1.0
Yolonda,1.0
Yolonde,1.0
Yolotzin,1.0
Yolunda,1.0
Yomaira,1.0
Yomaly,1.0
Yomara,1.0
Yomari,1.0
Yomaris,1.0
Yomayra,1.0
Yomi,1.0
Yomii,1.0
Yomira,1.0
Yomna,1.0
Yonda,1.0
Yone,1.0
Yoneko,1.0
Yonika,1.0
Yonina,1.0
Yonna,1.0
Yonnie,1.0
Yoo,1.0
Yoona,1.0
Yoonah,1.0
Yoonseo,1.0
Yordanos,1.0
Yorgelis,1.0
Yollanda,1.0
Yolisma,1.0
Yolinda,1.0
Yolander,1.0
Yohanna,1.0
Yohanny,1.0
Yojaira,1.0
Yojana,1.0
Yokasta,1.0
Yoko,1.0
Yola,1.0
Yolaine,1.0
Yolan,1.0
Yolana,1.0
Yoland,1.0
Yolande,1.0
Yolandi,1.0
Yolimar,1.0
Yolandia,1.0
Yolandita,1.0
Yolandra,1.0
Yolani,1.0
Yolanta,1.0
Yolany,1.0
Yolaunda,1.0
Yolenda,1.0
Yolet,1.0
Yoleth,1.0
Yolette,1.0
Yoli,1.0
Yisell,1.0
Yisela,1.0
Yisel,1.0
Yiru,1.0
Yeraldin,1.0
Yeraldine,1.0
Yeraldy,1.0
Yerani,1.0
Yerania,1.0
Yerelin,1.0
Yerenia,1.0
Yeri,1.0
Yerica,1.0
Yerika,1.0
Yerimar,1.0
Yerin,1.0
Yeritza,1.0
Yerli,1.0
Yerlin,1.0
Yerly,1.0
Yesania,1.0
Yesbeth,1.0
Yescenia,1.0
Yesel,1.0
Yesemia,1.0
Yesena,1.0
Yesenio,1.0
Yesennia,1.0
Yesenya,1.0
Yesha,1.0
Yeshi,1.0
Yeraldi,1.0
Yera,1.0
Yeny,1.0
Yenitza,1.0
Yena,1.0
Yenci,1.0
Yency,1.0
Yendi,1.0
Yendy,1.0
Yeneisy,1.0
Yenesis,1.0
Yeni,1.0
Yenia,1.0
Yenifer,1.0
Yenis,1.0
Yenisel,1.0
Yenna,1.0
Yenty,1.0
Yennefer,1.0
Yennhi,1.0
Yenni,1.0
Yennie,1.0
Yennifer,1.0
Yenny,1.0
Yensi,1.0
Yensid,1.0
Yensy,1.0
Yenta,1.0
Yentel,1.0
Yentl,1.0
Yeshna,1.0
Yesika,1.0
Yesina,1.0
Yicel,1.0
Yexalen,1.0
Yexenia,1.0
Yeyetzi,1.0
Yeymi,1.0
Yezenia,1.0
Ygnacia,1.0
Yhadira,1.0
Yhari,1.0
Yhoalibeth,1.0
Yhuri,1.0
Yiana,1.0
Yianna,1.0
Yides,1.0
Yewande,1.0
Yidis,1.0
Yiesha,1.0
Yifei,1.0
Yilda,1.0
Yildiz,1.0
Yilia,1.0
Yimo,1.0
Yin,1.0
Yina,1.0
Yining,1.0
Yiqing,1.0
Yira,1.0
Yewon,1.0
Yevonne,1.0
Yesinia,1.0
Yessenya,1.0
Yesley,1.0
Yesli,1.0
Yeslie,1.0
Yeslin,1.0
Yesly,1.0
Yeslyn,1.0
Yesmeen,1.0
Yesmi,1.0
Yesmin,1.0
Yesmine,1.0
Yesnia,1.0
Yessel,1.0
Yessi,1.0
Yevette,1.0
Yessia,1.0
Yessica,1.0
Yessika,1.0
Yessina,1.0
Yessy,1.0
Yetive,1.0
Yetta,1.0
Yetunde,1.0
Yetzali,1.0
Yetzaly,1.0
Yeva,1.0
Yevetta,1.0
Zamiah,1.0
Zamila,1.0
Yarexy,1.0
Zoelynn,1.0
Zoann,1.0
Zoanna,1.0
Zoanne,1.0
Zobeida,1.0
Zobia,1.0
Zodi,1.0
Zody,1.0
Zoeann,1.0
Zoeanna,1.0
Zoeanne,1.0
Zoee,1.0
Zoeey,1.0
Zoegrace,1.0
Zoeh,1.0
Zoei,1.0
Zoeie,1.0
Zoeigh,1.0
Zoeii,1.0
Zoeiy,1.0
Zoejane,1.0
Zoela,1.0
Zoeli,1.0
Zoelie,1.0
Zoella,1.0
Zoelle,1.0
Zoellie,1.0
Zoely,1.0
Zoa,1.0
Znylah,1.0
Znyah,1.0
Ziylah,1.0
Zitong,1.0
Ziva,1.0
Zivah,1.0
Zixi,1.0
Zixin,1.0
Ziyaa,1.0
Ziyadah,1.0
Ziyana,1.0
Ziyanah,1.0
Ziyani,1.0
Ziyanna,1.0
Ziyla,1.0
Ziyona,1.0
Znya,1.0
Ziyonna,1.0
Ziyue,1.0
Ziza,1.0
Zizi,1.0
Zlata,1.0
Zlaty,1.0
Zmaya,1.0
Zmiyah,1.0
Zmya,1.0
Zniah,1.0
Zniya,1.0
Zniyah,1.0
Zoelyn,1.0
Zoelys,1.0
Zitlally,1.0
Zoemarie,1.0
Zoja,1.0
Zolah,1.0
Zolana,1.0
Zolani,1.0
Zolar,1.0
Zolee,1.0
Zoli,1.0
Zolie,1.0
Zoma,1.0
Zona,1.0
Zonaira,1.0
Zonda,1.0
Zondra,1.0
Zonia,1.0
Zonie,1.0
Zonna,1.0
Zonnique,1.0
Zonya,1.0
Zooey,1.0
Zophia,1.0
Zophie,1.0
Zorah,1.0
Zoraida,1.0
Zoralyn,1.0
Zorana,1.0
Zoraya,1.0
Zorayda,1.0
Zoila,1.0
Zoiie,1.0
Zoii,1.0
Zofie,1.0
Zoemi,1.0
Zoemy,1.0
Zoet,1.0
Zoeth,1.0
Zoeya,1.0
Zoeyann,1.0
Zoeygrace,1.0
Zoeyjane,1.0
Zoeylynn,1.0
Zoeymarie,1.0
Zoeyrose,1.0
Zofia,1.0
Zoha,1.0
Zoiey,1.0
Zohal,1.0
Zohara,1.0
Zohe,1.0
Zohemi,1.0
Zohemy,1.0
Zohet,1.0
Zohie,1.0
Zohra,1.0
Zoi,1.0
Zoia,1.0
Zoie,1.0
Zoiee,1.0
Zitlaly,1.0
Zitlalli,1.0
Zamilah,1.0
Ziley,1.0
Ziari,1.0
Ziarra,1.0
Ziarre,1.0
Ziasia,1.0
Zibiah,1.0
Ziclali,1.0
Ziclaly,1.0
Zida,1.0
Zielle,1.0
Ziena,1.0
Zienna,1.0
Ziera,1.0
Zierra,1.0
Ziham,1.0
Zihanna,1.0
Zikayla,1.0
Zikeria,1.0
Zikeya,1.0
Zikeyah,1.0
Zikia,1.0
Zikira,1.0
Zikiria,1.0
Zikiya,1.0
Zikra,1.0
Zila,1.0
Zilah,1.0
Zilani,1.0
Ziarah,1.0
Ziara,1.0
Zianya,1.0
Zhurii,1.0
Zhia,1.0
Zhianna,1.0
Zhiya,1.0
Zhiyi,1.0
Zhoe,1.0
Zhoemi,1.0
Zhoemy,1.0
Zhoey,1.0
Zhoie,1.0
Zhori,1.0
Zhuri,1.0
Zhurie,1.0
Zhyla,1.0
Zianny,1.0
Ziaira,1.0
Ziamani,1.0
Ziamara,1.0
Ziana,1.0
Zianah,1.0
Ziane,1.0
Ziani,1.0
Ziann,1.0
Zianna,1.0
Ziannah,1.0
Zianne,1.0
Zianni,1.0
Zilda,1.0
Zilin,1.0
Zitlalic,1.0
Zilla,1.0
Zinniah,1.0
Zinovia,1.0
Ziomara,1.0
Ziona,1.0
Zionah,1.0
Zionna,1.0
Zionnah,1.0
Zionne,1.0
Ziora,1.0
Zipora,1.0
Ziporah,1.0
Zipporah,1.0
Ziqi,1.0
Zira,1.0
Zirachi,1.0
Zirah,1.0
Ziraili,1.0
Ziraily,1.0
Zirel,1.0
Zirwa,1.0
Zisel,1.0
Zissel,1.0
Zissi,1.0
Zissy,1.0
Zita,1.0
Zithlaly,1.0
Zitlali,1.0
Zinnia,1.0
Zinna,1.0
Ziniyah,1.0
Zimmie,1.0
Zillah,1.0
Zillie,1.0
Zilpah,1.0
Zilpha,1.0
Zilphia,1.0
Zilyana,1.0
Zilynn,1.0
Zimal,1.0
Zimara,1.0
Zimaria,1.0
Zimaya,1.0
Zimmal,1.0
Zimora,1.0
Ziniya,1.0
Zimya,1.0
Zinab,1.0
Zinachidi,1.0
Zinachimdi,1.0
Zinaida,1.0
Zinat,1.0
Zinaya,1.0
Zinda,1.0
Zineb,1.0
Zing,1.0
Zinia,1.0
Ziniah,1.0
Zoree,1.0
Zorey,1.0
Zori,1.0
Zyla,1.0
Zyella,1.0
Zyera,1.0
Zyeria,1.0
Zyesha,1.0
Zyia,1.0
Zyiah,1.0
Zyiana,1.0
Zyianna,1.0
Zyiona,1.0
Zyionna,1.0
Zyira,1.0
Zykaria,1.0
Zykayla,1.0
Zykeia,1.0
Zykeira,1.0
Zykera,1.0
Zykeria,1.0
Zykeriah,1.0
Zykeriya,1.0
Zykerria,1.0
Zykerriah,1.0
Zykia,1.0
Zykiah,1.0
Zykiera,1.0
Zykierra,1.0
Zykira,1.0
Zykirah,1.0
Zydia,1.0
Zyda,1.0
Zyaunna,1.0
Zyani,1.0
Zuwena,1.0
Zuzana,1.0
Zuzanna,1.0
Zuzu,1.0
Zya,1.0
Zyahna,1.0
Zyaira,1.0
Zyairah,1.0
Zyairra,1.0
Zyalani,1.0
Zyana,1.0
Zyanah,1.0
Zyann,1.0
Zyauna,1.0
Zyanna,1.0
Zyannah,1.0
Zyanne,1.0
Zyanni,1.0
Zyanya,1.0
Zyara,1.0
Zyarah,1.0
Zyari,1.0
Zyaria,1.0
Zyariah,1.0
Zyashia,1.0
Zyasia,1.0
Zykiria,1.0
Zylaa,1.0
Zoria,1.0
Zylah,1.0
Zynia,1.0
Zyniah,1.0
Zynique,1.0
Zyniya,1.0
Zyniyah,1.0
Zynlee,1.0
Zynn,1.0
Zynnia,1.0
Zynovia,1.0
Zyomi,1.0
Zyona,1.0
Zyonah,1.0
Zyonna,1.0
Zyonnah,1.0
Zyra,1.0
Zyrah,1.0
Zyrhiana,1.0
Zyri,1.0
Zyria,1.0
Zyriah,1.0
Zyriana,1.0
Zyrianna,1.0
Zyriel,1.0
Zyrielle,1.0
Zyrihanna,1.0
Zyriyah,1.0
Zyva,1.0
Zynecia,1.0
Zyndaya,1.0
Zynasia,1.0
Zylynn,1.0
Zylani,1.0
Zylayah,1.0
Zyleah,1.0
Zylee,1.0
Zyleigh,1.0
Zylia,1.0
Zyliah,1.0
Zylie,1.0
Zyliyah,1.0
Zyllah,1.0
Zylpha,1.0
Zylphia,1.0
Zymal,1.0
Zynaria,1.0
Zymani,1.0
Zymaria,1.0
Zymeria,1.0
Zymia,1.0
Zymiah,1.0
Zymira,1.0
Zymirah,1.0
Zymya,1.0
Zyna,1.0
Zynab,1.0
Zynae,1.0
Zynah,1.0
Zuszeth,1.0
Zury,1.0
Zurri,1.0
Zurmani,1.0
Zoyla,1.0
Zriah,1.0
Zriyah,1.0
Zsa,1.0
Zsazsa,1.0
Zshakira,1.0
Zsofia,1.0
Zsophia,1.0
Zuany,1.0
Zubaida,1.0
Zubaidah,1.0
Zubie,1.0
Zudie,1.0
Zudora,1.0
Zuella,1.0
Zuha,1.0
Zuhaira,1.0
Zuhal,1.0
Zuheily,1.0
Zuheilyn,1.0
Zuhey,1.0
Zuheyla,1.0
Zuhra,1.0
Zuhrah,1.0
Zuhri,1.0
Zuhur,1.0
Zujeily,1.0
Zoye,1.0
Zoyah,1.0
Zoya,1.0
Zorka,1.0
Zoriah,1.0
Zoriana,1.0
Zorianna,1.0
Zoribel,1.0
Zorica,1.0
Zorie,1.0
Zorielle,1.0
Zorii,1.0
Zorina,1.0
Zorita,1.0
Zoriya,1.0
Zoriyah,1.0
Zorria,1.0
Zowii,1.0
Zorriah,1.0
Zorrie,1.0
Zory,1.0
Zorya,1.0
Zoryana,1.0
Zosha,1.0
Zosia,1.0
Zoua,1.0
Zouri,1.0
Zowee,1.0
Zowey,1.0
Zowie,1.0
Zujey,1.0
Zula,1.0
Zulai,1.0
Zuree,1.0
Zuly,1.0
Zumar,1.0
Zumra,1.0
Zuna,1.0
Zunaira,1.0
Zunairah,1.0
Zunaisha,1.0
Zuni,1.0
Zunilda,1.0
Zura,1.0
Zurah,1.0
Zuraya,1.0
Zuria,1.0
Zulmira,1.0
Zuriana,1.0
Zurianna,1.0
Zurie,1.0
Zuriela,1.0
Zuriella,1.0
Zurielle,1.0
Zurii,1.0
Zurina,1.0
Zurisadai,1.0
Zurisaday,1.0
Zuriya,1.0
Zuriyah,1.0
Zulmy,1.0
Zulmarie,1.0
Zulaika,1.0
Zulett,1.0
Zulaikha,1.0
Zular,1.0
Zulay,1.0
Zuleica,1.0
Zuleidy,1.0
Zuleika,1.0
Zuleikha,1.0
Zuleima,1.0
Zuleimy,1.0
Zulekha,1.0
Zulema,1.0
Zulene,1.0
Zuley,1.0
Zulma,1.0
Zuleyca,1.0
Zuleyha,1.0
Zuleyka,1.0
Zuleyma,1.0
Zuleymi,1.0
Zuli,1.0
Zulia,1.0
Zuliana,1.0
Zulie,1.0
Zulimar,1.0
Zulla,1.0
Zully,1.0
Zhenya,1.0
Zheneavia,1.0
Zhaviyah,1.0
Zaryia,1.0
Zarinah,1.0
Zariona,1.0
Zarionna,1.0
Zarish,1.0
Zarissa,1.0
Zarita,1.0
Zariya,1.0
Zariyah,1.0
Zariyana,1.0
Zariyha,1.0
Zarlish,1.0
Zarmeen,1.0
Zarmina,1.0
Zarnish,1.0
Zarra,1.0
Zarrah,1.0
Zarrea,1.0
Zarreah,1.0
Zarri,1.0
Zarria,1.0
Zarriah,1.0
Zarrin,1.0
Zarriyah,1.0
Zarwa,1.0
Zary,1.0
Zarya,1.0
Zaryah,1.0
Zarina,1.0
Zarii,1.0
Zarihya,1.0
Zarha,1.0
Zareen,1.0
Zareena,1.0
Zareia,1.0
Zarela,1.0
Zareli,1.0
Zarelia,1.0
Zarella,1.0
Zarely,1.0
Zarena,1.0
Zaret,1.0
Zareya,1.0
Zareyah,1.0
Zarhia,1.0
Zarihanna,1.0
Zarhianna,1.0
Zarhiya,1.0
Zaria,1.0
Zariaha,1.0
Zariana,1.0
Zarianna,1.0
Zarie,1.0
Zariea,1.0
Zariella,1.0
Zarielle,1.0
Zarifa,1.0
Zariha,1.0
Zaryha,1.0
Zaryiah,1.0
Zaylianna,1.0
Zasha,1.0
Zaybree,1.0
Zayda,1.0
Zaydah,1.0
Zaydee,1.0
Zaydi,1.0
Zaydia,1.0
Zaydie,1.0
Zayeli,1.0
Zayelle,1.0
Zayeyonni,1.0
Zayia,1.0
Zayiah,1.0
Zayla,1.0
Zaylaa,1.0
Zaylah,1.0
Zaylani,1.0
Zaylea,1.0
Zayleah,1.0
Zaylee,1.0
Zayleen,1.0
Zaylei,1.0
Zayleigh,1.0
Zaylene,1.0
Zayley,1.0
Zayli,1.0
Zaylia,1.0
Zayliah,1.0
Zayari,1.0
Zayannah,1.0
Zayanna,1.0
Zavannah,1.0
Zasia,1.0
Zatanna,1.0
Zatara,1.0
Zatavia,1.0
Zathena,1.0
Zatoria,1.0
Zaundra,1.0
Zaura,1.0
Zauria,1.0
Zavaeh,1.0
Zavanah,1.0
Zavanna,1.0
Zavaya,1.0
Zayani,1.0
Zavayah,1.0
Zaveah,1.0
Zaveya,1.0
Zaveyah,1.0
Zaviah,1.0
Zaviera,1.0
Zavina,1.0
Zaviya,1.0
Zaviyah,1.0
Zawadi,1.0
Zayana,1.0
Zayanah,1.0
Zareah,1.0
Zarea,1.0
Zarayiah,1.0
Zarayah,1.0
Zanai,1.0
Zanaia,1.0
Zanaiah,1.0
Zanaii,1.0
Zanaiya,1.0
Zanaiyah,1.0
Zanajah,1.0
Zanari,1.0
Zanaria,1.0
Zanariah,1.0
Zanasia,1.0
Zanavia,1.0
Zanay,1.0
Zanaya,1.0
Zanayah,1.0
Zanayla,1.0
Zanda,1.0
Zandalee,1.0
Zandaya,1.0
Zandra,1.0
Zandrea,1.0
Zandria,1.0
Zanea,1.0
Zaneb,1.0
Zanelle,1.0
Zaneri,1.0
Zaneria,1.0
Zanah,1.0
Zanae,1.0
Zanab,1.0
Zamoria,1.0
Zamina,1.0
Zamira,1.0
Zamirah,1.0
Zamirha,1.0
Zamiria,1.0
Zamirra,1.0
Zamiya,1.0
Zamiyah,1.0
Zamiyrah,1.0
Zamoni,1.0
Zamora,1.0
Zamorah,1.0
Zamoura,1.0
Zanaa,1.0
Zamya,1.0
Zamyah,1.0
Zamyia,1.0
Zamyiah,1.0
Zamyla,1.0
Zamylah,1.0
Zamyra,1.0
Zamyrah,1.0
Zamyria,1.0
Zamyriah,1.0
Zamzam,1.0
Zana,1.0
Zaneta,1.0
Zanetta,1.0
Zanette,1.0
Zanyyah,1.0
Zantasia,1.0
Zanteria,1.0
Zanthia,1.0
Zanya,1.0
Zanyah,1.0
Zanye,1.0
Zanyia,1.0
Zanyiah,1.0
Zanyla,1.0
Zanylah,1.0
Zanyra,1.0
Zanyria,1.0
Zaory,1.0
Zanoviah,1.0
Zaphira,1.0
Zara,1.0
Zarae,1.0
Zarah,1.0
Zarahi,1.0
Zarahy,1.0
Zarai,1.0
Zaraiah,1.0
Zaraiya,1.0
Zaraiyah,1.0
Zaray,1.0
Zaraya,1.0
Zanquisha,1.0
Zanovia,1.0
Zaney,1.0
Zanita,1.0
Zaneya,1.0
Zania,1.0
Zaniah,1.0
Zaniaya,1.0
Zanib,1.0
Zanie,1.0
Zanieya,1.0
Zaniiya,1.0
Zanijah,1.0
Zanilah,1.0
Zanique,1.0
Zanisha,1.0
Zaniya,1.0
Zanovah,1.0
Zaniyah,1.0
Zaniyha,1.0
Zaniyla,1.0
Zaniylah,1.0
Zaniyyah,1.0
Zanna,1.0
Zannah,1.0
Zanniyah,1.0
Zanobia,1.0
Zanora,1.0
Zanori,1.0
Zanova,1.0
Zayliana,1.0
Zaylie,1.0
Zhaviah,1.0
Zerah,1.0
Zenobia,1.0
Zenola,1.0
Zenolia,1.0
Zenona,1.0
Zenora,1.0
Zenorah,1.0
Zenova,1.0
Zenovia,1.0
Zeny,1.0
Zenya,1.0
Zenyah,1.0
Zenyla,1.0
Zenzele,1.0
Zeola,1.0
Zeona,1.0
Zeonna,1.0
Zepha,1.0
Zephania,1.0
Zepher,1.0
Zephora,1.0
Zephra,1.0
Zephyra,1.0
Zephyrine,1.0
Zeplynn,1.0
Zeporia,1.0
Zeppelyn,1.0
Zepplynn,1.0
Zenoba,1.0
Zenniyah,1.0
Zenniah,1.0
Zenetta,1.0
Zendaiya,1.0
Zendaya,1.0
Zendayah,1.0
Zendeya,1.0
Zendiya,1.0
Zendra,1.0
Zendre,1.0
Zendy,1.0
Zene,1.0
Zeneida,1.0
Zenelle,1.0
Zeneth,1.0
Zeneyda,1.0
Zennia,1.0
Zeni,1.0
Zenia,1.0
Zeniah,1.0
Zenida,1.0
Zenita,1.0
Zeniya,1.0
Zeniyah,1.0
Zenja,1.0
Zenlee,1.0
Zenley,1.0
Zenna,1.0
Zenni,1.0
Zer,1.0
Zerayah,1.0
Zayna,1.0
Zerelda,1.0
Zhaira,1.0
Zhakira,1.0
Zhalani,1.0
Zhalia,1.0
Zhamira,1.0
Zhana,1.0
Zhanae,1.0
Zhanasia,1.0
Zhanaya,1.0
Zhanea,1.0
Zhanee,1.0
Zhanel,1.0
Zhanelle,1.0
Zhania,1.0
Zhaniya,1.0
Zhaniyah,1.0
Zhanna,1.0
Zhanya,1.0
Zhara,1.0
Zhari,1.0
Zharia,1.0
Zhariah,1.0
Zharick,1.0
Zhariya,1.0
Zhariyah,1.0
Zharya,1.0
Zharyah,1.0
Zeza,1.0
Zeyneth,1.0
Zeynet,1.0
Zetta,1.0
Zerena,1.0
Zerenity,1.0
Zerina,1.0
Zerita,1.0
Zeriyah,1.0
Zerlene,1.0
Zerlina,1.0
Zerline,1.0
Zerriah,1.0
Zeruiah,1.0
Zeta,1.0
Zetha,1.0
Zeva,1.0
Zeynep,1.0
Zevaeh,1.0
Zeveah,1.0
Zeya,1.0
Zeyah,1.0
Zeyana,1.0
Zeyda,1.0
Zeyla,1.0
Zeylah,1.0
Zeylani,1.0
Zeyna,1.0
Zeynab,1.0
Zeyneb,1.0
Zenda,1.0
Zenayla,1.0
Zenayda,1.0
Zenayah,1.0
Zebrina,1.0
Zeda,1.0
Zeel,1.0
Zeena,1.0
Zeenah,1.0
Zeenat,1.0
Zeenia,1.0
Zeeva,1.0
Zeffie,1.0
Zehava,1.0
Zehira,1.0
Zehlani,1.0
Zehra,1.0
Zeida,1.0
Zeidi,1.0
Zeidy,1.0
Zeila,1.0
Zeilah,1.0
Zeilani,1.0
Zeilin,1.0
Zeily,1.0
Zeilyn,1.0
Zeina,1.0
Zeinab,1.0
Zeinabou,1.0
Zeinah,1.0
Zeineb,1.0
Zebra,1.0
Zeborah,1.0
Zeba,1.0
Zayvia,1.0
Zaynab,1.0
Zaynah,1.0
Zayneb,1.0
Zayona,1.0
Zayonna,1.0
Zayra,1.0
Zayrah,1.0
Zayriah,1.0
Zaysha,1.0
Zaysia,1.0
Zayuri,1.0
Zayva,1.0
Zaza,1.0
Zeasia,1.0
Zazie,1.0
Zazil,1.0
Zdenka,1.0
Zea,1.0
Zeah,1.0
Zeaira,1.0
Zealyn,1.0
Zealynn,1.0
Zeana,1.0
Zeanna,1.0
Zeanni,1.0
Zeari,1.0
Zeineth,1.0
Zekia,1.0
Zekira,1.0
Zemiyah,1.0
Zelna,1.0
Zelpha,1.0
Zelphia,1.0
Zelta,1.0
Zeltzin,1.0
Zelva,1.0
Zelyiana,1.0
Zelyianna,1.0
Zelyna,1.0
Zema,1.0
Zemira,1.0
Zemirah,1.0
Zemora,1.0
Zelmarie,1.0
Zena,1.0
Zenab,1.0
Zenae,1.0
Zenah,1.0
Zenai,1.0
Zenaida,1.0
Zenaiya,1.0
Zenani,1.0
Zenara,1.0
Zenat,1.0
Zenaura,1.0
Zenaya,1.0
Zelmodene,1.0
Zelmadene,1.0
Zekiyah,1.0
Zelia,1.0
Zela,1.0
Zelah,1.0
Zelaia,1.0
Zelani,1.0
Zelaya,1.0
Zelayah,1.0
Zelder,1.0
Zeldia,1.0
Zeldy,1.0
Zelena,1.0
Zelene,1.0
Zelenia,1.0
Zeliah,1.0
Zelline,1.0
Zeliana,1.0
Zelianna,1.0
Zelie,1.0
Zelilah,1.0
Zelina,1.0
Zelinda,1.0
Zeline,1.0
Zella,1.0
Zellah,1.0
Zellamae,1.0
Zellar,1.0
Zellia,1.0
Yariah,1.0
Yarexi,1.0
Valeire,1.0
Vilda,1.0
Vierra,1.0
Viesha,1.0
Vietta,1.0
Vieva,1.0
Viginia,1.0
Vignette,1.0
Viha,1.0
Vihaa,1.0
Vihaana,1.0
Vihana,1.0
Vihanvi,1.0
Vihika,1.0
Vija,1.0
Vijaya,1.0
Vika,1.0
Viki,1.0
Vikie,1.0
Vikita,1.0
Vikki,1.0
Vikkie,1.0
Vikky,1.0
Viktoria,1.0
Viktorija,1.0
Viktoriya,1.0
Viktorya,1.0
Viky,1.0
Vila,1.0
Viera,1.0
Vieno,1.0
Vienne,1.0
Vidhatri,1.0
Victorie,1.0
Victorina,1.0
Victorine,1.0
Victoriya,1.0
Victorria,1.0
Victorya,1.0
Vicy,1.0
Vidala,1.0
Vidalia,1.0
Vidella,1.0
Videlle,1.0
Vidette,1.0
Vidhi,1.0
Vienna,1.0
Vidhitsa,1.0
Vidhya,1.0
Vidia,1.0
Vidisha,1.0
Vidula,1.0
Vidushi,1.0
Vidya,1.0
Vie,1.0
Vieda,1.0
Vielka,1.0
Viella,1.0
Viena,1.0
Vilate,1.0
Vildan,1.0
Victorianna,1.0
Vilena,1.0
Vineeta,1.0
Vineisha,1.0
Vinell,1.0
Vinesha,1.0
Vinessa,1.0
Vineta,1.0
Vinetta,1.0
Vinette,1.0
Viney,1.0
Vini,1.0
Vinia,1.0
Vinie,1.0
Vinisha,1.0
Vinita,1.0
Vinna,1.0
Vinni,1.0
Vinnia,1.0
Vinola,1.0
Vinona,1.0
Vintage,1.0
Vinyette,1.0
Violanda,1.0
Violar,1.0
Violeth,1.0
Violetrose,1.0
Violett,1.0
Violetta,1.0
Vinecia,1.0
Vine,1.0
Vindhya,1.0
Vinaya,1.0
Vilene,1.0
Viletta,1.0
Vilia,1.0
Vilija,1.0
Vilinda,1.0
Villanelle,1.0
Villie,1.0
Vilma,1.0
Vilmarie,1.0
Vimala,1.0
Vina,1.0
Vinathi,1.0
Vincci,1.0
Vindetta,1.0
Vincene,1.0
Vincenta,1.0
Vincentia,1.0
Vincentina,1.0
Vincentine,1.0
Vincenza,1.0
Vincenzia,1.0
Vincenzina,1.0
Vincetta,1.0
Vincie,1.0
Vincy,1.0
Vinda,1.0
Victoriarose,1.0
Victoriana,1.0
Walsie,1.0
Vetta,1.0
Veronyca,1.0
Verra,1.0
Verree,1.0
Verrona,1.0
Verronica,1.0
Versa,1.0
Versal,1.0
Versavia,1.0
Versey,1.0
Vershonda,1.0
Versia,1.0
Verta,1.0
Vertell,1.0
Vertia,1.0
Vertice,1.0
Vertina,1.0
Veruca,1.0
Verva,1.0
Vesa,1.0
Vesenia,1.0
Vesna,1.0
Vessica,1.0
Vestie,1.0
Vestina,1.0
Veta,1.0
Vetha,1.0
Vetra,1.0
Veronnica,1.0
Veronique,1.0
Veronika,1.0
Vernitta,1.0
Vernez,1.0
Vernia,1.0
Vernica,1.0
Vernicia,1.0
Vernida,1.0
Verniece,1.0
Vernika,1.0
Vernique,1.0
Vernisa,1.0
Vernise,1.0
Vernisha,1.0
Vernita,1.0
Verniya,1.0
Veronicka,1.0
Vernoica,1.0
Vernola,1.0
Vernona,1.0
Vernonica,1.0
Verona,1.0
Veroncia,1.0
Veronda,1.0
Verone,1.0
Veronia,1.0
Veronic,1.0
Veronice,1.0
Veronicia,1.0
Vetrice,1.0
Veva,1.0
Victorian,1.0
Vevelyn,1.0
Vicci,1.0
Vicenta,1.0
Vicey,1.0
Vichelle,1.0
Vici,1.0
Vicie,1.0
Vicke,1.0
Vickee,1.0
Vickiana,1.0
Vickiann,1.0
Vickii,1.0
Vickilee,1.0
Vickilyn,1.0
Vickilynn,1.0
Vickki,1.0
Vicktoria,1.0
Vickye,1.0
Vicotria,1.0
Victoire,1.0
Victora,1.0
Victorea,1.0
Victorene,1.0
Victori,1.0
Victoriaann,1.0
Victoriah,1.0
Victorialynn,1.0
Victoriamarie,1.0
Vica,1.0
Vibiana,1.0
Vibha,1.0
Vianca,1.0
Veverly,1.0
Vexahlia,1.0
Veya,1.0
Veyah,1.0
Veyda,1.0
Veyla,1.0
Veyonce,1.0
Vhonda,1.0
Via,1.0
Viaana,1.0
Viana,1.0
Vianay,1.0
Viance,1.0
Viara,1.0
Vianet,1.0
Vianeth,1.0
Vianette,1.0
Vianey,1.0
Viani,1.0
Vianka,1.0
Viann,1.0
Vianna,1.0
Vianne,1.0
Vianni,1.0
Vianny,1.0
Viany,1.0
Violette,1.0
Violia,1.0
Viona,1.0
Vyolet,1.0
Vora,1.0
Voronica,1.0
Voula,1.0
Vriha,1.0
Vrinda,1.0
Vrindha,1.0
Vrisa,1.0
Vrisha,1.0
Vriti,1.0
Vritika,1.0
Vrunda,1.0
Vula,1.0
Vulnavia,1.0
Vung,1.0
Vurla,1.0
Vyana,1.0
Vyanna,1.0
Vyctoria,1.0
Vyctorya,1.0
Vydia,1.0
Vyktoria,1.0
Vyla,1.0
Vylah,1.0
Vylet,1.0
Vylett,1.0
Vylette,1.0
Vynessa,1.0
Vonzetta,1.0
Vonzella,1.0
Vonya,1.0
Vonmarie,1.0
Voneda,1.0
Vonell,1.0
Vonessa,1.0
Voneta,1.0
Vonetta,1.0
Vonette,1.0
Voni,1.0
Vonica,1.0
Vonice,1.0
Vonie,1.0
Vonisha,1.0
Vonita,1.0
Vonna,1.0
Vontrice,1.0
Vonne,1.0
Vonnell,1.0
Vonnesha,1.0
Vonnetta,1.0
Vonnette,1.0
Vonnita,1.0
Vonshae,1.0
Vontella,1.0
Vontese,1.0
Vontina,1.0
Vontresa,1.0
Vontressa,1.0
Vyola,1.0
Vyolette,1.0
Vionda,1.0
Vyomi,1.0
Wakeisha,1.0
Wakenda,1.0
Wakesha,1.0
Wakia,1.0
Wakina,1.0
Wakisha,1.0
Wakita,1.0
Wala,1.0
Walaa,1.0
Walburga,1.0
Walcie,1.0
Walda,1.0
Waldena,1.0
Waldene,1.0
Waldine,1.0
Walela,1.0
Walene,1.0
Walesca,1.0
Waleska,1.0
Walia,1.0
Walida,1.0
Walidah,1.0
Walisha,1.0
Waliyah,1.0
Walkidia,1.0
Walkiria,1.0
Wallene,1.0
Wakeelah,1.0
Wakana,1.0
Wajiha,1.0
Wadine,1.0
Vyonne,1.0
Vyshnavi,1.0
Vysion,1.0
Vyvian,1.0
Vyvy,1.0
Vyvyan,1.0
Waad,1.0
Wachovia,1.0
Waconda,1.0
Wadeeah,1.0
Wadena,1.0
Wadia,1.0
Wadiya,1.0
Wajeeha,1.0
Waelynn,1.0
Wafa,1.0
Wafaa,1.0
Waheedah,1.0
Wahneeta,1.0
Wahneta,1.0
Wahnetta,1.0
Wahnita,1.0
Wailani,1.0
Wailynn,1.0
Waive,1.0
Wajd,1.0
Vondra,1.0
Vondia,1.0
Vondella,1.0
Vondalee,1.0
Viriginia,1.0
Virignia,1.0
Virika,1.0
Viririana,1.0
Virjean,1.0
Virjinia,1.0
Virla,1.0
Virlee,1.0
Virley,1.0
Virlie,1.0
Virlinda,1.0
Virma,1.0
Virna,1.0
Vironica,1.0
Virsavia,1.0
Virsaviya,1.0
Virsie,1.0
Virtie,1.0
Virtue,1.0
Visenya,1.0
Vishika,1.0
Vismaya,1.0
Vista,1.0
Vita,1.0
Vitalia,1.0
Vitalina,1.0
Vitani,1.0
Virigina,1.0
Virgnia,1.0
Virginnia,1.0
Virga,1.0
Vione,1.0
Vionette,1.0
Vionna,1.0
Viora,1.0
Vira,1.0
Viradhya,1.0
Virble,1.0
Virda,1.0
Virdia,1.0
Virdiana,1.0
Virdie,1.0
Virene,1.0
Virgean,1.0
Virginie,1.0
Virgen,1.0
Virgena,1.0
Virgene,1.0
Virgia,1.0
Virgilene,1.0
Virgilia,1.0
Virgiline,1.0
Virgina,1.0
Virgine,1.0
Virgini,1.0
Virginialee,1.0
Virginiamae,1.0
Vitina,1.0
Vitoria,1.0
Vittoria,1.0
Volanda,1.0
Viya,1.0
Viyana,1.0
Viyanshi,1.0
Viyona,1.0
Vlada,1.0
Vladislava,1.0
Vlasta,1.0
Vlora,1.0
Voctoria,1.0
Voda,1.0
Voila,1.0
Voilet,1.0
Volare,1.0
Vivyana,1.0
Volena,1.0
Voleta,1.0
Volia,1.0
Volina,1.0
Vona,1.0
Vonceal,1.0
Vonceil,1.0
Voncia,1.0
Vonciel,1.0
Voncil,1.0
Voncile,1.0
Voncille,1.0
Vivyanna,1.0
Vivyan,1.0
Vitula,1.0
Viviane,1.0
Viv,1.0
Viva,1.0
Vivana,1.0
Viveca,1.0
Vivee,1.0
Viveka,1.0
Vivenna,1.0
Vivenne,1.0
Vivette,1.0
Vivi,1.0
Vivia,1.0
Vivianah,1.0
Viviani,1.0
Vivy,1.0
Viviann,1.0
Vivianna,1.0
Vivianne,1.0
Vivica,1.0
Vividiana,1.0
Vivie,1.0
Viviene,1.0
Vivienna,1.0
Vivienne,1.0
Viviette,1.0
Vivika,1.0
Vivvian,1.0
Vernette,1.0
Vernetta,1.0
Vernett,1.0
Varena,1.0
Vanise,1.0
Vanisha,1.0
Vanissa,1.0
Vanita,1.0
Vanitie,1.0
Vanity,1.0
Vaniya,1.0
Vaniyah,1.0
Vanja,1.0
Vannah,1.0
Vannary,1.0
Vannesa,1.0
Vannessa,1.0
Vannetta,1.0
Vannette,1.0
Vannia,1.0
Vannida,1.0
Vannya,1.0
Vanora,1.0
Vanshika,1.0
Vantasia,1.0
Vanteen,1.0
Vantrice,1.0
Vanya,1.0
Vanyah,1.0
Vara,1.0
Varda,1.0
Vanisa,1.0
Vanille,1.0
Vanilla,1.0
Vanetta,1.0
Vanesha,1.0
Vaneshia,1.0
Vanesia,1.0
Vaness,1.0
Vanessaanne,1.0
Vanessah,1.0
Vanessamarie,1.0
Vanesse,1.0
Vanessia,1.0
Vanesta,1.0
Vanester,1.0
Vaneta,1.0
Vanette,1.0
Vanika,1.0
Vaneza,1.0
Vanezza,1.0
Vangela,1.0
Vangie,1.0
Vani,1.0
Vania,1.0
Vaniah,1.0
Vanice,1.0
Vanicia,1.0
Vanida,1.0
Vanie,1.0
Vaniecia,1.0
Varee,1.0
Varenna,1.0
Vea,1.0
Varetta,1.0
Vasthi,1.0
Vasti,1.0
Vastie,1.0
Vasudha,1.0
Vatasha,1.0
Vauda,1.0
Vaudie,1.0
Vaudine,1.0
Vaudis,1.0
Vaughna,1.0
Vauna,1.0
Vaunda,1.0
Vaune,1.0
Vaunita,1.0
Vava,1.0
Vawn,1.0
Vay,1.0
Vaya,1.0
Vayah,1.0
Vayda,1.0
Vaydah,1.0
Vayla,1.0
Vayle,1.0
Vaylee,1.0
Vaylin,1.0
Vaylynn,1.0
Vayolet,1.0
Vasta,1.0
Vassie,1.0
Vasilisa,1.0
Varshita,1.0
Variah,1.0
Varie,1.0
Varina,1.0
Varinia,1.0
Varna,1.0
Varnie,1.0
Varnika,1.0
Varonda,1.0
Varonica,1.0
Varsha,1.0
Varshika,1.0
Varshini,1.0
Varshitha,1.0
Vasiliki,1.0
Varvara,1.0
Varya,1.0
Vasanti,1.0
Vasha,1.0
Vashanti,1.0
Vashni,1.0
Vashonda,1.0
Vashti,1.0
Vashtie,1.0
Vasia,1.0
Vasilia,1.0
Vasilike,1.0
Vanely,1.0
Vanelope,1.0
Vanelly,1.0
Vanellope,1.0
Valette,1.0
Valhalla,1.0
Valia,1.0
Valicia,1.0
Valicity,1.0
Valier,1.0
Valiere,1.0
Valina,1.0
Valincia,1.0
Valinda,1.0
Valine,1.0
Valire,1.0
Valiree,1.0
Valirie,1.0
Valisa,1.0
Valisha,1.0
Valissa,1.0
Valita,1.0
Valiyah,1.0
Valkyrie,1.0
Valla,1.0
Vallarie,1.0
Valle,1.0
Valleigh,1.0
Vallene,1.0
Vallentina,1.0
Valleri,1.0
Valetta,1.0
Valetina,1.0
Valeta,1.0
Valeri,1.0
Valeka,1.0
Valena,1.0
Valency,1.0
Valenda,1.0
Valene,1.0
Valenica,1.0
Valentia,1.0
Valentinna,1.0
Valentyna,1.0
Valera,1.0
Valere,1.0
Valeree,1.0
Valeriana,1.0
Valesta,1.0
Valerieann,1.0
Valerieanne,1.0
Valerin,1.0
Valerine,1.0
Valeriya,1.0
Valerya,1.0
Valerye,1.0
Valeryn,1.0
Valesha,1.0
Valeshia,1.0
Valesia,1.0
Valeska,1.0
Valleria,1.0
Vallerie,1.0
Vallery,1.0
Vandelia,1.0
Vana,1.0
Vanadey,1.0
Vanae,1.0
Vananh,1.0
Vanasia,1.0
Vanassa,1.0
Vanaya,1.0
Vancy,1.0
Vanda,1.0
Vandalia,1.0
Vandana,1.0
Vandela,1.0
Vandella,1.0
Valyssa,1.0
Vandetta,1.0
Vandi,1.0
Vandora,1.0
Vandra,1.0
Vandrea,1.0
Vanecia,1.0
Vaneda,1.0
Vaneesa,1.0
Vaneeza,1.0
Vaneisha,1.0
Vaneka,1.0
Vanella,1.0
Vamika,1.0
Valyrie,1.0
Valli,1.0
Valoria,1.0
Vallolet,1.0
Valloleth,1.0
Vallorie,1.0
Vallory,1.0
Vally,1.0
Vallyn,1.0
Valma,1.0
Valois,1.0
Valonda,1.0
Valora,1.0
Valoree,1.0
Valori,1.0
Valorie,1.0
Valyria,1.0
Valoris,1.0
Valory,1.0
Valoy,1.0
Valoyce,1.0
Valrea,1.0
Valree,1.0
Valri,1.0
Valta,1.0
Valyncia,1.0
Valynda,1.0
Valynn,1.0
Valyre,1.0
Vayoleth,1.0
Veada,1.0
Vernetia,1.0
Verinica,1.0
Verdonna,1.0
Vered,1.0
Vereda,1.0
Veree,1.0
Vereen,1.0
Verena,1.0
Verenda,1.0
Verene,1.0
Verenice,1.0
Verenis,1.0
Verenise,1.0
Verenisse,1.0
Vereniz,1.0
Verenize,1.0
Veretta,1.0
Verga,1.0
Vergean,1.0
Vergene,1.0
Vergia,1.0
Vergina,1.0
Verginia,1.0
Veria,1.0
Verian,1.0
Veridiana,1.0
Verilea,1.0
Verily,1.0
Verina,1.0
Verdine,1.0
Verdina,1.0
Verdia,1.0
Veralynn,1.0
Venora,1.0
Venya,1.0
Veola,1.0
Veolia,1.0
Veona,1.0
Veonica,1.0
Veonka,1.0
Veora,1.0
Verabelle,1.0
Verah,1.0
Veralee,1.0
Veralyn,1.0
Veramae,1.0
Verdene,1.0
Veranda,1.0
Verania,1.0
Verba,1.0
Verbal,1.0
Verbena,1.0
Verbia,1.0
Vercie,1.0
Verdean,1.0
Verdeen,1.0
Verdella,1.0
Verdelle,1.0
Verdena,1.0
Verinda,1.0
Verita,1.0
Veah,1.0
Verity,1.0
Vernae,1.0
Vernalee,1.0
Vernamae,1.0
Vernasia,1.0
Vernay,1.0
Vernease,1.0
Vernece,1.0
Vernecia,1.0
Verneda,1.0
Vernee,1.0
Verneeda,1.0
Verneice,1.0
Verneil,1.0
Verneisha,1.0
Verneita,1.0
Vernelda,1.0
Vernella,1.0
Vernesa,1.0
Vernese,1.0
Vernesha,1.0
Vernessa,1.0
Vernessia,1.0
Vernesta,1.0
Vernesteen,1.0
Vernestine,1.0
Verneta,1.0
Vernetha,1.0
Vernadine,1.0
Vernadette,1.0
Vernadeen,1.0
Verlia,1.0
Verjean,1.0
Verla,1.0
Verlaine,1.0
Verlana,1.0
Verlanda,1.0
Verlane,1.0
Verlean,1.0
Verlee,1.0
Verleen,1.0
Verlena,1.0
Verlene,1.0
Verletta,1.0
Verlina,1.0
Vernadean,1.0
Verlinda,1.0
Verline,1.0
Verlisa,1.0
Verlla,1.0
Verly,1.0
Verma,1.0
Vermel,1.0
Vermell,1.0
Vermelle,1.0
Vermonica,1.0
Vernabelle,1.0
Vernada,1.0
Venona,1.0
Venola,1.0
Vennetta,1.0
Vennessa,1.0
Veldia,1.0
Velecia,1.0
Veleda,1.0
Veleka,1.0
Velen,1.0
Velena,1.0
Velencia,1.0
Velera,1.0
Veleria,1.0
Velerie,1.0
Veleta,1.0
Veletta,1.0
Velia,1.0
Velicia,1.0
Velicity,1.0
Velika,1.0
Velina,1.0
Velinda,1.0
Velisa,1.0
Velisha,1.0
Velissa,1.0
Velita,1.0
Vella,1.0
Velmarie,1.0
Velmo,1.0
Velmon,1.0
Velna,1.0
Velda,1.0
Velcie,1.0
Velarie,1.0
Vedia,1.0
Veanna,1.0
Veanne,1.0
Vear,1.0
Veatrice,1.0
Vedaa,1.0
Vedah,1.0
Vedanshi,1.0
Vedanya,1.0
Vedette,1.0
Vedha,1.0
Vedhika,1.0
Vedhya,1.0
Vedika,1.0
Velanie,1.0
Vedra,1.0
Vedya,1.0
Veeda,1.0
Veeha,1.0
Veeksha,1.0
Veena,1.0
Veeta,1.0
Veeya,1.0
Veida,1.0
Veira,1.0
Vela,1.0
Velah,1.0
Velois,1.0
Velora,1.0
Veloria,1.0
Venie,1.0
Venessa,1.0
Venessia,1.0
Venesta,1.0
Veneta,1.0
Venetia,1.0
Venetta,1.0
Venette,1.0
Venezia,1.0
Venia,1.0
Venica,1.0
Venicia,1.0
Venida,1.0
Veniece,1.0
Veneshia,1.0
Venika,1.0
Venisa,1.0
Venise,1.0
Venisha,1.0
Venishia,1.0
Venissa,1.0
Venita,1.0
Venitra,1.0
Venitta,1.0
Venna,1.0
Vennela,1.0
Vennesa,1.0
Venesia,1.0
Venesha,1.0
Velour,1.0
Vena,1.0
Velouria,1.0
Velsie,1.0
Velta,1.0
Velva,1.0
Velveeta,1.0
Velvett,1.0
Velvetta,1.0
Velvette,1.0
Velvia,1.0
Velvie,1.0
Velzy,1.0
Vema,1.0
Venassa,1.0
Venesa,1.0
Venba,1.0
Vencie,1.0
Venda,1.0
Vendela,1.0
Vendetta,1.0
Vendla,1.0
Venecia,1.0
Veneda,1.0
Veneita,1.0
Venellope,1.0
Venelope,1.0
Venera,1.0
Walline,1.0
Walta,1.0
Yaretzy,1.0
Yadria,1.0
Xzariah,1.0
Xzyla,1.0
Yaa,1.0
Yaalini,1.0
Yaana,1.0
Yaara,1.0
Yaasmeen,1.0
Yaasmiyn,1.0
Yabsira,1.0
Yachet,1.0
Yachi,1.0
Yachica,1.0
Yachira,1.0
Yachiyo,1.0
Yachy,1.0
Yackelin,1.0
Yacquelin,1.0
Yacqueline,1.0
Yadah,1.0
Yadelin,1.0
Yadelis,1.0
Yadeliz,1.0
Yadelyn,1.0
Yadhira,1.0
Yadielis,1.0
Yadieliz,1.0
Yadirah,1.0
Xzaria,1.0
Xzandria,1.0
Xyriah,1.0
Xylah,1.0
Xorri,1.0
Xotchil,1.0
Xureila,1.0
Xuri,1.0
Xuxa,1.0
Xya,1.0
Xyah,1.0
Xyana,1.0
Xyani,1.0
Xyanna,1.0
Xyelle,1.0
Xyla,1.0
Xylani,1.0
Xyra,1.0
Xylee,1.0
Xyleena,1.0
Xylei,1.0
Xyleigh,1.0
Xylia,1.0
Xyliah,1.0
Xyliana,1.0
Xylie,1.0
Xylina,1.0
Xyliyah,1.0
Xymena,1.0
Xyomara,1.0
Yaditzel,1.0
Yadvi,1.0
Xora,1.0
Yae,1.0
Yahzarah,1.0
Yaicha,1.0
Yaila,1.0
Yailani,1.0
Yaileen,1.0
Yailem,1.0
Yailen,1.0
Yailene,1.0
Yaileny,1.0
Yailenys,1.0
Yailet,1.0
Yaili,1.0
Yailin,1.0
Yailine,1.0
Yailyn,1.0
Yailynn,1.0
Yaima,1.0
Yaimara,1.0
Yaindhi,1.0
Yaindhy,1.0
Yaira,1.0
Yaire,1.0
Yairely,1.0
Yairet,1.0
Yaireth,1.0
Yairi,1.0
Yairis,1.0
Yahvi,1.0
Yahritza,1.0
Yahretzi,1.0
Yahaira,1.0
Yaeko,1.0
Yaeli,1.0
Yaelin,1.0
Yaelis,1.0
Yaelle,1.0
Yaely,1.0
Yaeno,1.0
Yafa,1.0
Yaffa,1.0
Yagaira,1.0
Yagmur,1.0
Yahaida,1.0
Yahani,1.0
Yahra,1.0
Yahara,1.0
Yaharia,1.0
Yahayra,1.0
Yahdira,1.0
Yaheli,1.0
Yahilin,1.0
Yahira,1.0
Yahire,1.0
Yahlani,1.0
Yahna,1.0
Yahnari,1.0
Yahne,1.0
Xori,1.0
Xophia,1.0
Walterene,1.0
Xilenia,1.0
Xenya,1.0
Xeraphina,1.0
Xereni,1.0
Xerenity,1.0
Xharia,1.0
Xhuri,1.0
Xia,1.0
Xiadani,1.0
Xiah,1.0
Xialani,1.0
Xiamara,1.0
Xiamora,1.0
Xiana,1.0
Xiani,1.0
Xianna,1.0
Xianni,1.0
Xiaoxi,1.0
Xiara,1.0
Xica,1.0
Xiclali,1.0
Xiclaly,1.0
Xielo,1.0
Xienna,1.0
Xila,1.0
Xilah,1.0
Xile,1.0
Xilei,1.0
Xenovia,1.0
Xenova,1.0
Xenobia,1.0
Xeilani,1.0
Xaya,1.0
Xayah,1.0
Xayda,1.0
Xayla,1.0
Xaylah,1.0
Xaylani,1.0
Xaylee,1.0
Xaylie,1.0
Xayoni,1.0
Xcaret,1.0
Xea,1.0
Xee,1.0
Xela,1.0
Xenna,1.0
Xelena,1.0
Xelha,1.0
Xella,1.0
Xena,1.0
Xenaida,1.0
Xenaya,1.0
Xenayla,1.0
Xendaya,1.0
Xenia,1.0
Xeniah,1.0
Xeniya,1.0
Xeniyah,1.0
Xilena,1.0
Ximara,1.0
Xolany,1.0
Ximenna,1.0
Xitlalith,1.0
Xitlalli,1.0
Xitlally,1.0
Xitlaly,1.0
Xitllali,1.0
Xiya,1.0
Xiyah,1.0
Xiyan,1.0
Xiyue,1.0
Xoana,1.0
Xochi,1.0
Xochil,1.0
Xochilt,1.0
Xochilth,1.0
Xochiquetzal,1.0
Xochithl,1.0
Xochitl,1.0
Xoco,1.0
Xoe,1.0
Xoelie,1.0
Xoellie,1.0
Xoemi,1.0
Xoey,1.0
Xoi,1.0
Xoie,1.0
Xola,1.0
Xolanii,1.0
Xitlalit,1.0
Xitlalie,1.0
Xitlalic,1.0
Xiola,1.0
Ximmena,1.0
Ximora,1.0
Xina,1.0
Xinia,1.0
Xinran,1.0
Xinrui,1.0
Xintong,1.0
Xinyan,1.0
Xinyi,1.0
Xinyu,1.0
Xinyue,1.0
Xio,1.0
Xiolani,1.0
Xitlali,1.0
Xiomara,1.0
Xiomari,1.0
Xiomaria,1.0
Xiomary,1.0
Xiomayra,1.0
Xiomi,1.0
Xiomora,1.0
Xiomy,1.0
Xior,1.0
Xirena,1.0
Xitali,1.0
Xithlaly,1.0
Yairy,1.0
Yaisa,1.0
Yaisha,1.0
Yannel,1.0
Yanilen,1.0
Yanilet,1.0
Yanileth,1.0
Yanill,1.0
Yanin,1.0
Yanina,1.0
Yanine,1.0
Yanique,1.0
Yanira,1.0
Yanire,1.0
Yaniris,1.0
Yanisa,1.0
Yanise,1.0
Yanisha,1.0
Yanisley,1.0
Yanissa,1.0
Yanisse,1.0
Yanita,1.0
Yanitza,1.0
Yanitzi,1.0
Yanitzia,1.0
Yanixa,1.0
Yaniya,1.0
Yaniyah,1.0
Yaniyla,1.0
Yaniz,1.0
Yanna,1.0
Yanil,1.0
Yanika,1.0
Yanielys,1.0
Yaneth,1.0
Yanelle,1.0
Yanelli,1.0
Yanellie,1.0
Yanelly,1.0
Yanely,1.0
Yanelys,1.0
Yaneri,1.0
Yaneris,1.0
Yanesa,1.0
Yanesha,1.0
Yanessa,1.0
Yanet,1.0
Yanett,1.0
Yanieliz,1.0
Yanette,1.0
Yanetzi,1.0
Yanetzy,1.0
Yanexi,1.0
Yangchen,1.0
Yania,1.0
Yaniah,1.0
Yanibel,1.0
Yanice,1.0
Yanichel,1.0
Yaniece,1.0
Yanielis,1.0
Yannah,1.0
Yanneli,1.0
Yaitza,1.0
Yannely,1.0
Yareliz,1.0
Yarelli,1.0
Yarelly,1.0
Yarely,1.0
Yarelyn,1.0
Yarelys,1.0
Yaremi,1.0
Yaremy,1.0
Yaren,1.0
Yareni,1.0
Yarenis,1.0
Yareny,1.0
Yarenys,1.0
Yaresi,1.0
Yaresli,1.0
Yaresly,1.0
Yaressi,1.0
Yaretci,1.0
Yaretcy,1.0
Yarethzi,1.0
Yarethzy,1.0
Yaretsi,1.0
Yaretsy,1.0
Yarett,1.0
Yaretza,1.0
Yaretzi,1.0
Yaretzie,1.0
Yarelis,1.0
Yarelin,1.0
Yarelii,1.0
Yaqueline,1.0
Yannery,1.0
Yannet,1.0
Yanneth,1.0
Yannette,1.0
Yannie,1.0
Yannira,1.0
Yansi,1.0
Yanxi,1.0
Yanxin,1.0
Yanyla,1.0
Yaqoot,1.0
Yaquelin,1.0
Yaquelyn,1.0
Yarelie,1.0
Yaqut,1.0
Yar,1.0
Yarah,1.0
Yarali,1.0
Yaralis,1.0
Yaraliz,1.0
Yarazet,1.0
Yarazeth,1.0
Yardena,1.0
Yarecsi,1.0
Yareily,1.0
Yareli,1.0
Yanell,1.0
Yaneliz,1.0
Yanelis,1.0
Yanelie,1.0
Yaletzi,1.0
Yalexa,1.0
Yalexi,1.0
Yalexia,1.0
Yalexis,1.0
Yaleyza,1.0
Yalia,1.0
Yaliah,1.0
Yalimar,1.0
Yalina,1.0
Yalini,1.0
Yalisa,1.0
Yalissa,1.0
Yalit,1.0
Yalitza,1.0
Yalixa,1.0
Yaliyah,1.0
Yalonda,1.0
Yamaira,1.0
Yamara,1.0
Yamaria,1.0
Yamarie,1.0
Yamaris,1.0
Yamaya,1.0
Yameena,1.0
Yameiry,1.0
Yameka,1.0
Yaleska,1.0
Yaleni,1.0
Yalena,1.0
Yakini,1.0
Yaiza,1.0
Yajahira,1.0
Yajaida,1.0
Yajayra,1.0
Yakeisha,1.0
Yakelin,1.0
Yakeline,1.0
Yakelyn,1.0
Yakema,1.0
Yakia,1.0
Yakima,1.0
Yakina,1.0
Yakira,1.0
Yaleiza,1.0
Yakirah,1.0
Yakisha,1.0
Yakita,1.0
Yakout,1.0
Yakyra,1.0
Yalaina,1.0
Yalana,1.0
Yalanda,1.0
Yalani,1.0
Yalayni,1.0
Yalda,1.0
Yaleena,1.0
Yameli,1.0
Yamelin,1.0
Yamely,1.0
Yanara,1.0
Yanabah,1.0
Yanae,1.0
Yanah,1.0
Yanahi,1.0
Yanaira,1.0
Yanairis,1.0
Yanais,1.0
Yanaisy,1.0
Yanaiza,1.0
Yanali,1.0
Yanalis,1.0
Yanaliz,1.0
Yanari,1.0
Yamna,1.0
Yanay,1.0
Yanaya,1.0
Yanci,1.0
Yanderi,1.0
Yaned,1.0
Yaneira,1.0
Yaneiry,1.0
Yaneisha,1.0
Yaneisi,1.0
Yaneisy,1.0
Yanela,1.0
Yaneli,1.0
Yana,1.0
Yamiyah,1.0
Yami,1.0
Yamilette,1.0
Yamia,1.0
Yamiah,1.0
Yamika,1.0
Yamila,1.0
Yamilah,1.0
Yamile,1.0
Yamiled,1.0
Yamilee,1.0
Yamiles,1.0
Yamilet,1.0
Yamileth,1.0
Yamilett,1.0
Yamiletz,1.0
Yamisha,1.0
Yamilex,1.0
Yamiley,1.0
Yamilez,1.0
Yamili,1.0
Yamilka,1.0
Yamille,1.0
Yamillet,1.0
Yamily,1.0
Yamina,1.0
Yaminah,1.0
Yamini,1.0
Yamira,1.0
Xaviona,1.0
Xaviera,1.0
Xaviea,1.0
Willadeen,1.0
Widad,1.0
Widline,1.0
Wiktoria,1.0
Wila,1.0
Wiladean,1.0
Wilba,1.0
Wilberta,1.0
Wilburta,1.0
Wilcie,1.0
Wileen,1.0
Wilella,1.0
Wilena,1.0
Wilene,1.0
Wilesha,1.0
Wiletta,1.0
Wilfreda,1.0
Wilhelmena,1.0
Wilhelmenia,1.0
Wilhelmine,1.0
Wilhelminia,1.0
Wilhemena,1.0
Wilhemenia,1.0
Wilhemina,1.0
Wilianny,1.0
Wilisha,1.0
Willabell,1.0
Willabelle,1.0
Wicahpi,1.0
Wiam,1.0
Whysper,1.0
Whitlie,1.0
Wesli,1.0
Wessie,1.0
Westlynn,1.0
Westonia,1.0
Weta,1.0
Wetona,1.0
Whendy,1.0
Whilma,1.0
Whisper,1.0
Whiteny,1.0
Whitleigh,1.0
Whitli,1.0
Whitnay,1.0
Whynter,1.0
Whitne,1.0
Whitnee,1.0
Whitnei,1.0
Whitni,1.0
Whitnie,1.0
Whitny,1.0
Whitnye,1.0
Whittany,1.0
Whittley,1.0
Whittni,1.0
Whittnie,1.0
Whtiney,1.0
Willadean,1.0
Willadene,1.0
Wilmary,1.0
Willadine,1.0
Willietta,1.0
Williette,1.0
Willimena,1.0
Willine,1.0
Williow,1.0
Willisa,1.0
Willisha,1.0
Willistine,1.0
Willma,1.0
Willmetta,1.0
Willo,1.0
Willodean,1.0
Willodeen,1.0
Willodene,1.0
Willodine,1.0
Willoe,1.0
Willoh,1.0
Willola,1.0
Willona,1.0
Willora,1.0
Willowdean,1.0
Willowgrace,1.0
Willowmae,1.0
Willowrose,1.0
Willye,1.0
Wilmah,1.0
Wilmajean,1.0
Williesha,1.0
Williene,1.0
Willien,1.0
Willella,1.0
Willah,1.0
Willamae,1.0
Willamena,1.0
Willamina,1.0
Willanna,1.0
Willar,1.0
Willarae,1.0
Willasia,1.0
Willavene,1.0
Willean,1.0
Willease,1.0
Willeen,1.0
Willemina,1.0
Williemae,1.0
Willena,1.0
Willene,1.0
Willesha,1.0
Willeta,1.0
Willetta,1.0
Willette,1.0
Williadean,1.0
Williametta,1.0
Williamina,1.0
Willianny,1.0
Willidean,1.0
Willielee,1.0
Weronika,1.0
Wera,1.0
Weona,1.0
Wenonah,1.0
Wanna,1.0
Wannell,1.0
Wannetta,1.0
Wannette,1.0
Wanona,1.0
Wanza,1.0
Wanzie,1.0
Warda,1.0
Wardah,1.0
Wardean,1.0
Wardine,1.0
Wareef,1.0
Wareesha,1.0
Warna,1.0
Warnetta,1.0
Warrene,1.0
Warrenetta,1.0
Warrine,1.0
Watasha,1.0
Wateen,1.0
Watha,1.0
Wathena,1.0
Watisha,1.0
Waukesha,1.0
Wauline,1.0
Waunda,1.0
Waunell,1.0
Wanjiru,1.0
Wanjiku,1.0
Waniyah,1.0
Waneda,1.0
Walterine,1.0
Waltina,1.0
Wambui,1.0
Wana,1.0
Wanakee,1.0
Wandalea,1.0
Wandalee,1.0
Wandalene,1.0
Wandalid,1.0
Wandalyn,1.0
Wandra,1.0
Wandy,1.0
Waneeta,1.0
Waniya,1.0
Waneita,1.0
Wanell,1.0
Wanema,1.0
Wanesha,1.0
Waneta,1.0
Wanetah,1.0
Wanetta,1.0
Wanette,1.0
Wania,1.0
Wanika,1.0
Wanisha,1.0
Wanita,1.0
Wauneta,1.0
Waunetta,1.0
Waunita,1.0
Wendie,1.0
Welma,1.0
Weltha,1.0
Wenda,1.0
Wendalyn,1.0
Wende,1.0
Wendee,1.0
Wendeline,1.0
Wendella,1.0
Wendellyn,1.0
Wendelyn,1.0
Wendey,1.0
Wendi,1.0
Wendla,1.0
Welda,1.0
Wendlyn,1.0
Wendolee,1.0
Wendoly,1.0
Wendolyne,1.0
Wendra,1.0
Wendyann,1.0
Wendye,1.0
Wendylee,1.0
Wengel,1.0
Wenndy,1.0
Wenola,1.0
Wenona,1.0
Wellsley,1.0
Wejdan,1.0
Wava,1.0
Waynetta,1.0
Wavalene,1.0
Wavel,1.0
Wavelene,1.0
Waveline,1.0
Wavelyn,1.0
Waverlee,1.0
Waverleigh,1.0
Waverli,1.0
Wayna,1.0
Wayneisha,1.0
Waynesha,1.0
Wayneshia,1.0
Waynette,1.0
Weida,1.0
Waynisha,1.0
Waziha,1.0
Wealtha,1.0
Wealthy,1.0
Weam,1.0
Weatherly,1.0
Weda,1.0
Wedad,1.0
Wednesday,1.0
Wedu,1.0
Weeda,1.0
Weena,1.0
Wilmarie,1.0
Wilmetta,1.0
Xavianna,1.0
Wyzetta,1.0
Wynonna,1.0
Wynrie,1.0
Wynslie,1.0
Wynslow,1.0
Wynterrose,1.0
Wyntr,1.0
Wyolene,1.0
Wyoma,1.0
Wyomi,1.0
Wyomia,1.0
Wyoming,1.0
Wyona,1.0
Wyonda,1.0
Wyonia,1.0
Wyonna,1.0
Wyonne,1.0
Wyonnia,1.0
Wyota,1.0
Wysteria,1.0
Wyteria,1.0
Wytina,1.0
Wyvetta,1.0
Wyvette,1.0
Wyvonia,1.0
Wyvonna,1.0
Wyvonne,1.0
Wyvonnia,1.0
Wynonia,1.0
Wynonah,1.0
Wynona,1.0
Wynesha,1.0
Wylodine,1.0
Wyma,1.0
Wynda,1.0
Wynde,1.0
Wyndee,1.0
Wyndi,1.0
Wyndie,1.0
Wyndsor,1.0
Wyndy,1.0
Wynee,1.0
Wynelle,1.0
Wynema,1.0
Wynetta,1.0
Wynoma,1.0
Wynette,1.0
Wynisha,1.0
Wynlee,1.0
Wynna,1.0
Wynnell,1.0
Wynnette,1.0
Wynnie,1.0
Wynnifred,1.0
Wynnona,1.0
Wynnter,1.0
Wynogene,1.0
Wynola,1.0
Wyyomi,1.0
Xaela,1.0
Wilmina,1.0
Xaelah,1.0
Xanadu,1.0
Xanai,1.0
Xandra,1.0
Xandrea,1.0
Xandria,1.0
Xania,1.0
Xaniah,1.0
Xaniya,1.0
Xaniyah,1.0
Xanna,1.0
Xanthe,1.0
Xanthi,1.0
Xanthia,1.0
Xanyla,1.0
Xara,1.0
Xarai,1.0
Xareni,1.0
Xareny,1.0
Xari,1.0
Xaria,1.0
Xariah,1.0
Xarianna,1.0
Xarielys,1.0
Xariya,1.0
Xariyah,1.0
Xaveria,1.0
Xaviana,1.0
Xana,1.0
Xamora,1.0
Xamiyah,1.0
Xaira,1.0
Xaelia,1.0
Xahari,1.0
Xahlia,1.0
Xahria,1.0
Xaia,1.0
Xaida,1.0
Xaila,1.0
Xailah,1.0
Xailani,1.0
Xailee,1.0
Xailey,1.0
Xailynn,1.0
Xairexis,1.0
Xamira,1.0
Xaiya,1.0
Xalani,1.0
Xalayah,1.0
Xaleigh,1.0
Xalia,1.0
Xaliima,1.0
Xaliyah,1.0
Xally,1.0
Xalori,1.0
Xalynn,1.0
Xamara,1.0
Xamaya,1.0
Wylodene,1.0
Wylodean,1.0
Wylma,1.0
Wyllow,1.0
Winnefred,1.0
Winnell,1.0
Winnette,1.0
Winni,1.0
Winniefred,1.0
Winnifred,1.0
Winnona,1.0
Winnter,1.0
Winny,1.0
Winogene,1.0
Winola,1.0
Winona,1.0
Winonah,1.0
Winonna,1.0
Winrey,1.0
Winry,1.0
Winshaida,1.0
Winslee,1.0
Winslet,1.0
Winslie,1.0
Winsome,1.0
Winta,1.0
Wintana,1.0
Winterlynn,1.0
Winterr,1.0
Winterrose,1.0
Wintress,1.0
Winna,1.0
Winley,1.0
Winifrede,1.0
Wimberley,1.0
Wilmuth,1.0
Wilna,1.0
Wilnelia,1.0
Wilnesha,1.0
Wilnette,1.0
Wilniya,1.0
Wilodean,1.0
Wilodene,1.0
Wilodyne,1.0
Wilona,1.0
Wilta,1.0
Wilva,1.0
Wimberly,1.0
Winiferd,1.0
Wina,1.0
Winafred,1.0
Wincie,1.0
Winda,1.0
Windee,1.0
Windi,1.0
Windie,1.0
Winefred,1.0
Winell,1.0
Winetta,1.0
Winette,1.0
Wini,1.0
Wiona,1.0
Wisper,1.0
Wisteria,1.0
Wykeisha,1.0
Wrynleigh,1.0
Wrynley,1.0
Wrynlie,1.0
Wrynn,1.0
Wuanita,1.0
Wudase,1.0
Wuendi,1.0
Wuendy,1.0
Wuraola,1.0
Wyconda,1.0
Wydia,1.0
Wyetta,1.0
Wykena,1.0
Wryn,1.0
Wykeria,1.0
Wykesha,1.0
Wykeshia,1.0
Wykisha,1.0
Wyla,1.0
Wylda,1.0
Wylean,1.0
Wyleen,1.0
Wyleigh,1.0
Wylene,1.0
Wyline,1.0
Wylla,1.0
Wrynlee,1.0
Wrylie,1.0
Withney,1.0
Wrenlea,1.0
Witney,1.0
Wittney,1.0
Wiyaka,1.0
Wladyslawa,1.0
Wnedy,1.0
Wonda,1.0
Wondra,1.0
Woodlyn,1.0
Wortha,1.0
Wrayanne,1.0
Wreatha,1.0
Wrenda,1.0
Wrenlee,1.0
Wrylee,1.0
Wrenlei,1.0
Wrenleigh,1.0
Wrenli,1.0
Wrenlie,1.0
Wrenlyn,1.0
Wrenlynn,1.0
Wrenna,1.0
Wrennlee,1.0
Wrennley,1.0
Wrennly,1.0
Wretha,1.0
Wrinley,1.0
Taeko,1.0
Taeja,1.0
Raliyah,1.0
Sameeha,1.0
Samarah,1.0
Samare,1.0
Samarea,1.0
Samaree,1.0
Samaria,1.0
Samariah,1.0
Samarian,1.0
Samarie,1.0
Samaris,1.0
Samariya,1.0
Samariyah,1.0
Samarra,1.0
Samarrah,1.0
Samarri,1.0
Samarria,1.0
Samartha,1.0
Samary,1.0
Samarya,1.0
Samata,1.0
Samatha,1.0
Samauni,1.0
Samaura,1.0
Samauria,1.0
Samaya,1.0
Samayah,1.0
Samayia,1.0
Samayiah,1.0
Samanvitha,1.0
Samanvita,1.0
Samanvi,1.0
Samantah,1.0
Samaire,1.0
Samaiya,1.0
Samaiyah,1.0
Samala,1.0
Samalia,1.0
Samamtha,1.0
Samana,1.0
Samanatha,1.0
Samanda,1.0
Samani,1.0
Samanntha,1.0
Samanta,1.0
Samantaha,1.0
Samanthia,1.0
Samanth,1.0
Samanthaann,1.0
Samanthagrace,1.0
Samanthajean,1.0
Samanthajo,1.0
Samanthalee,1.0
Samanthalynn,1.0
Samanthamarie,1.0
Samanthan,1.0
Samanthanicole,1.0
Samanthe,1.0
Samanthea,1.0
Samayra,1.0
Sameeksha,1.0
Samaira,1.0
Sameena,1.0
Samiera,1.0
Samiha,1.0
Samihah,1.0
Samiira,1.0
Samija,1.0
Samijah,1.0
Samijo,1.0
Samika,1.0
Samiksha,1.0
Samina,1.0
Saminah,1.0
Samira,1.0
Samirah,1.0
Samiria,1.0
Samirra,1.0
Samirrah,1.0
Samisha,1.0
Samita,1.0
Samiya,1.0
Samiyah,1.0
Samiyha,1.0
Samiyyah,1.0
Samma,1.0
Sammantha,1.0
Sammara,1.0
Sammatha,1.0
Sammiejo,1.0
Samica,1.0
Samiaya,1.0
Samiah,1.0
Samena,1.0
Sameenah,1.0
Sameera,1.0
Sameerah,1.0
Samehesha,1.0
Sameia,1.0
Sameika,1.0
Sameisha,1.0
Sameka,1.0
Samekia,1.0
Sameko,1.0
Samella,1.0
Samely,1.0
Samentha,1.0
Samia,1.0
Samera,1.0
Samerah,1.0
Sameria,1.0
Sameriah,1.0
Samerra,1.0
Sametra,1.0
Sametria,1.0
Sametta,1.0
Sameya,1.0
Sameyah,1.0
Samhita,1.0
Samhitha,1.0
Samairah,1.0
Samaiah,1.0
Sakeya,1.0
Saliah,1.0
Salay,1.0
Salaya,1.0
Salayah,1.0
Salayna,1.0
Salea,1.0
Saleah,1.0
Saleana,1.0
Saleema,1.0
Saleemah,1.0
Saleen,1.0
Saleena,1.0
Saleha,1.0
Saleigh,1.0
Saleigha,1.0
Saleisha,1.0
Salema,1.0
Salena,1.0
Salene,1.0
Saleste,1.0
Salet,1.0
Saleta,1.0
Saleth,1.0
Salethia,1.0
Salette,1.0
Saleya,1.0
Saleyah,1.0
Sali,1.0
Salathia,1.0
Salara,1.0
Salani,1.0
Sakoya,1.0
Sakia,1.0
Sakiah,1.0
Sakiko,1.0
Sakile,1.0
Sakina,1.0
Sakinah,1.0
Sakira,1.0
Sakisha,1.0
Sakita,1.0
Sakiya,1.0
Sakiyah,1.0
Sakora,1.0
Sakshi,1.0
Salandra,1.0
Sakthi,1.0
Sakura,1.0
Sakurako,1.0
Sakya,1.0
Sakyra,1.0
Sala,1.0
Salama,1.0
Salamasina,1.0
Salamata,1.0
Salamatu,1.0
Salana,1.0
Salanda,1.0
Salia,1.0
Salice,1.0
Samaia,1.0
Salicia,1.0
Salomae,1.0
Salomea,1.0
Salonda,1.0
Salone,1.0
Salonge,1.0
Saloni,1.0
Salora,1.0
Salote,1.0
Salsabeel,1.0
Salsabil,1.0
Salvadora,1.0
Salvatora,1.0
Salvatrice,1.0
Salvina,1.0
Salwa,1.0
Saly,1.0
Salym,1.0
Salyna,1.0
Sama,1.0
Samaa,1.0
Samaah,1.0
Samaara,1.0
Samadhi,1.0
Samadhy,1.0
Samadi,1.0
Samady,1.0
Samah,1.0
Saloma,1.0
Salmo,1.0
Salmai,1.0
Salish,1.0
Salida,1.0
Saliha,1.0
Salihah,1.0
Salima,1.0
Salimah,1.0
Salimata,1.0
Salimatou,1.0
Salina,1.0
Salinda,1.0
Saline,1.0
Salisa,1.0
Salise,1.0
Salisha,1.0
Salmah,1.0
Salissa,1.0
Salita,1.0
Saliya,1.0
Saliyah,1.0
Salle,1.0
Sallee,1.0
Salley,1.0
Salli,1.0
Sallyann,1.0
Sallyanne,1.0
Sallye,1.0
Sallyjo,1.0
Sammijo,1.0
Sammiyah,1.0
Sammya,1.0
Santosha,1.0
Sanoe,1.0
Sanora,1.0
Sanova,1.0
Sanovia,1.0
Sanquenetta,1.0
Sanquetta,1.0
Sanquita,1.0
Sansa,1.0
Sanskriti,1.0
Sanskruti,1.0
Santanah,1.0
Santangela,1.0
Santania,1.0
Santanya,1.0
Santara,1.0
Santasha,1.0
Santasia,1.0
Santavia,1.0
Santeria,1.0
Santerica,1.0
Santerria,1.0
Santha,1.0
Santia,1.0
Santiaga,1.0
Santiana,1.0
Santina,1.0
Santita,1.0
Sanoa,1.0
Sannon,1.0
Sanniyah,1.0
Sanjida,1.0
Saniy,1.0
Saniya,1.0
Saniyaa,1.0
Saniyah,1.0
Saniye,1.0
Saniyha,1.0
Saniyia,1.0
Saniylah,1.0
Saniyya,1.0
Saniyyah,1.0
Sanja,1.0
Sanjana,1.0
Sanjita,1.0
Sannie,1.0
Sanjitha,1.0
Sanjna,1.0
Sanjuana,1.0
Sanjuanita,1.0
Sanmayi,1.0
Sanmita,1.0
Sanna,1.0
Sannah,1.0
Sannai,1.0
Sanne,1.0
Sanniah,1.0
Sannidhi,1.0
Santoria,1.0
Santoya,1.0
Sammye,1.0
Santresa,1.0
Saphirra,1.0
Saphronia,1.0
Saphyra,1.0
Saphyre,1.0
Sapir,1.0
Sapna,1.0
Sapphira,1.0
Sapphire,1.0
Sapphyre,1.0
Saprina,1.0
Saqqara,1.0
Saquana,1.0
Saquanna,1.0
Saquita,1.0
Saquoia,1.0
Saquoya,1.0
Saraa,1.0
Saraann,1.0
Saraanne,1.0
Sarabel,1.0
Sarabella,1.0
Sarabelle,1.0
Sarabeth,1.0
Sarabi,1.0
Sarada,1.0
Sarae,1.0
Saraelizabeth,1.0
Saphire,1.0
Saphirah,1.0
Saphira,1.0
Sanyia,1.0
Santrese,1.0
Santrice,1.0
Santricia,1.0
Sanura,1.0
Sanvee,1.0
Sanvi,1.0
Sanvika,1.0
Sanvitha,1.0
Sanya,1.0
Sanyah,1.0
Sanye,1.0
Sanyi,1.0
Sanyiah,1.0
Saphina,1.0
Sanyla,1.0
Sanylah,1.0
Sanyra,1.0
Sanyu,1.0
Saoirse,1.0
Saori,1.0
Saory,1.0
Sapana,1.0
Saphari,1.0
Saphera,1.0
Sapheria,1.0
Saphia,1.0
Sanitra,1.0
Sanita,1.0
Sanisha,1.0
Sanira,1.0
Samyiah,1.0
Samyla,1.0
Samyra,1.0
Samyrah,1.0
Samyria,1.0
Samyriah,1.0
Samyukta,1.0
Samyuktha,1.0
Sanaa,1.0
Sanaah,1.0
Sanaai,1.0
Sanaaya,1.0
Sanae,1.0
Sanah,1.0
Sanaia,1.0
Sanaiah,1.0
Sanaii,1.0
Sanaira,1.0
Sanaiya,1.0
Sanaiyah,1.0
Sanam,1.0
Sanantha,1.0
Sanara,1.0
Sanari,1.0
Sanaria,1.0
Sanavi,1.0
Sanaya,1.0
Samyia,1.0
Samyha,1.0
Samye,1.0
Samra,1.0
Sammyjo,1.0
Samnatha,1.0
Samoan,1.0
Samona,1.0
Samoni,1.0
Samonie,1.0
Samontha,1.0
Samorah,1.0
Samore,1.0
Samoria,1.0
Samoura,1.0
Samoya,1.0
Samrah,1.0
Samyah,1.0
Samrawit,1.0
Samreen,1.0
Samreet,1.0
Samriddhi,1.0
Samridhi,1.0
Samrudhi,1.0
Samsam,1.0
Samsara,1.0
Samtha,1.0
Samuella,1.0
Samus,1.0
Samya,1.0
Sanayah,1.0
Sanaz,1.0
Sancha,1.0
Saniaya,1.0
Sanem,1.0
Sanetra,1.0
Sanetta,1.0
Saneya,1.0
Sanfra,1.0
Sangeeta,1.0
Sangeetha,1.0
Sangita,1.0
Sangria,1.0
Sania,1.0
Saniaa,1.0
Saniah,1.0
Sanibel,1.0
Sanea,1.0
Sanieya,1.0
Saniha,1.0
Sanihya,1.0
Sanii,1.0
Saniia,1.0
Saniiya,1.0
Saniiyah,1.0
Sanija,1.0
Sanijah,1.0
Sanika,1.0
Sanilah,1.0
Saniqua,1.0
Sanela,1.0
Sandye,1.0
Sanchi,1.0
Sandr,1.0
Sancia,1.0
Sand,1.0
Sanda,1.0
Sandal,1.0
Sandar,1.0
Sandara,1.0
Sandee,1.0
Sandera,1.0
Sandhya,1.0
Sandia,1.0
Sandibel,1.0
Sandora,1.0
Sandrah,1.0
Sandybell,1.0
Sandral,1.0
Sandralee,1.0
Sandre,1.0
Sandrea,1.0
Sandreka,1.0
Sandrell,1.0
Sandria,1.0
Sandricka,1.0
Sandrika,1.0
Sandrina,1.0
Sandrine,1.0
Sandry,1.0
Sakhia,1.0
Saketha,1.0
Taeisha,1.0
Saanika,1.0
Ryoko,1.0
Ryonna,1.0
Rysa,1.0
Ryssa,1.0
Rystal,1.0
Ryverlynn,1.0
Ryza,1.0
Saachi,1.0
Saada,1.0
Saadia,1.0
Saadiya,1.0
Saadiyah,1.0
Saafia,1.0
Saahithi,1.0
Saahiti,1.0
Saajida,1.0
Saakshi,1.0
Saaliha,1.0
Saalihah,1.0
Saaliyah,1.0
Saamia,1.0
Saamiya,1.0
Saamiyah,1.0
Saamya,1.0
Saana,1.0
Saanchi,1.0
Saani,1.0
Rynnleigh,1.0
Rynnlee,1.0
Rynli,1.0
Rylii,1.0
Ryleah,1.0
Ryleeann,1.0
Ryleeanne,1.0
Ryleeh,1.0
Ryleejo,1.0
Ryleighann,1.0
Rylene,1.0
Rylenn,1.0
Ryli,1.0
Rylieann,1.0
Ryliee,1.0
Ryliegh,1.0
Ryllie,1.0
Rynley,1.0
Rylnn,1.0
Rylynne,1.0
Rym,1.0
Ryma,1.0
Rynda,1.0
Ryneisha,1.0
Rynesha,1.0
Rynette,1.0
Ryniah,1.0
Rynisha,1.0
Rynlee,1.0
Rynleigh,1.0
Saania,1.0
Saaniya,1.0
Rylani,1.0
Saaniyah,1.0
Sabina,1.0
Sabine,1.0
Sabira,1.0
Sabirah,1.0
Sabirin,1.0
Sabiya,1.0
Sabra,1.0
Sabrah,1.0
Sabrea,1.0
Sabreana,1.0
Sabreea,1.0
Sabreen,1.0
Sabreena,1.0
Sabrena,1.0
Sabrenia,1.0
Sabrenna,1.0
Sabreya,1.0
Sabria,1.0
Sabriah,1.0
Sabrian,1.0
Sabriana,1.0
Sabrie,1.0
Sabrielle,1.0
Sabriena,1.0
Sabrin,1.0
Sabrinah,1.0
Sabrinamarie,1.0
Sabiha,1.0
Sabia,1.0
Sabha,1.0
Saavi,1.0
Saanjh,1.0
Saanvi,1.0
Saanvika,1.0
Saanvireddy,1.0
Saanya,1.0
Saaphyri,1.0
Saara,1.0
Saarah,1.0
Saaral,1.0
Saarya,1.0
Saasha,1.0
Saatvika,1.0
Saavya,1.0
Saberina,1.0
Saaya,1.0
Sabah,1.0
Sabarin,1.0
Sabeeha,1.0
Sabeel,1.0
Sabeen,1.0
Sabeena,1.0
Sabel,1.0
Sabela,1.0
Sabella,1.0
Sabelle,1.0
Sabena,1.0
Rylea,1.0
Rylah,1.0
Sakena,1.0
Ruthelma,1.0
Rushelle,1.0
Rushia,1.0
Rushie,1.0
Rushika,1.0
Ruslana,1.0
Russchell,1.0
Russchelle,1.0
Russella,1.0
Russia,1.0
Russie,1.0
Rusti,1.0
Rustie,1.0
Rustina,1.0
Rut,1.0
Ruta,1.0
Rutha,1.0
Ruthalee,1.0
Ruthan,1.0
Ruthann,1.0
Ruthanna,1.0
Ruthanne,1.0
Ruthe,1.0
Ruthee,1.0
Ruthel,1.0
Ruthell,1.0
Ruthella,1.0
Ruthelle,1.0
Rushell,1.0
Rushda,1.0
Rusha,1.0
Runette,1.0
Rumaysa,1.0
Rumaysah,1.0
Rumell,1.0
Rumer,1.0
Rumina,1.0
Rumonda,1.0
Rumor,1.0
Runa,1.0
Rund,1.0
Runda,1.0
Runell,1.0
Runelle,1.0
Ruoxi,1.0
Ruri,1.0
Rupa,1.0
Rupal,1.0
Rupali,1.0
Ruperta,1.0
Rupinder,1.0
Ruqaiya,1.0
Ruqaiyah,1.0
Ruqaya,1.0
Ruqayah,1.0
Ruqayya,1.0
Ruqayyah,1.0
Ruqiya,1.0
Ruthellen,1.0
Ruthena,1.0
Ryla,1.0
Ruthene,1.0
Ryana,1.0
Ryanna,1.0
Ryannah,1.0
Ryanne,1.0
Ryasia,1.0
Rychelle,1.0
Rydia,1.0
Ryeisha,1.0
Ryeitt,1.0
Ryeleigh,1.0
Ryeli,1.0
Ryella,1.0
Ryelyn,1.0
Ryelynn,1.0
Ryenn,1.0
Ryenne,1.0
Ryesha,1.0
Ryhana,1.0
Ryhanna,1.0
Ryia,1.0
Ryiah,1.0
Ryilee,1.0
Ryinn,1.0
Ryka,1.0
Rykia,1.0
Rykki,1.0
Ryklynn,1.0
Ryah,1.0
Rwby,1.0
Rwanda,1.0
Ruthvika,1.0
Ruthetta,1.0
Ruthey,1.0
Ruthi,1.0
Ruthia,1.0
Ruthila,1.0
Ruthine,1.0
Ruthlee,1.0
Ruthlene,1.0
Ruthlynn,1.0
Ruthmae,1.0
Ruthmarie,1.0
Ruthmary,1.0
Ruthy,1.0
Rwan,1.0
Ruthye,1.0
Rutila,1.0
Rutu,1.0
Rutva,1.0
Rutvi,1.0
Ruvi,1.0
Ruwaida,1.0
Ruwayda,1.0
Ruweyda,1.0
Ruya,1.0
Ruzainah,1.0
Ruzanna,1.0
Sabrine,1.0
Sabrinia,1.0
Sabrinna,1.0
Sahvanna,1.0
Sahira,1.0
Sahirah,1.0
Sahiry,1.0
Sahithi,1.0
Sahiti,1.0
Sahitya,1.0
Sahiyah,1.0
Sahla,1.0
Sahmara,1.0
Sahmiya,1.0
Sahmiyah,1.0
Sahmya,1.0
Sahni,1.0
Sahniya,1.0
Sahniyah,1.0
Sahnnon,1.0
Sahnya,1.0
Sahori,1.0
Sahory,1.0
Sahra,1.0
Sahrai,1.0
Sahri,1.0
Sahrish,1.0
Sahriya,1.0
Sahriyah,1.0
Sahron,1.0
Sahrye,1.0
Sahily,1.0
Sahiba,1.0
Sahian,1.0
Sahai,1.0
Safwa,1.0
Safwana,1.0
Saga,1.0
Sagal,1.0
Sagarika,1.0
Sagelyn,1.0
Sagelynn,1.0
Sagine,1.0
Sagrario,1.0
Saha,1.0
Sahaana,1.0
Sahab,1.0
Sahaira,1.0
Saheli,1.0
Sahalie,1.0
Saham,1.0
Sahana,1.0
Sahani,1.0
Sahanna,1.0
Saharah,1.0
Sahari,1.0
Saharra,1.0
Saharrah,1.0
Sahasra,1.0
Sahasrareddy,1.0
Sahasya,1.0
Sahvana,1.0
Sahvannah,1.0
Sabriya,1.0
Sahyra,1.0
Saira,1.0
Sairah,1.0
Sairi,1.0
Sairy,1.0
Saisha,1.0
Saivi,1.0
Saiya,1.0
Saiyori,1.0
Saiyuri,1.0
Saja,1.0
Sajada,1.0
Sajah,1.0
Sajani,1.0
Sajata,1.0
Sajda,1.0
Sajdah,1.0
Sajeda,1.0
Sajida,1.0
Sajidah,1.0
Sajni,1.0
Sakaiya,1.0
Sakara,1.0
Sakaye,1.0
Sakayla,1.0
Sakeena,1.0
Sakeenah,1.0
Sakeithia,1.0
Saiori,1.0
Saiomi,1.0
Saindhavi,1.0
Saije,1.0
Saiah,1.0
Saida,1.0
Saidah,1.0
Saide,1.0
Saidee,1.0
Saidey,1.0
Saidie,1.0
Saidy,1.0
Saiee,1.0
Saiesha,1.0
Saigelynn,1.0
Saija,1.0
Saila,1.0
Sainabou,1.0
Sailah,1.0
Sailani,1.0
Saile,1.0
Sailee,1.0
Sailer,1.0
Sailey,1.0
Saily,1.0
Sailyn,1.0
Saima,1.0
Saimani,1.0
Saimi,1.0
Saina,1.0
Safura,1.0
Safronia,1.0
Safrin,1.0
Safreen,1.0
Sadaf,1.0
Sadako,1.0
Sadame,1.0
Sadan,1.0
Sadara,1.0
Sadaria,1.0
Sadavia,1.0
Sadaya,1.0
Saddie,1.0
Saddiya,1.0
Sadea,1.0
Sadee,1.0
Sadeel,1.0
Sadeem,1.0
Sadeen,1.0
Sadeigh,1.0
Sadeja,1.0
Sadell,1.0
Sadelle,1.0
Sadena,1.0
Saderia,1.0
Sadey,1.0
Sadhana,1.0
Sadhika,1.0
Sadhvi,1.0
Sadia,1.0
Sadiah,1.0
Sadae,1.0
Sadaa,1.0
Sada,1.0
Sachel,1.0
Sabriyah,1.0
Sabriye,1.0
Sabriyya,1.0
Sabriyyah,1.0
Sabryn,1.0
Sabryna,1.0
Sabrynn,1.0
Saby,1.0
Sacajawea,1.0
Sacaria,1.0
Sache,1.0
Sacheen,1.0
Sachelle,1.0
Sacoyia,1.0
Sachet,1.0
Sachi,1.0
Sachie,1.0
Sachika,1.0
Sachiko,1.0
Sachiye,1.0
Sachiyo,1.0
Sacia,1.0
Sacora,1.0
Sacoria,1.0
Sacorya,1.0
Sacoya,1.0
Sadieann,1.0
Sadiee,1.0
Sadiegrace,1.0
Saffron,1.0
Saelor,1.0
Saesha,1.0
Safaa,1.0
Safah,1.0
Safana,1.0
Safeara,1.0
Safeerah,1.0
Safeya,1.0
Saffa,1.0
Saffire,1.0
Saffiya,1.0
Saffiyah,1.0
Safia,1.0
Saela,1.0
Safiah,1.0
Safiatou,1.0
Safina,1.0
Safira,1.0
Safire,1.0
Safiya,1.0
Safiyah,1.0
Safiye,1.0
Safiyo,1.0
Safiyya,1.0
Safiyyah,1.0
Safoora,1.0
Saelah,1.0
Saeko,1.0
Sadiejane,1.0
Sadiyah,1.0
Sadiejo,1.0
Sadielee,1.0
Sadielynn,1.0
Sadiemae,1.0
Sadierose,1.0
Sadiga,1.0
Sadika,1.0
Sadina,1.0
Sadiqa,1.0
Sadiqua,1.0
Sadira,1.0
Sadiya,1.0
Sadiyya,1.0
Saegan,1.0
Sadiyyah,1.0
Sadonia,1.0
Sadonna,1.0
Sadora,1.0
Sady,1.0
Sadye,1.0
Saeda,1.0
Saedee,1.0
Saedi,1.0
Saedie,1.0
Saee,1.0
Saeeda,1.0
Sarafina,1.0
Saragrace,1.0
Saraha,1.0
Serin,1.0
Serel,1.0
Serenah,1.0
Serenaty,1.0
Serendipity,1.0
Serene,1.0
Serenety,1.0
Serenia,1.0
Serenidy,1.0
Serenitee,1.0
Serenitey,1.0
Sereniti,1.0
Serenitie,1.0
Serenityrose,1.0
Serenna,1.0
Serennity,1.0
Serentiy,1.0
Seresa,1.0
Sereta,1.0
Seretha,1.0
Seretta,1.0
Sereyah,1.0
Seri,1.0
Seria,1.0
Seriah,1.0
Seriana,1.0
Serianna,1.0
Serica,1.0
Sereina,1.0
Serein,1.0
Sereia,1.0
Serah,1.0
Sequila,1.0
Sequina,1.0
Sequioa,1.0
Sequita,1.0
Sequoria,1.0
Sequoyia,1.0
Sera,1.0
Serach,1.0
Serae,1.0
Serafima,1.0
Serafina,1.0
Serafine,1.0
Serai,1.0
Sereena,1.0
Seran,1.0
Serana,1.0
Seraphima,1.0
Seraphina,1.0
Seras,1.0
Serat,1.0
Seray,1.0
Seraya,1.0
Serayah,1.0
Sereana,1.0
Sereda,1.0
Sereen,1.0
Seriena,1.0
Serina,1.0
Sequetta,1.0
Serinah,1.0
Sesilia,1.0
Sesily,1.0
Sesina,1.0
Sesley,1.0
Seslie,1.0
Sessily,1.0
Seta,1.0
Setara,1.0
Setareh,1.0
Setayesh,1.0
Seteria,1.0
Setsuko,1.0
Sevaeh,1.0
Sevana,1.0
Sevanah,1.0
Sevani,1.0
Sevanna,1.0
Sevannah,1.0
Sevara,1.0
Sevasti,1.0
Sevda,1.0
Seveah,1.0
Sevena,1.0
Severa,1.0
Severia,1.0
Severina,1.0
Severine,1.0
Sesha,1.0
Sesen,1.0
Sesasi,1.0
Serrah,1.0
Serine,1.0
Seriniti,1.0
Serinity,1.0
Serissa,1.0
Serita,1.0
Seritta,1.0
Seriya,1.0
Seriyah,1.0
Serl,1.0
Serly,1.0
Seroba,1.0
Serra,1.0
Serrena,1.0
Sesalie,1.0
Serrenity,1.0
Serria,1.0
Serriah,1.0
Serrina,1.0
Serrita,1.0
Serriyah,1.0
Sersi,1.0
Sery,1.0
Seryn,1.0
Seryna,1.0
Seryniti,1.0
Serynity,1.0
Sequia,1.0
Sequena,1.0
Sarahann,1.0
Senaiya,1.0
Semara,1.0
Semaria,1.0
Semaya,1.0
Semayah,1.0
Semeka,1.0
Semeko,1.0
Semetria,1.0
Semhal,1.0
Semhar,1.0
Semia,1.0
Semiah,1.0
Semico,1.0
Semika,1.0
Semiko,1.0
Semira,1.0
Semirah,1.0
Semiya,1.0
Semiyah,1.0
Semma,1.0
Semone,1.0
Semora,1.0
Semra,1.0
Semya,1.0
Semyah,1.0
Semyra,1.0
Senada,1.0
Senaida,1.0
Semantha,1.0
Semajah,1.0
Semaiah,1.0
Selinda,1.0
Seleyna,1.0
Seli,1.0
Selia,1.0
Seliah,1.0
Seliana,1.0
Selica,1.0
Selicia,1.0
Selihom,1.0
Selika,1.0
Selima,1.0
Selin,1.0
Selina,1.0
Seline,1.0
Sema,1.0
Selinna,1.0
Selisa,1.0
Selita,1.0
Seliyah,1.0
Sella,1.0
Selphie,1.0
Selva,1.0
Selvi,1.0
Selvia,1.0
Selyn,1.0
Selyna,1.0
Selyse,1.0
Senait,1.0
Senara,1.0
Sequeena,1.0
Senaya,1.0
Senovia,1.0
Sensi,1.0
Senta,1.0
Senteria,1.0
Sentoria,1.0
Senua,1.0
Senya,1.0
Senyah,1.0
Seona,1.0
Seoni,1.0
Seonie,1.0
Seonna,1.0
Seoyeon,1.0
Seoyoon,1.0
Sephanie,1.0
Sephia,1.0
Sephina,1.0
Sephira,1.0
Sephora,1.0
Sephorah,1.0
Sephra,1.0
Sepia,1.0
Sepideh,1.0
Seprina,1.0
September,1.0
Seqouia,1.0
Sequana,1.0
Senorita,1.0
Senorina,1.0
Senoria,1.0
Senia,1.0
Senchal,1.0
Senda,1.0
Sendi,1.0
Sendy,1.0
Seneatha,1.0
Seneka,1.0
Senequa,1.0
Seneque,1.0
Senetra,1.0
Senetria,1.0
Senetta,1.0
Senga,1.0
Seniah,1.0
Senora,1.0
Senida,1.0
Senie,1.0
Senika,1.0
Senikka,1.0
Seniqua,1.0
Senita,1.0
Seniya,1.0
Seniyah,1.0
Senja,1.0
Sennie,1.0
Senobia,1.0
Senona,1.0
Seveya,1.0
Sevgi,1.0
Seviah,1.0
Shailene,1.0
Shahida,1.0
Shahidah,1.0
Shahina,1.0
Shahira,1.0
Shahirah,1.0
Shahla,1.0
Shahna,1.0
Shahnaz,1.0
Shahrazad,1.0
Shahreen,1.0
Shahrzad,1.0
Shahzoda,1.0
Shaian,1.0
Shaiana,1.0
Shaiann,1.0
Shaianna,1.0
Shaianne,1.0
Shaiasia,1.0
Shaida,1.0
Shaiel,1.0
Shaielle,1.0
Shaienne,1.0
Shaikha,1.0
Shaila,1.0
Shailah,1.0
Shailee,1.0
Shaileen,1.0
Shaherah,1.0
Shahera,1.0
Shaheerah,1.0
Shafonda,1.0
Shaelie,1.0
Shaelin,1.0
Shaely,1.0
Shaelyn,1.0
Shaelynn,1.0
Shaelynne,1.0
Shaena,1.0
Shaenna,1.0
Shafeqah,1.0
Shafia,1.0
Shafina,1.0
Shafon,1.0
Shaghayegh,1.0
Shaheedah,1.0
Shaguana,1.0
Shaguanda,1.0
Shaguanna,1.0
Shagun,1.0
Shahada,1.0
Shahadah,1.0
Shahana,1.0
Shahanna,1.0
Shahara,1.0
Shaharra,1.0
Shahd,1.0
Shaheeda,1.0
Shaileigh,1.0
Shailey,1.0
Sevilla,1.0
Shaili,1.0
Shakaria,1.0
Shakarra,1.0
Shakaya,1.0
Shakayia,1.0
Shakayla,1.0
Shakaylah,1.0
Shakea,1.0
Shakeah,1.0
Shakeara,1.0
Shakeba,1.0
Shakeda,1.0
Shakedra,1.0
Shakeeka,1.0
Shakeela,1.0
Shakeelah,1.0
Shakeema,1.0
Shakeemah,1.0
Shakeena,1.0
Shakeenah,1.0
Shakeera,1.0
Shakeerah,1.0
Shakeeta,1.0
Shakeia,1.0
Shakeidra,1.0
Shakeila,1.0
Shakeima,1.0
Shakeira,1.0
Shakara,1.0
Shakana,1.0
Shakalia,1.0
Shainia,1.0
Shailie,1.0
Shailin,1.0
Shailoh,1.0
Shaily,1.0
Shailyn,1.0
Shailynn,1.0
Shailynne,1.0
Shaima,1.0
Shaimaa,1.0
Shainah,1.0
Shaindel,1.0
Shaindy,1.0
Shainna,1.0
Shakala,1.0
Shaira,1.0
Shairon,1.0
Shaisha,1.0
Shaista,1.0
Shaivi,1.0
Shaiya,1.0
Shaiyan,1.0
Shajuana,1.0
Shajuanna,1.0
Shakaila,1.0
Shakaira,1.0
Shakaiya,1.0
Shaeli,1.0
Shaeley,1.0
Shaelene,1.0
Shaelen,1.0
Shabree,1.0
Shabreka,1.0
Shabri,1.0
Shabria,1.0
Shabriana,1.0
Shabrie,1.0
Shabriel,1.0
Shabrika,1.0
Shabrina,1.0
Shabrittany,1.0
Shacara,1.0
Shacari,1.0
Shacaria,1.0
Shacarla,1.0
Shacarra,1.0
Shacarri,1.0
Shachi,1.0
Shacola,1.0
Shacole,1.0
Shaconda,1.0
Shacondra,1.0
Shaconna,1.0
Shacora,1.0
Shacori,1.0
Shacoria,1.0
Shacorra,1.0
Shacourtney,1.0
Shabrea,1.0
Shabre,1.0
Shabnam,1.0
Seymone,1.0
Sevina,1.0
Sevinch,1.0
Sewilla,1.0
Sewit,1.0
Seya,1.0
Seyani,1.0
Seychelle,1.0
Seydi,1.0
Seyla,1.0
Seylah,1.0
Seyli,1.0
Seylin,1.0
Seynabou,1.0
Shabina,1.0
Seyori,1.0
Seyram,1.0
Shaakira,1.0
Shaakirah,1.0
Shaaliyah,1.0
Shaam,1.0
Shaana,1.0
Shaanvi,1.0
Shaaron,1.0
Shaarvi,1.0
Shaasia,1.0
Shabana,1.0
Shacoya,1.0
Shacoyia,1.0
Shada,1.0
Shadonna,1.0
Shadia,1.0
Shadiamon,1.0
Shadiamond,1.0
Shadijah,1.0
Shadimon,1.0
Shadin,1.0
Shadina,1.0
Shadiqua,1.0
Shadira,1.0
Shadiya,1.0
Shadiyah,1.0
Shadona,1.0
Shadora,1.0
Shadestiny,1.0
Shadra,1.0
Shadreka,1.0
Shadricka,1.0
Shadrika,1.0
Shadya,1.0
Shaeann,1.0
Shaela,1.0
Shaelah,1.0
Shaelan,1.0
Shaelea,1.0
Shaelee,1.0
Shaeleigh,1.0
Shadey,1.0
Shaderrica,1.0
Shadae,1.0
Shadasia,1.0
Shadai,1.0
Shadaisha,1.0
Shadaja,1.0
Shadajah,1.0
Shadale,1.0
Shadan,1.0
Shadana,1.0
Shadany,1.0
Shadara,1.0
Shadaria,1.0
Shadarria,1.0
Shadasha,1.0
Shadava,1.0
Shadera,1.0
Shadavia,1.0
Shadawn,1.0
Shaday,1.0
Shadaya,1.0
Shadayah,1.0
Shadday,1.0
Shadea,1.0
Shadeen,1.0
Shadeja,1.0
Shadejah,1.0
Shadel,1.0
Shadena,1.0
Seleya,1.0
Selethia,1.0
Seletha,1.0
Satsuki,1.0
Sashya,1.0
Sasia,1.0
Saskia,1.0
Sassy,1.0
Satanya,1.0
Satara,1.0
Sataria,1.0
Satasha,1.0
Satavia,1.0
Satcha,1.0
Sateria,1.0
Sathvika,1.0
Sati,1.0
Satia,1.0
Satin,1.0
Satina,1.0
Satine,1.0
Satira,1.0
Sativa,1.0
Satoko,1.0
Satomi,1.0
Satonia,1.0
Satonya,1.0
Satoria,1.0
Satouri,1.0
Satoya,1.0
Satrina,1.0
Sashia,1.0
Sashi,1.0
Sashenka,1.0
Saryah,1.0
Sarra,1.0
Sarrah,1.0
Sarri,1.0
Sarriah,1.0
Sarrina,1.0
Sarrinah,1.0
Sarriyah,1.0
Sarsh,1.0
Sarvani,1.0
Sarvi,1.0
Sarvia,1.0
Sarya,1.0
Sarye,1.0
Sasheen,1.0
Saryia,1.0
Saryiah,1.0
Saryn,1.0
Saryna,1.0
Saryniti,1.0
Sarynity,1.0
Sasami,1.0
Sashae,1.0
Sashalee,1.0
Sasharae,1.0
Sashay,1.0
Sashe,1.0
Satsha,1.0
Satsuko,1.0
Savita,1.0
Saturnina,1.0
Savannahlynn,1.0
Savannahmarie,1.0
Savannahrae,1.0
Savannahrose,1.0
Savannha,1.0
Savanni,1.0
Savara,1.0
Savasia,1.0
Savaya,1.0
Savayah,1.0
Savea,1.0
Saveah,1.0
Saveena,1.0
Savena,1.0
Savera,1.0
Saveria,1.0
Saveya,1.0
Saveyah,1.0
Savhanna,1.0
Savhannah,1.0
Savia,1.0
Saviah,1.0
Saviana,1.0
Savianna,1.0
Savilla,1.0
Savina,1.0
Savine,1.0
Savannahjo,1.0
Savannahgrace,1.0
Savannaha,1.0
Saunti,1.0
Satvika,1.0
Satyana,1.0
Satyn,1.0
Satyra,1.0
Sauannah,1.0
Sauda,1.0
Saudah,1.0
Saudi,1.0
Saudia,1.0
Saule,1.0
Sauna,1.0
Saundria,1.0
Saunya,1.0
Savani,1.0
Saura,1.0
Sausha,1.0
Savada,1.0
Savae,1.0
Savaeh,1.0
Savahanna,1.0
Savahna,1.0
Savana,1.0
Savanah,1.0
Savanaha,1.0
Savanh,1.0
Savanha,1.0
Saroya,1.0
Saroun,1.0
Saronda,1.0
Sarne,1.0
Saraji,1.0
Sarajo,1.0
Sarakate,1.0
Sarala,1.0
Saralee,1.0
Saralie,1.0
Saralou,1.0
Saraly,1.0
Saralyn,1.0
Saralynn,1.0
Saramae,1.0
Saramarie,1.0
Saranda,1.0
Sarani,1.0
Sarann,1.0
Saranna,1.0
Saranne,1.0
Saranya,1.0
Saraphina,1.0
Saraphine,1.0
Sararose,1.0
Saraswati,1.0
Sarata,1.0
Saratha,1.0
Saray,1.0
Saraya,1.0
Sarayah,1.0
Sarajean,1.0
Sarajane,1.0
Saraiyah,1.0
Sarahlee,1.0
Sarahanne,1.0
Sarahbella,1.0
Sarahbeth,1.0
Sarahelizabeth,1.0
Sarahgrace,1.0
Sarahi,1.0
Sarahii,1.0
Sarahjane,1.0
Sarahjean,1.0
Sarahjo,1.0
Sarahjoy,1.0
Sarahkate,1.0
Sarahlyn,1.0
Saraiya,1.0
Sarahlynn,1.0
Sarahmae,1.0
Sarahmarie,1.0
Sarahrose,1.0
Sarahy,1.0
Sarahya,1.0
Saraia,1.0
Saraiah,1.0
Saraih,1.0
Saraii,1.0
Saraina,1.0
Sarait,1.0
Saraye,1.0
Sarayu,1.0
Sarda,1.0
Sarilyn,1.0
Saria,1.0
Sariah,1.0
Sariaha,1.0
Sariana,1.0
Sarianna,1.0
Sariaya,1.0
Saribel,1.0
Sarica,1.0
Sarie,1.0
Sariha,1.0
Sarii,1.0
Sarika,1.0
Sarina,1.0
Sarha,1.0
Sarinah,1.0
Sarine,1.0
Sarinity,1.0
Sarinna,1.0
Sarisha,1.0
Sarissa,1.0
Sarit,1.0
Sarita,1.0
Saritha,1.0
Sariya,1.0
Sariyah,1.0
Sariyha,1.0
Sarhiya,1.0
Sarh,1.0
Sarde,1.0
Sarem,1.0
Sare,1.0
Sarea,1.0
Saree,1.0
Sareen,1.0
Sareena,1.0
Sareeta,1.0
Sareign,1.0
Sarela,1.0
Sareli,1.0
Sarell,1.0
Sarelle,1.0
Sarely,1.0
Saren,1.0
Sargun,1.0
Sarena,1.0
Sarene,1.0
Sareniti,1.0
Sarenity,1.0
Sarenna,1.0
Sarepta,1.0
Saresa,1.0
Saretha,1.0
Saretta,1.0
Sareya,1.0
Sareyah,1.0
Sargi,1.0
Saviona,1.0
Savitri,1.0
Seleta,1.0
Seham,1.0
Secundina,1.0
Seda,1.0
Sedalia,1.0
Sedelia,1.0
Sedell,1.0
Sedina,1.0
Sedinam,1.0
Sedna,1.0
Sedney,1.0
Sedona,1.0
Sedonia,1.0
Sedra,1.0
Sedricka,1.0
See,1.0
Seedra,1.0
Seela,1.0
Seema,1.0
Seenaa,1.0
Seerah,1.0
Seerat,1.0
Seerit,1.0
Seeta,1.0
Seetha,1.0
Seeya,1.0
Seferina,1.0
Sefina,1.0
Sefora,1.0
Secunda,1.0
Secret,1.0
Secoya,1.0
Season,1.0
Seanice,1.0
Seaniya,1.0
Seanna,1.0
Seanne,1.0
Seanta,1.0
Seantae,1.0
Seante,1.0
Seara,1.0
Searah,1.0
Searia,1.0
Searra,1.0
Searria,1.0
Seasons,1.0
Secora,1.0
Seba,1.0
Sebastiana,1.0
Sebella,1.0
Sebrena,1.0
Sebrenia,1.0
Sebria,1.0
Sebrina,1.0
Sebrinia,1.0
Secelia,1.0
Secia,1.0
Secilia,1.0
Secily,1.0
Segen,1.0
Sehana,1.0
Savoeun,1.0
Sehar,1.0
Selana,1.0
Selani,1.0
Selaya,1.0
Selayah,1.0
Selba,1.0
Selda,1.0
Seleah,1.0
Seleana,1.0
Selebrity,1.0
Selecia,1.0
Seleen,1.0
Seleena,1.0
Seleina,1.0
Selema,1.0
Selen,1.0
Selenah,1.0
Selenamarie,1.0
Seleni,1.0
Selenia,1.0
Selenie,1.0
Selenna,1.0
Selenne,1.0
Seleny,1.0
Selest,1.0
Seleste,1.0
Selestina,1.0
Selestine,1.0
Selamawit,1.0
Selam,1.0
Selahgrace,1.0
Seini,1.0
Seher,1.0
Sehrish,1.0
Seianna,1.0
Seidi,1.0
Seidina,1.0
Seidy,1.0
Seija,1.0
Seila,1.0
Seilah,1.0
Seily,1.0
Seina,1.0
Seine,1.0
Seinna,1.0
Sela,1.0
Seira,1.0
Seirra,1.0
Seiry,1.0
Seja,1.0
Sejal,1.0
Sejla,1.0
Seka,1.0
Sekayi,1.0
Sekena,1.0
Sekia,1.0
Sekina,1.0
Sekura,1.0
Seanette,1.0
Seaneen,1.0
Seandrea,1.0
Seandra,1.0
Sayeh,1.0
Sayen,1.0
Sayesha,1.0
Sayla,1.0
Saylah,1.0
Saylar,1.0
Saylee,1.0
Saylem,1.0
Sayli,1.0
Saylin,1.0
Saynab,1.0
Sayoko,1.0
Sayona,1.0
Sayonara,1.0
Sayonna,1.0
Sayora,1.0
Sayori,1.0
Sayorii,1.0
Sayouri,1.0
Sayra,1.0
Sayri,1.0
Saysha,1.0
Sayumi,1.0
Sayuri,1.0
Sayward,1.0
Sayyora,1.0
Sbeidy,1.0
Sayeeda,1.0
Sayeda,1.0
Saydie,1.0
Sawdah,1.0
Savona,1.0
Savonia,1.0
Savonna,1.0
Savonnah,1.0
Savonya,1.0
Savreen,1.0
Savvi,1.0
Savvy,1.0
Savy,1.0
Sawana,1.0
Sawanda,1.0
Sawda,1.0
Sawsan,1.0
Saydi,1.0
Saya,1.0
Sayah,1.0
Sayaka,1.0
Sayali,1.0
Sayana,1.0
Sayanna,1.0
Sayara,1.0
Sayat,1.0
Saybree,1.0
Sayda,1.0
Sayde,1.0
Saydee,1.0
Sbrina,1.0
Scarlet,1.0
Scarleth,1.0
Scottee,1.0
Schnell,1.0
Scholastica,1.0
Schrie,1.0
Schrita,1.0
Schronda,1.0
Schwanda,1.0
Schwanna,1.0
Scotia,1.0
Scotlin,1.0
Scotlyn,1.0
Scotlynd,1.0
Scotlynn,1.0
Scottia,1.0
Schmeka,1.0
Scottlyn,1.0
Scottlynd,1.0
Scottlynn,1.0
Scylla,1.0
Seaanna,1.0
Seah,1.0
Seaira,1.0
Seairah,1.0
Seairra,1.0
Seana,1.0
Seanda,1.0
Seandee,1.0
Schmika,1.0
Schlonda,1.0
Scarletrose,1.0
Schantel,1.0
Scarlettann,1.0
Scarlette,1.0
Scarlettrose,1.0
Scarlitt,1.0
Scarlotte,1.0
Scarlytt,1.0
Scarrlett,1.0
Schae,1.0
Schandra,1.0
Schanel,1.0
Schanelle,1.0
Schannon,1.0
Scharlene,1.0
Scheryl,1.0
Scharlotte,1.0
Scharron,1.0
Schavon,1.0
Scheherazade,1.0
Schelby,1.0
Schelle,1.0
Schelley,1.0
Schelly,1.0
Schenita,1.0
Scherri,1.0
Scherrie,1.0
Scherry,1.0
Rumanii,1.0
Rumana,1.0
Ruman,1.0
Renda,1.0
Reminisce,1.0
Remirose,1.0
Remiyah,1.0
Remlee,1.0
Remley,1.0
Remmie,1.0
Remona,1.0
Remonda,1.0
Remonia,1.0
Remonica,1.0
Remya,1.0
Renad,1.0
Renada,1.0
Renaee,1.0
Renah,1.0
Renai,1.0
Renalda,1.0
Renarta,1.0
Renas,1.0
Renasha,1.0
Renasia,1.0
Renate,1.0
Renatha,1.0
Renatta,1.0
Renauda,1.0
Renauta,1.0
Renaya,1.0
Remini,1.0
Remina,1.0
Remilynn,1.0
Remeka,1.0
Relinda,1.0
Rella,1.0
Relma,1.0
Relonda,1.0
Relynn,1.0
Remani,1.0
Remas,1.0
Remaya,1.0
Remedi,1.0
Remedios,1.0
Remee,1.0
Remeigh,1.0
Remel,1.0
Remilyn,1.0
Remelda,1.0
Remell,1.0
Remia,1.0
Remiah,1.0
Remidee,1.0
Remidy,1.0
Remigia,1.0
Remijo,1.0
Remika,1.0
Remilda,1.0
Remilee,1.0
Remilia,1.0
Renaye,1.0
Rendi,1.0
Relia,1.0
Renea,1.0
Reniah,1.0
Renica,1.0
Renice,1.0
Renida,1.0
Reniece,1.0
Reniesha,1.0
Renika,1.0
Renina,1.0
Reniqua,1.0
Renise,1.0
Renisha,1.0
Renita,1.0
Renitha,1.0
Renitia,1.0
Renitta,1.0
Reniya,1.0
Reniyah,1.0
Renlei,1.0
Renleigh,1.0
Renli,1.0
Renlie,1.0
Renna,1.0
Rennae,1.0
Rennala,1.0
Rennata,1.0
Rennee,1.0
Rennetta,1.0
Renia,1.0
Reni,1.0
Renfri,1.0
Renesmae,1.0
Reneasha,1.0
Renecia,1.0
Reneda,1.0
Reneesme,1.0
Reneisha,1.0
Reneka,1.0
Renelda,1.0
Renella,1.0
Renelle,1.0
Rener,1.0
Renesha,1.0
Reneshia,1.0
Renesmay,1.0
Renezmee,1.0
Renesme,1.0
Renesmee,1.0
Renessa,1.0
Renessmae,1.0
Reneta,1.0
Renetha,1.0
Renetia,1.0
Renetta,1.0
Renette,1.0
Renezmae,1.0
Renezmay,1.0
Renezme,1.0
Relina,1.0
Relena,1.0
Rhylie,1.0
Reighlyn,1.0
Reginea,1.0
Reginia,1.0
Reginique,1.0
Reginna,1.0
Regla,1.0
Regna,1.0
Regnia,1.0
Reha,1.0
Rehab,1.0
Reham,1.0
Rehana,1.0
Rehanna,1.0
Rehat,1.0
Rehema,1.0
Rehgan,1.0
Rehma,1.0
Rehtaeh,1.0
Reia,1.0
Reiana,1.0
Reianna,1.0
Reichel,1.0
Reichell,1.0
Reida,1.0
Reigan,1.0
Reigh,1.0
Reigha,1.0
Reighan,1.0
Regine,1.0
Reginamarie,1.0
Reginae,1.0
Regana,1.0
Reesheda,1.0
Reeshemah,1.0
Reesie,1.0
Reet,1.0
Reeta,1.0
Reetal,1.0
Reetha,1.0
Reeti,1.0
Reeva,1.0
Reeya,1.0
Refa,1.0
Refujia,1.0
Regann,1.0
Regin,1.0
Reganne,1.0
Regeana,1.0
Regeina,1.0
Regena,1.0
Regene,1.0
Regenia,1.0
Regenna,1.0
Regetta,1.0
Reggan,1.0
Reggina,1.0
Regginae,1.0
Reghan,1.0
Reighlee,1.0
Reighlynn,1.0
Relda,1.0
Reighna,1.0
Reizy,1.0
Reja,1.0
Rejanae,1.0
Rejane,1.0
Rejeana,1.0
Rejeania,1.0
Rejeanne,1.0
Rejena,1.0
Rejetta,1.0
Rejina,1.0
Rejine,1.0
Rejoice,1.0
Rejoyce,1.0
Reka,1.0
Rekayla,1.0
Rekeisha,1.0
Rekesha,1.0
Rekha,1.0
Rekia,1.0
Rekik,1.0
Rekina,1.0
Rekisha,1.0
Rekita,1.0
Rekiya,1.0
Rekiyah,1.0
Rela,1.0
Relanda,1.0
Reizel,1.0
Reiya,1.0
Reitzy,1.0
Reimi,1.0
Reigna,1.0
Reignah,1.0
Reignbow,1.0
Reignn,1.0
Reika,1.0
Reila,1.0
Reilani,1.0
Reilee,1.0
Reileen,1.0
Reileigh,1.0
Reilyn,1.0
Reilynn,1.0
Reina,1.0
Reitha,1.0
Reinah,1.0
Reinalda,1.0
Reinaliz,1.0
Reine,1.0
Reinette,1.0
Reinna,1.0
Reiny,1.0
Reionna,1.0
Reisa,1.0
Reisha,1.0
Reishell,1.0
Reita,1.0
Rennette,1.0
Renni,1.0
Rennley,1.0
Rhiane,1.0
Rheba,1.0
Rheda,1.0
Rhedyn,1.0
Rheese,1.0
Rheeta,1.0
Rhegan,1.0
Rheia,1.0
Rheign,1.0
Rhelda,1.0
Rhena,1.0
Rhenda,1.0
Rhenlee,1.0
Rhenleigh,1.0
Rhenley,1.0
Rhesa,1.0
Rheta,1.0
Rhetha,1.0
Rhetta,1.0
Rhettleigh,1.0
Rhettlyn,1.0
Rhettlynn,1.0
Rheva,1.0
Rheya,1.0
Rheyanna,1.0
Rheyna,1.0
Rhia,1.0
Rhiana,1.0
Rheata,1.0
Rheanon,1.0
Rheannon,1.0
Rhavyn,1.0
Rhaenyra,1.0
Rhaenys,1.0
Rhaine,1.0
Rhana,1.0
Rhanada,1.0
Rhanda,1.0
Rhandi,1.0
Rhania,1.0
Rhaniya,1.0
Rhaniyah,1.0
Rhapsody,1.0
Rhaven,1.0
Rhawnie,1.0
Rheanne,1.0
Rhaya,1.0
Rhayn,1.0
Rhayna,1.0
Rhayne,1.0
Rheaann,1.0
Rheagan,1.0
Rhealee,1.0
Rhealyn,1.0
Rhealynn,1.0
Rheana,1.0
Rheann,1.0
Rheanna,1.0
Rhianah,1.0
Rhiann,1.0
Renoda,1.0
Rhianna,1.0
Rhondi,1.0
Rhondia,1.0
Rhonesha,1.0
Rhoni,1.0
Rhonisha,1.0
Rhonna,1.0
Rhori,1.0
Rhoslyn,1.0
Rhowyn,1.0
Rhudine,1.0
Rhue,1.0
Rhunette,1.0
Rhya,1.0
Rhyah,1.0
Rhyana,1.0
Rhyane,1.0
Rhyann,1.0
Rhyanna,1.0
Rhyanne,1.0
Rhyannon,1.0
Rhyelle,1.0
Rhyian,1.0
Rhyin,1.0
Rhyla,1.0
Rhylea,1.0
Rhylei,1.0
Rhyleigh,1.0
Rhondda,1.0
Rhondalyn,1.0
Rhond,1.0
Rhionna,1.0
Rhiannah,1.0
Rhiannan,1.0
Rhianne,1.0
Rhiannen,1.0
Rhianon,1.0
Rhiauna,1.0
Rhilee,1.0
Rhileigh,1.0
Rhilyn,1.0
Rhilynn,1.0
Rhina,1.0
Rhinda,1.0
Rhiya,1.0
Rhona,1.0
Rhiyan,1.0
Rhiyana,1.0
Rhiyanna,1.0
Rhnea,1.0
Rhochelle,1.0
Rhodella,1.0
Rhodena,1.0
Rhodesia,1.0
Rhodia,1.0
Rhodonna,1.0
Rhodora,1.0
Rhoena,1.0
Rhaena,1.0
Rhaelynn,1.0
Rhaelyn,1.0
Rhaella,1.0
Reshia,1.0
Reshika,1.0
Reshma,1.0
Reshmi,1.0
Reshonda,1.0
Reshunda,1.0
Resia,1.0
Ressa,1.0
Reta,1.0
Retag,1.0
Retage,1.0
Retaj,1.0
Retal,1.0
Retha,1.0
Rethal,1.0
Rethea,1.0
Rethel,1.0
Rether,1.0
Rethia,1.0
Retia,1.0
Retina,1.0
Retisha,1.0
Retonia,1.0
Retonya,1.0
Retta,1.0
Rettie,1.0
Reubena,1.0
Reshelle,1.0
Reshell,1.0
Resheka,1.0
Requel,1.0
Renona,1.0
Renorda,1.0
Renota,1.0
Renotta,1.0
Renu,1.0
Renuka,1.0
Renya,1.0
Renyah,1.0
Renzi,1.0
Reola,1.0
Reona,1.0
Reonna,1.0
Requita,1.0
Resheena,1.0
Resa,1.0
Resha,1.0
Reshae,1.0
Resham,1.0
Reshana,1.0
Reshanda,1.0
Reshaunda,1.0
Reshawna,1.0
Reshawnda,1.0
Reshay,1.0
Reshea,1.0
Resheda,1.0
Reut,1.0
Revae,1.0
Revathi,1.0
Reynalda,1.0
Reyanna,1.0
Reyanne,1.0
Reyanshi,1.0
Reyelle,1.0
Reyhana,1.0
Reyla,1.0
Reylee,1.0
Reyleigh,1.0
Reylene,1.0
Reylyn,1.0
Reylynn,1.0
Reynah,1.0
Reynaliz,1.0
Reyana,1.0
Reyne,1.0
Reynelda,1.0
Reynell,1.0
Reynna,1.0
Reyona,1.0
Reyonna,1.0
Reyse,1.0
Reyshell,1.0
Reyva,1.0
Reyyan,1.0
Rhae,1.0
Rhaegan,1.0
Reyann,1.0
Reyah,1.0
Revati,1.0
Revia,1.0
Revea,1.0
Reveah,1.0
Reveca,1.0
Revecca,1.0
Reveille,1.0
Revekka,1.0
Revella,1.0
Revelyn,1.0
Revena,1.0
Rever,1.0
Reverie,1.0
Revi,1.0
Revie,1.0
Reya,1.0
Revina,1.0
Revlynn,1.0
Revna,1.0
Revonda,1.0
Rewa,1.0
Rexalynn,1.0
Rexann,1.0
Rexanna,1.0
Rexanne,1.0
Rexene,1.0
Rexine,1.0
Rexlynn,1.0
Reesha,1.0
Reeselynn,1.0
Reeselyn,1.0
Rasheta,1.0
Rashanna,1.0
Rashanti,1.0
Rashara,1.0
Rashauna,1.0
Rashaunda,1.0
Rashaundra,1.0
Rashawna,1.0
Rashawnda,1.0
Rashay,1.0
Rashaya,1.0
Rashayla,1.0
Rasheba,1.0
Rasheda,1.0
Rasheedah,1.0
Rasheedat,1.0
Rasheeka,1.0
Rasheema,1.0
Rasheena,1.0
Rasheeta,1.0
Rasheida,1.0
Rasheika,1.0
Rasheka,1.0
Rashel,1.0
Rashele,1.0
Rashell,1.0
Rashelle,1.0
Rashema,1.0
Rashanique,1.0
Rashandra,1.0
Rashanda,1.0
Raquell,1.0
Raphaela,1.0
Raphaella,1.0
Raphaelle,1.0
Raphtalia,1.0
Rapunzel,1.0
Raqiya,1.0
Raquael,1.0
Raqual,1.0
Raqueal,1.0
Raquela,1.0
Raquele,1.0
Raquelin,1.0
Raquelle,1.0
Rashana,1.0
Raquia,1.0
Raquisha,1.0
Raquita,1.0
Rare,1.0
Rarity,1.0
Raschel,1.0
Raschell,1.0
Raschelle,1.0
Raseel,1.0
Rashada,1.0
Rashae,1.0
Rashael,1.0
Rashena,1.0
Rashetta,1.0
Ravonne,1.0
Rashia,1.0
Rathany,1.0
Ratisha,1.0
Ratonya,1.0
Ratza,1.0
Ratzy,1.0
Rauchelle,1.0
Rauha,1.0
Raunda,1.0
Raushana,1.0
Raushanah,1.0
Rava,1.0
Ravae,1.0
Ravan,1.0
Raveen,1.0
Raveena,1.0
Ravena,1.0
Ravene,1.0
Ravenel,1.0
Ravenell,1.0
Ravenna,1.0
Ravenne,1.0
Ravensimone,1.0
Ravensymone,1.0
Ravien,1.0
Ravina,1.0
Ravine,1.0
Ravleen,1.0
Ratesha,1.0
Rateel,1.0
Ratchel,1.0
Rashona,1.0
Rashidah,1.0
Rashidat,1.0
Rashieda,1.0
Rashieka,1.0
Rashika,1.0
Rashima,1.0
Rashina,1.0
Rashita,1.0
Rashiya,1.0
Rashiyah,1.0
Rashmi,1.0
Rashmika,1.0
Rashonda,1.0
Ratasha,1.0
Rashondra,1.0
Rashonna,1.0
Rashunda,1.0
Rashundra,1.0
Rashya,1.0
Rashyia,1.0
Rasia,1.0
Rasika,1.0
Rasiyah,1.0
Rasleen,1.0
Rasmine,1.0
Rasta,1.0
Ranylah,1.0
Ranyla,1.0
Ranyiah,1.0
Ranyia,1.0
Ramla,1.0
Ramlah,1.0
Ramola,1.0
Ramoncita,1.0
Ramonda,1.0
Ramoni,1.0
Ramonia,1.0
Ramonica,1.0
Ramonita,1.0
Ramora,1.0
Ramsee,1.0
Ramsha,1.0
Ramsie,1.0
Ramya,1.0
Ramyah,1.0
Ramyia,1.0
Ramyiah,1.0
Ramyla,1.0
Ramzie,1.0
Ranaa,1.0
Ranada,1.0
Ranae,1.0
Ranaiya,1.0
Ranajah,1.0
Ranarda,1.0
Ranasia,1.0
Ranata,1.0
Ramiyah,1.0
Ramiya,1.0
Ramisha,1.0
Ramatoulie,1.0
Ralna,1.0
Ralonda,1.0
Ralpha,1.0
Ralphine,1.0
Ralyn,1.0
Ralynn,1.0
Ramada,1.0
Ramanda,1.0
Ramani,1.0
Ramata,1.0
Ramatou,1.0
Ramatoulaye,1.0
Ramatu,1.0
Ramisa,1.0
Ramaya,1.0
Ramayah,1.0
Rameisha,1.0
Rameka,1.0
Ramesha,1.0
Ramia,1.0
Ramiele,1.0
Ramielle,1.0
Ramika,1.0
Ramina,1.0
Ramira,1.0
Ramirah,1.0
Ranay,1.0
Ranaya,1.0
Ranayah,1.0
Ranisha,1.0
Ranette,1.0
Ranezmae,1.0
Ranezmay,1.0
Rania,1.0
Raniah,1.0
Ranie,1.0
Raniesha,1.0
Ranijah,1.0
Ranika,1.0
Ranim,1.0
Raniqua,1.0
Ranique,1.0
Ranita,1.0
Ranessa,1.0
Raniya,1.0
Raniyah,1.0
Raniyha,1.0
Ranjana,1.0
Ranjani,1.0
Ranna,1.0
Rannah,1.0
Ranni,1.0
Ranoda,1.0
Ranota,1.0
Ranya,1.0
Ranyah,1.0
Ranetta,1.0
Ranesmae,1.0
Ranaye,1.0
Randine,1.0
Randa,1.0
Randalle,1.0
Randalyn,1.0
Randalynn,1.0
Randeen,1.0
Randeisha,1.0
Randelle,1.0
Randene,1.0
Randesha,1.0
Randilee,1.0
Randilyn,1.0
Randilynn,1.0
Randisha,1.0
Raneshia,1.0
Randolyn,1.0
Randye,1.0
Ranea,1.0
Ranecia,1.0
Ranee,1.0
Raneem,1.0
Raneen,1.0
Raneesha,1.0
Raneisha,1.0
Raneka,1.0
Ranelle,1.0
Ranesha,1.0
Ravonda,1.0
Ravya,1.0
Reesa,1.0
Rebcca,1.0
Ream,1.0
Rean,1.0
Reana,1.0
Reanda,1.0
Reanee,1.0
Reaner,1.0
Reanetta,1.0
Reann,1.0
Reanna,1.0
Reannah,1.0
Reannan,1.0
Reanne,1.0
Reannen,1.0
Reannon,1.0
Reasia,1.0
Reata,1.0
Reatha,1.0
Reatta,1.0
Reauna,1.0
Reaven,1.0
Reaver,1.0
Reazyn,1.0
Rebacca,1.0
Rebakah,1.0
Rebba,1.0
Rebbeca,1.0
Rebbecca,1.0
Realynn,1.0
Realyn,1.0
Reality,1.0
Rbecca,1.0
Razaan,1.0
Razan,1.0
Razaria,1.0
Razariah,1.0
Razel,1.0
Razhane,1.0
Razia,1.0
Raziah,1.0
Raziela,1.0
Raziella,1.0
Raziya,1.0
Raziyah,1.0
Rchel,1.0
Reaiah,1.0
Reachel,1.0
Reada,1.0
Readie,1.0
Reagann,1.0
Reaganne,1.0
Reaghan,1.0
Reagin,1.0
Reagon,1.0
Reagyn,1.0
Reah,1.0
Reahanna,1.0
Reahna,1.0
Rebbie,1.0
Rebe,1.0
Ravynn,1.0
Rebecaa,1.0
Rechetta,1.0
Rechy,1.0
Recia,1.0
Recina,1.0
Redena,1.0
Redia,1.0
Rediet,1.0
Redina,1.0
Redith,1.0
Redonda,1.0
Redonna,1.0
Reeana,1.0
Reeanna,1.0
Reeba,1.0
Reeca,1.0
Reeda,1.0
Reeghan,1.0
Reeham,1.0
Reejh,1.0
Reel,1.0
Reem,1.0
Reema,1.0
Reeman,1.0
Reemas,1.0
Reena,1.0
Reene,1.0
Reenie,1.0
Rechelle,1.0
Rechell,1.0
Rechele,1.0
Rebekka,1.0
Rebecah,1.0
Rebecc,1.0
Rebeccaann,1.0
Rebeccah,1.0
Rebeccajo,1.0
Rebeccalynn,1.0
Rebecka,1.0
Rebeckah,1.0
Rebecker,1.0
Rebeka,1.0
Rebekan,1.0
Rebekha,1.0
Rebekkah,1.0
Rechel,1.0
Rebella,1.0
Rebelle,1.0
Reber,1.0
Reberta,1.0
Rebertha,1.0
Rebia,1.0
Rebie,1.0
Reble,1.0
Reby,1.0
Rebyl,1.0
Reca,1.0
Rececca,1.0
Rayzel,1.0
Rayza,1.0
Rayyona,1.0
Rayyana,1.0
Rayelynn,1.0
Rayetta,1.0
Rayette,1.0
Raygene,1.0
Raygina,1.0
Raygine,1.0
Rayha,1.0
Rayhana,1.0
Rayhanna,1.0
Rayhona,1.0
Rayia,1.0
Rayiah,1.0
Rayiona,1.0
Rayisha,1.0
Rayjanae,1.0
Rayjean,1.0
Rayla,1.0
Raylah,1.0
Raylani,1.0
Raylea,1.0
Rayleah,1.0
Raylean,1.0
Rayleen,1.0
Rayleena,1.0
Raylei,1.0
Raylena,1.0
Raylene,1.0
Rayelyn,1.0
Rayelle,1.0
Rayella,1.0
Rayannah,1.0
Rawa,1.0
Rawaa,1.0
Rawda,1.0
Rawdah,1.0
Rawnie,1.0
Raya,1.0
Rayaa,1.0
Rayah,1.0
Rayahna,1.0
Rayana,1.0
Rayanah,1.0
Rayanna,1.0
Rayanne,1.0
Rayegan,1.0
Rayauna,1.0
Raychael,1.0
Raychel,1.0
Raychele,1.0
Raychell,1.0
Raychelle,1.0
Raycine,1.0
Rayda,1.0
Raydene,1.0
Rayea,1.0
Rayeann,1.0
Rayeanna,1.0
Raylenn,1.0
Rayley,1.0
Raylie,1.0
Rayonna,1.0
Raynisha,1.0
Raynita,1.0
Rayniya,1.0
Rayniyah,1.0
Raynn,1.0
Raynna,1.0
Raynne,1.0
Rayola,1.0
Rayona,1.0
Rayonah,1.0
Rayonda,1.0
Rayonia,1.0
Raysa,1.0
Raynika,1.0
Raysha,1.0
Rayshawna,1.0
Rayshawnda,1.0
Rayshell,1.0
Rayshelle,1.0
Rayshonda,1.0
Rayssa,1.0
Rayva,1.0
Rayvan,1.0
Rayvn,1.0
Rayvyn,1.0
Rayya,1.0
Raynique,1.0
Raynie,1.0
Raylina,1.0
Raymoni,1.0
Raylinn,1.0
Rayln,1.0
Raylnn,1.0
Raylynne,1.0
Rayma,1.0
Raymah,1.0
Raymelle,1.0
Raymesha,1.0
Raymiah,1.0
Raymona,1.0
Raymonda,1.0
Raymonde,1.0
Raymunda,1.0
Rayniah,1.0
Rayna,1.0
Raynae,1.0
Raynah,1.0
Raynee,1.0
Rayneisha,1.0
Raynelle,1.0
Raynesha,1.0
Rayneshia,1.0
Raynetta,1.0
Raynette,1.0
Rayni,1.0
Raynia,1.0
Rhyli,1.0
Rhylinn,1.0
Rumalda,1.0
Rosena,1.0
Roselene,1.0
Roseli,1.0
Roselia,1.0
Roselie,1.0
Roselin,1.0
Roselina,1.0
Roselind,1.0
Roselinda,1.0
Roseline,1.0
Rosellar,1.0
Roselle,1.0
Rosellen,1.0
Rosellie,1.0
Roselma,1.0
Rosely,1.0
Roselyn,1.0
Roselyne,1.0
Roselynn,1.0
Roselynne,1.0
Rosemae,1.0
Rosemaire,1.0
Rosemari,1.0
Rosemaria,1.0
Rosemarry,1.0
Rosemay,1.0
Rosemery,1.0
Rosemina,1.0
Roselena,1.0
Roseleigh,1.0
Roseleen,1.0
Roseann,1.0
Roschelle,1.0
Rosea,1.0
Roseabella,1.0
Rosealee,1.0
Rosealeigh,1.0
Rosealie,1.0
Rosealina,1.0
Rosealine,1.0
Rosealyn,1.0
Rosealynn,1.0
Roseana,1.0
Roseangela,1.0
Roseanna,1.0
Roselee,1.0
Roseanne,1.0
Rosebell,1.0
Rosebella,1.0
Rosebelle,1.0
Rosebud,1.0
Roseellen,1.0
Rosel,1.0
Rosela,1.0
Roseland,1.0
Roselani,1.0
Roselea,1.0
Roselean,1.0
Rosemma,1.0
Rosenda,1.0
Rosaysela,1.0
Rosene,1.0
Roshelle,1.0
Roshena,1.0
Roshida,1.0
Roshika,1.0
Roshina,1.0
Roshini,1.0
Roshna,1.0
Roshni,1.0
Roshonda,1.0
Roshondra,1.0
Roshonna,1.0
Roshunda,1.0
Roshundra,1.0
Rosi,1.0
Rosia,1.0
Rosibel,1.0
Rosicela,1.0
Rosielee,1.0
Rosietta,1.0
Rosiland,1.0
Rosilda,1.0
Rosilee,1.0
Rosilind,1.0
Rosilyn,1.0
Rosilynn,1.0
Rosina,1.0
Rosine,1.0
Rosheka,1.0
Rosheena,1.0
Rosheda,1.0
Rosezetta,1.0
Rosenell,1.0
Rosenia,1.0
Rosenna,1.0
Roser,1.0
Rosette,1.0
Rosetter,1.0
Rosettia,1.0
Rosey,1.0
Rosezanna,1.0
Rosezell,1.0
Rosezella,1.0
Rosezena,1.0
Rosezina,1.0
Roshea,1.0
Rosha,1.0
Roshae,1.0
Roshana,1.0
Roshanda,1.0
Roshandra,1.0
Roshani,1.0
Roshanna,1.0
Roshanta,1.0
Roshaunda,1.0
Roshawna,1.0
Roshawnda,1.0
Roshay,1.0
Roschell,1.0
Rosaya,1.0
Rhylyn,1.0
Rosala,1.0
Ronnita,1.0
Ronniya,1.0
Ronshay,1.0
Rontasia,1.0
Rontavia,1.0
Ronya,1.0
Ronyae,1.0
Ronza,1.0
Rooh,1.0
Roohi,1.0
Roop,1.0
Roopa,1.0
Roopal,1.0
Roqaya,1.0
Roquel,1.0
Rora,1.0
Roree,1.0
Rorrie,1.0
Rosaangelica,1.0
Rosabel,1.0
Rosabell,1.0
Rosabella,1.0
Rosabelle,1.0
Rosaelena,1.0
Rosaelia,1.0
Rosaicela,1.0
Rosaida,1.0
Ronnisha,1.0
Ronnika,1.0
Ronniesha,1.0
Ronnda,1.0
Ronishia,1.0
Ronisue,1.0
Ronita,1.0
Roniya,1.0
Roniyah,1.0
Ronja,1.0
Ronke,1.0
Ronna,1.0
Ronnae,1.0
Ronnah,1.0
Ronnasia,1.0
Ronnay,1.0
Ronnee,1.0
Ronniece,1.0
Ronneisha,1.0
Ronneka,1.0
Ronnella,1.0
Ronnesha,1.0
Ronneshia,1.0
Ronnet,1.0
Ronnett,1.0
Ronnetta,1.0
Ronnette,1.0
Ronnia,1.0
Ronnica,1.0
Ronnice,1.0
Rosaisela,1.0
Rosaland,1.0
Rosaura,1.0
Rosalba,1.0
Rosalyn,1.0
Rosalyna,1.0
Rosalynd,1.0
Rosalynda,1.0
Rosalyne,1.0
Rosalynn,1.0
Rosalynne,1.0
Rosamae,1.0
Rosamaria,1.0
Rosamarie,1.0
Rosamary,1.0
Rosamay,1.0
Rosamonde,1.0
Rosamund,1.0
Rosan,1.0
Rosana,1.0
Rosandra,1.0
Rosane,1.0
Rosanell,1.0
Rosangel,1.0
Rosangela,1.0
Rosangelica,1.0
Rosann,1.0
Rosanny,1.0
Rosaria,1.0
Rosarie,1.0
Rosary,1.0
Rosaly,1.0
Rosalva,1.0
Rosaluna,1.0
Rosaleta,1.0
Rosale,1.0
Rosalea,1.0
Rosaleah,1.0
Rosalean,1.0
Rosalee,1.0
Rosaleen,1.0
Rosaleena,1.0
Rosalei,1.0
Rosaleia,1.0
Rosaleigh,1.0
Rosalena,1.0
Rosalene,1.0
Rosaley,1.0
Rosalua,1.0
Rosali,1.0
Rosalia,1.0
Rosaliah,1.0
Rosalin,1.0
Rosalina,1.0
Rosalind,1.0
Rosalinde,1.0
Rosaline,1.0
Rosalita,1.0
Rosaliyah,1.0
Rosaliz,1.0
Rosalla,1.0
Rosisela,1.0
Rosita,1.0
Rositta,1.0
Rubymae,1.0
Rubab,1.0
Rubani,1.0
Rubbie,1.0
Rubby,1.0
Rubee,1.0
Rubell,1.0
Rubelle,1.0
Rubena,1.0
Rubenia,1.0
Ruberta,1.0
Rubey,1.0
Rubia,1.0
Rubiana,1.0
Rubianna,1.0
Rubicela,1.0
Rubicelia,1.0
Rubii,1.0
Rubina,1.0
Rubisela,1.0
Rubit,1.0
Rubith,1.0
Rubyann,1.0
Rubyanne,1.0
Rubye,1.0
Rubyjane,1.0
Rubyjean,1.0
Rubylee,1.0
Rubaani,1.0
Ruba,1.0
Ruanshi,1.0
Roziya,1.0
Rozelyn,1.0
Rozelynn,1.0
Rozena,1.0
Rozenia,1.0
Rozeta,1.0
Rozetta,1.0
Rozia,1.0
Rozie,1.0
Rozilyn,1.0
Rozina,1.0
Rozine,1.0
Rozita,1.0
Roziyah,1.0
Ruann,1.0
Rozlin,1.0
Rozlyn,1.0
Rozlynn,1.0
Rozyn,1.0
Rozzi,1.0
Rozzie,1.0
Rozzlyn,1.0
Rreanna,1.0
Rreon,1.0
Ru,1.0
Rua,1.0
Ruaa,1.0
Rubylynn,1.0
Rubyrae,1.0
Rosland,1.0
Rubyrose,1.0
Rugiatu,1.0
Ruh,1.0
Ruha,1.0
Ruhaani,1.0
Ruhama,1.0
Ruhamah,1.0
Ruhana,1.0
Ruhani,1.0
Ruhee,1.0
Ruhi,1.0
Ruhika,1.0
Ruie,1.0
Ruiqi,1.0
Ruixi,1.0
Rujuta,1.0
Rukaiya,1.0
Rukaiyah,1.0
Rukaya,1.0
Rukayat,1.0
Rukhsana,1.0
Rukhsar,1.0
Rukia,1.0
Rukiya,1.0
Rukmini,1.0
Rula,1.0
Rumaan,1.0
Rumaisa,1.0
Rugenia,1.0
Rugayyah,1.0
Rufta,1.0
Rudaina,1.0
Rubystine,1.0
Ruca,1.0
Rucha,1.0
Ruchama,1.0
Ruchel,1.0
Ruchelle,1.0
Ruchi,1.0
Ruchie,1.0
Ruchika,1.0
Ruchita,1.0
Ruchoma,1.0
Ruchy,1.0
Rudean,1.0
Rufina,1.0
Rudee,1.0
Rudeen,1.0
Rudelle,1.0
Rudene,1.0
Rudhvika,1.0
Rudine,1.0
Ruella,1.0
Ruelle,1.0
Ruemani,1.0
Ruenell,1.0
Rufaida,1.0
Rufaidah,1.0
Rozellia,1.0
Rozella,1.0
Rozelia,1.0
Roze,1.0
Rotasha,1.0
Rotisha,1.0
Rotonda,1.0
Rotonia,1.0
Rotonya,1.0
Rotunda,1.0
Roua,1.0
Rouchelle,1.0
Rougui,1.0
Rouguiatou,1.0
Rouh,1.0
Roula,1.0
Roulette,1.0
Rous,1.0
Rouse,1.0
Rousey,1.0
Rouss,1.0
Rousse,1.0
Rovella,1.0
Rovena,1.0
Rovenia,1.0
Roverta,1.0
Rovie,1.0
Rovilla,1.0
Rovina,1.0
Row,1.0
Rowana,1.0
Roszetta,1.0
Roszella,1.0
Rosyln,1.0
Rossalyn,1.0
Roslie,1.0
Roslin,1.0
Roslind,1.0
Roslynn,1.0
Rosmarie,1.0
Rosmary,1.0
Rosmely,1.0
Rosmeri,1.0
Rosmery,1.0
Rosolyn,1.0
Rosonda,1.0
Rossalind,1.0
Rossana,1.0
Rosylin,1.0
Rossanna,1.0
Rosse,1.0
Rosselin,1.0
Rossella,1.0
Rosselyn,1.0
Rossetta,1.0
Rossibell,1.0
Rosslyn,1.0
Rosslynn,1.0
Rossmary,1.0
Rossy,1.0
Rosy,1.0
Rowann,1.0
Rowdi,1.0
Rowena,1.0
Rozalee,1.0
Royalynn,1.0
Royann,1.0
Royanna,1.0
Royanne,1.0
Royelle,1.0
Royesha,1.0
Royetta,1.0
Roylene,1.0
Roylynn,1.0
Roynesha,1.0
Roz,1.0
Roza,1.0
Rozalia,1.0
Royaltie,1.0
Rozalie,1.0
Rozalin,1.0
Rozalind,1.0
Rozalyn,1.0
Rozalynn,1.0
Rozan,1.0
Rozana,1.0
Rozann,1.0
Rozanna,1.0
Rozanne,1.0
Rozaria,1.0
Rozaya,1.0
Royaltii,1.0
Royalti,1.0
Rowene,1.0
Roxianne,1.0
Rowenna,1.0
Rowrenia,1.0
Roxa,1.0
Roxan,1.0
Roxane,1.0
Roxann,1.0
Roxeann,1.0
Roxeanne,1.0
Roxene,1.0
Roxette,1.0
Roxey,1.0
Roxi,1.0
Roxii,1.0
Royaltee,1.0
Roxine,1.0
Roxsana,1.0
Roxsand,1.0
Roxsanne,1.0
Roxxane,1.0
Roxxanne,1.0
Roxxi,1.0
Roya,1.0
Royalene,1.0
Royality,1.0
Royalle,1.0
Royalte,1.0
Ronisha,1.0
Ronise,1.0
Roniqua,1.0
Riniyah,1.0
Rileyrose,1.0
Rilie,1.0
Riliegh,1.0
Rilla,1.0
Rillia,1.0
Rillie,1.0
Rilma,1.0
Riloh,1.0
Rilya,1.0
Rilynne,1.0
Rim,1.0
Rima,1.0
Rimi,1.0
Rimna,1.0
Rimsha,1.0
Rimya,1.0
Rina,1.0
Rinad,1.0
Rinah,1.0
Rinata,1.0
Rinda,1.0
Rindi,1.0
Rindy,1.0
Rinesa,1.0
Rinesha,1.0
Rinette,1.0
Rini,1.0
Rileyrae,1.0
Rileyn,1.0
Rileymae,1.0
Rikkie,1.0
Rikesha,1.0
Riketa,1.0
Rikhia,1.0
Rikia,1.0
Rikiah,1.0
Rikisha,1.0
Rikita,1.0
Rikiya,1.0
Rikiyah,1.0
Rikka,1.0
Rikke,1.0
Rikkia,1.0
Rikkilee,1.0
Rileyjo,1.0
Rikkilynn,1.0
Rikkita,1.0
Rikku,1.0
Rikya,1.0
Rikyah,1.0
Rilah,1.0
Rilda,1.0
Rilea,1.0
Rileah,1.0
Rileyann,1.0
Rileyanne,1.0
Rileygrace,1.0
Riniya,1.0
Rinka,1.0
Riuka,1.0
Rinlee,1.0
Ritaann,1.0
Ritage,1.0
Ritaj,1.0
Rital,1.0
Ritamae,1.0
Ritamarie,1.0
Ritanya,1.0
Ritha,1.0
Rithanya,1.0
Rithi,1.0
Rithika,1.0
Rithu,1.0
Rithvi,1.0
Rithvika,1.0
Riti,1.0
Ritika,1.0
Ritisha,1.0
Ritney,1.0
Ritsuko,1.0
Ritta,1.0
Rittal,1.0
Rittany,1.0
Rittie,1.0
Rittney,1.0
Ritu,1.0
Ritvi,1.0
Ritvika,1.0
Ristina,1.0
Ristin,1.0
Risten,1.0
Riqui,1.0
Rinleigh,1.0
Rinn,1.0
Rinna,1.0
Rinnah,1.0
Rinoa,1.0
Rinya,1.0
Rinyah,1.0
Riona,1.0
Rionna,1.0
Ripleigh,1.0
Ripsi,1.0
Riquel,1.0
Risa,1.0
Rissy,1.0
Risako,1.0
Rischel,1.0
Risha,1.0
Rishika,1.0
Rishima,1.0
Rishita,1.0
Rishitha,1.0
Rishona,1.0
Rishvi,1.0
Rishy,1.0
Rissa,1.0
Rissie,1.0
Rikeisha,1.0
Rikayla,1.0
Rikako,1.0
Rika,1.0
Richana,1.0
Richanda,1.0
Richara,1.0
Richarda,1.0
Richardean,1.0
Richardine,1.0
Richel,1.0
Richele,1.0
Richell,1.0
Richella,1.0
Richelle,1.0
Richenda,1.0
Richetta,1.0
Richette,1.0
Richia,1.0
Richlyn,1.0
Richlynn,1.0
Rici,1.0
Ricia,1.0
Ricka,1.0
Rickayla,1.0
Rickea,1.0
Rickeeta,1.0
Rickeisha,1.0
Rickel,1.0
Rickell,1.0
Rickelle,1.0
Richael,1.0
Richae,1.0
Richa,1.0
Rianna,1.0
Rhylynn,1.0
Rhyn,1.0
Rhynn,1.0
Ria,1.0
Riahanna,1.0
Riahna,1.0
Riahnna,1.0
Rialey,1.0
Riana,1.0
Rianah,1.0
Riani,1.0
Riann,1.0
Riannah,1.0
Ricca,1.0
Rianne,1.0
Riannon,1.0
Rianny,1.0
Rianon,1.0
Rianshi,1.0
Rias,1.0
Riata,1.0
Riayn,1.0
Rica,1.0
Ricarda,1.0
Ricaria,1.0
Ricayla,1.0
Rickesha,1.0
Rickeshia,1.0
Ricketa,1.0
Rifka,1.0
Riella,1.0
Rielle,1.0
Rielley,1.0
Rielynn,1.0
Riena,1.0
Rienna,1.0
Rienne,1.0
Riesa,1.0
Riesha,1.0
Rieta,1.0
Rietta,1.0
Rifa,1.0
Rifky,1.0
Rielee,1.0
Righley,1.0
Rigina,1.0
Riha,1.0
Rihab,1.0
Riham,1.0
Rihana,1.0
Rihannah,1.0
Riho,1.0
Rihonna,1.0
Riina,1.0
Rija,1.0
Rijja,1.0
Rieleigh,1.0
Rieanna,1.0
Ricketta,1.0
Rickyia,1.0
Rickeya,1.0
Rickia,1.0
Rickiah,1.0
Rickiesha,1.0
Rickira,1.0
Rickisha,1.0
Rickita,1.0
Rickiya,1.0
Rickiyah,1.0
Rickki,1.0
Rickya,1.0
Rickyah,1.0
Ricole,1.0
Rie,1.0
Ricquel,1.0
Ricquita,1.0
Rictoria,1.0
Ridah,1.0
Riddhi,1.0
Riddhima,1.0
Ridhi,1.0
Ridhika,1.0
Ridhima,1.0
Ridhira,1.0
Ridlee,1.0
Ridleigh,1.0
Ritzy,1.0
Riva,1.0
Ronika,1.0
Rometta,1.0
Rolande,1.0
Rolayne,1.0
Rolena,1.0
Rolene,1.0
Rolinda,1.0
Roline,1.0
Rolisha,1.0
Rollande,1.0
Rollene,1.0
Rolonda,1.0
Rolunda,1.0
Rolynn,1.0
Romaisa,1.0
Romalda,1.0
Romana,1.0
Romanda,1.0
Romania,1.0
Romanita,1.0
Romeesa,1.0
Romeisha,1.0
Romeka,1.0
Romelda,1.0
Romeli,1.0
Romelia,1.0
Romella,1.0
Romely,1.0
Romesha,1.0
Rolaine,1.0
Rola,1.0
Roksolana,1.0
Roisin,1.0
Rogenia,1.0
Rogina,1.0
Roha,1.0
Rohana,1.0
Rohanna,1.0
Rohini,1.0
Rohma,1.0
Rohnda,1.0
Roiann,1.0
Roianne,1.0
Roine,1.0
Roise,1.0
Roiza,1.0
Roksana,1.0
Roizy,1.0
Rojean,1.0
Rokaya,1.0
Rokeisha,1.0
Rokesha,1.0
Rokeshia,1.0
Rokeya,1.0
Rokhaya,1.0
Rokia,1.0
Rokiatou,1.0
Rokisha,1.0
Rokiya,1.0
Romeshia,1.0
Romia,1.0
Rivee,1.0
Romiah,1.0
Rondee,1.0
Rondella,1.0
Rondia,1.0
Ronea,1.0
Ronecia,1.0
Ronee,1.0
Roneesha,1.0
Roneika,1.0
Roneisha,1.0
Roneka,1.0
Ronekia,1.0
Ronelda,1.0
Ronella,1.0
Ronesha,1.0
Roneshia,1.0
Ronesia,1.0
Ronessa,1.0
Ronetta,1.0
Ronette,1.0
Ronia,1.0
Roniah,1.0
Ronica,1.0
Ronice,1.0
Ronicia,1.0
Ronicka,1.0
Roniece,1.0
Roniesha,1.0
Rondalyn,1.0
Rondallyn,1.0
Ronaya,1.0
Romonia,1.0
Romika,1.0
Romila,1.0
Romilda,1.0
Romilly,1.0
Romina,1.0
Rominna,1.0
Romita,1.0
Romiya,1.0
Romiyah,1.0
Romola,1.0
Romona,1.0
Romonda,1.0
Romonica,1.0
Ronata,1.0
Romunda,1.0
Romya,1.0
Romyna,1.0
Rona,1.0
Ronada,1.0
Ronae,1.0
Ronaele,1.0
Ronalda,1.0
Ronalee,1.0
Ronalie,1.0
Ronalyn,1.0
Ronasia,1.0
Rogena,1.0
Rogelia,1.0
Roewyn,1.0
Roetta,1.0
Riyonna,1.0
Riza,1.0
Rize,1.0
Rizelle,1.0
Riziki,1.0
Rizwana,1.0
Rizza,1.0
Rmonie,1.0
Roaa,1.0
Roah,1.0
Roann,1.0
Roanna,1.0
Roanne,1.0
Roarie,1.0
Roba,1.0
Robann,1.0
Robbye,1.0
Robbyn,1.0
Robecca,1.0
Robena,1.0
Robenia,1.0
Robertha,1.0
Robertia,1.0
Robertina,1.0
Robertine,1.0
Robertta,1.0
Robette,1.0
Riylee,1.0
Riyen,1.0
Riyasha,1.0
Rivka,1.0
Rivera,1.0
Riverlee,1.0
Riverleigh,1.0
Riverlin,1.0
Riverly,1.0
Riverlyn,1.0
Riverlynn,1.0
Riverlynne,1.0
Riverrose,1.0
Rivia,1.0
Rivie,1.0
Riviera,1.0
Rivkah,1.0
Riyaq,1.0
Rivki,1.0
Rivky,1.0
Rivy,1.0
Rivyn,1.0
Rivyr,1.0
Riya,1.0
Riyah,1.0
Riyana,1.0
Riyann,1.0
Riyanna,1.0
Riyanshi,1.0
Riyansika,1.0
Robia,1.0
Robina,1.0
Robinann,1.0
Rodneysha,1.0
Roderica,1.0
Rodericka,1.0
Rodessa,1.0
Rodina,1.0
Rodjanae,1.0
Rodna,1.0
Rodnecia,1.0
Rodneisha,1.0
Rodneka,1.0
Rodnesha,1.0
Rodneshia,1.0
Rodnesia,1.0
Rodnika,1.0
Rodella,1.0
Rodnisha,1.0
Rodonna,1.0
Rodrianna,1.0
Rodrica,1.0
Rodricka,1.0
Rodrika,1.0
Roeberta,1.0
Roechelle,1.0
Roena,1.0
Roene,1.0
Roenia,1.0
Roesha,1.0
Rodena,1.0
Rodaisha,1.0
Robine,1.0
Rochan,1.0
Robinetta,1.0
Robinette,1.0
Robinique,1.0
Robinn,1.0
Robiya,1.0
Roblyn,1.0
Robyne,1.0
Robynn,1.0
Robynne,1.0
Rocelia,1.0
Rocelin,1.0
Rocelyn,1.0
Rochanda,1.0
Rodaina,1.0
Rocheal,1.0
Rochel,1.0
Rochele,1.0
Rochella,1.0
Rochelly,1.0
Rochely,1.0
Rockell,1.0
Rockelle,1.0
Rocklynn,1.0
Rocquel,1.0
Rocsi,1.0
Roda,1.0
Shakeisha,1.0
Shakeita,1.0
Shakeitha,1.0
Skieler,1.0
Sivana,1.0
Sivani,1.0
Sivi,1.0
Siwar,1.0
Sixta,1.0
Siya,1.0
Siyaa,1.0
Siyana,1.0
Siyani,1.0
Siyanna,1.0
Siyanni,1.0
Siyara,1.0
Siylah,1.0
Siyona,1.0
Siyu,1.0
Siyuri,1.0
Sjana,1.0
Skadi,1.0
Skaii,1.0
Skailar,1.0
Skailyn,1.0
Skailynn,1.0
Skarlet,1.0
Skarleth,1.0
Skarlett,1.0
Skarlette,1.0
Skarlit,1.0
Sitra,1.0
Sitora,1.0
Sitlaly,1.0
Sisira,1.0
Sirinity,1.0
Sirita,1.0
Siriya,1.0
Siriyah,1.0
Sirkka,1.0
Sirley,1.0
Sirrah,1.0
Sirrenity,1.0
Siryah,1.0
Sisa,1.0
Sisi,1.0
Sisilia,1.0
Sisley,1.0
Sitlali,1.0
Sismai,1.0
Sissi,1.0
Sissie,1.0
Sissy,1.0
Sista,1.0
Sister,1.0
Sistine,1.0
Sita,1.0
Sitara,1.0
Sitey,1.0
Sithara,1.0
Siti,1.0
Skie,1.0
Skielynn,1.0
Sirina,1.0
Skii,1.0
Skylann,1.0
Skylark,1.0
Skylarmarie,1.0
Skylarose,1.0
Skylarr,1.0
Skylarrae,1.0
Skylarrose,1.0
Skyle,1.0
Skylea,1.0
Skylee,1.0
Skyleen,1.0
Skylei,1.0
Skyleigh,1.0
Skylene,1.0
Skylett,1.0
Skylette,1.0
Skyley,1.0
Skyli,1.0
Skylia,1.0
Skylie,1.0
Skylinn,1.0
Skylir,1.0
Skylit,1.0
Skylla,1.0
Skyllar,1.0
Skyly,1.0
Skylyn,1.0
Skylani,1.0
Skylair,1.0
Skylah,1.0
Skyanna,1.0
Skiilar,1.0
Skila,1.0
Skilah,1.0
Skilee,1.0
Skiley,1.0
Skilyn,1.0
Skilynn,1.0
Skky,1.0
Skya,1.0
Skyah,1.0
Skyana,1.0
Skyann,1.0
Skyanne,1.0
Skylaar,1.0
Skyasia,1.0
Skyee,1.0
Skyela,1.0
Skyelee,1.0
Skyelin,1.0
Skyelyn,1.0
Skyelynn,1.0
Skyemarie,1.0
Skyi,1.0
Skyia,1.0
Skyla,1.0
Skylaa,1.0
Sirine,1.0
Sirin,1.0
Sophialynn,1.0
Sinath,1.0
Simisola,1.0
Simiya,1.0
Simiyah,1.0
Simmone,1.0
Simona,1.0
Simonetta,1.0
Simoni,1.0
Simonne,1.0
Simora,1.0
Simra,1.0
Simrah,1.0
Simrandeep,1.0
Simranpreet,1.0
Simrat,1.0
Simreet,1.0
Simren,1.0
Simrin,1.0
Simrit,1.0
Simron,1.0
Simrun,1.0
Simryn,1.0
Simy,1.0
Simya,1.0
Simyah,1.0
Sinachi,1.0
Sinae,1.0
Sinahi,1.0
Simin,1.0
Similoluwa,1.0
Simia,1.0
Silvi,1.0
Silka,1.0
Silke,1.0
Silken,1.0
Silla,1.0
Siller,1.0
Siloam,1.0
Siloe,1.0
Silpa,1.0
Silvana,1.0
Silvanna,1.0
Silveria,1.0
Silvestra,1.0
Silviana,1.0
Simeko,1.0
Silvie,1.0
Silvina,1.0
Silvya,1.0
Silya,1.0
Sima,1.0
Siman,1.0
Simani,1.0
Simara,1.0
Simarpreet,1.0
Simaya,1.0
Simayah,1.0
Simbo,1.0
Sinaiya,1.0
Sinay,1.0
Siriana,1.0
Sinaya,1.0
Siobhain,1.0
Siobhan,1.0
Siobhon,1.0
Siohban,1.0
Siomara,1.0
Siona,1.0
Sionna,1.0
Sioux,1.0
Siouxsie,1.0
Siovhan,1.0
Sipara,1.0
Siqi,1.0
Sira,1.0
Sirah,1.0
Sirat,1.0
Siraya,1.0
Sirayah,1.0
Sireen,1.0
Sireena,1.0
Sirena,1.0
Sirenia,1.0
Sirenity,1.0
Sirenna,1.0
Sirey,1.0
Siri,1.0
Siria,1.0
Siriah,1.0
Sioban,1.0
Siobahn,1.0
Sinya,1.0
Sindie,1.0
Sincerely,1.0
Sincerity,1.0
Sinchana,1.0
Sinclaire,1.0
Sinda,1.0
Sindee,1.0
Sindel,1.0
Sindhu,1.0
Sindhuja,1.0
Sindhura,1.0
Sindi,1.0
Sindia,1.0
Sindy,1.0
Sintia,1.0
Sinea,1.0
Sinead,1.0
Sinem,1.0
Sinforosa,1.0
Sinia,1.0
Siniah,1.0
Sinit,1.0
Siniya,1.0
Siniyah,1.0
Sinnamon,1.0
Sinnie,1.0
Sinthia,1.0
Skylynn,1.0
Skylynne,1.0
Skylyr,1.0
Sondi,1.0
Somaly,1.0
Somara,1.0
Somarah,1.0
Somaria,1.0
Somaya,1.0
Somayah,1.0
Someeka,1.0
Somer,1.0
Somi,1.0
Somia,1.0
Somiah,1.0
Somiya,1.0
Somiyah,1.0
Sommar,1.0
Sommer,1.0
Sommers,1.0
Somona,1.0
Somone,1.0
Somya,1.0
Sona,1.0
Sonai,1.0
Sonakshi,1.0
Sonal,1.0
Sonali,1.0
Sonata,1.0
Sonaya,1.0
Sonceria,1.0
Somalia,1.0
Somaiya,1.0
Solymar,1.0
Solmari,1.0
Solie,1.0
Soliel,1.0
Solielle,1.0
Soliha,1.0
Solikha,1.0
Solimar,1.0
Solina,1.0
Soline,1.0
Solita,1.0
Solitaire,1.0
Soliyana,1.0
Solmaira,1.0
Solmarie,1.0
Solyana,1.0
Solmary,1.0
Solmayra,1.0
Solome,1.0
Solomia,1.0
Solomiia,1.0
Solomiya,1.0
Soluna,1.0
Solvei,1.0
Solveig,1.0
Solveigh,1.0
Solvej,1.0
Solvi,1.0
Sonda,1.0
Sondor,1.0
Skyra,1.0
Sondos,1.0
Sonte,1.0
Sontee,1.0
Sonum,1.0
Sonye,1.0
Sonyia,1.0
Sonza,1.0
Soobin,1.0
Soojin,1.0
Sook,1.0
Sookie,1.0
Soomin,1.0
Sooner,1.0
Sopha,1.0
Sophany,1.0
Sophee,1.0
Sopheia,1.0
Sophelia,1.0
Sophey,1.0
Sopheya,1.0
Sophi,1.0
Sophiaann,1.0
Sophiaanne,1.0
Sophiaelizabeth,1.0
Sophiagrace,1.0
Sophiah,1.0
Sophiaisabella,1.0
Sophiaisabelle,1.0
Sonta,1.0
Sonseeahray,1.0
Sonrisa,1.0
Sonita,1.0
Sondra,1.0
Sondrea,1.0
Sondria,1.0
Sone,1.0
Sonequa,1.0
Songa,1.0
Soniah,1.0
Sonica,1.0
Sonie,1.0
Sonika,1.0
Soniqua,1.0
Sonique,1.0
Soniya,1.0
Sonovia,1.0
Soniyah,1.0
Sonje,1.0
Sonji,1.0
Sonjia,1.0
Sonjie,1.0
Sonna,1.0
Sonnett,1.0
Sonnette,1.0
Sonnia,1.0
Sonnya,1.0
Sonoma,1.0
Sonora,1.0
Solidad,1.0
Solida,1.0
Soliana,1.0
Solia,1.0
Soana,1.0
Sobeida,1.0
Sobia,1.0
Sobra,1.0
Sobrina,1.0
Socheata,1.0
Sochi,1.0
Sochikaima,1.0
Sochil,1.0
Socoro,1.0
Socorra,1.0
Soda,1.0
Sofee,1.0
Soffia,1.0
Soffie,1.0
Sofhia,1.0
Sofi,1.0
Sofiagrace,1.0
Sofiah,1.0
Sofiamarie,1.0
Sofiana,1.0
Sofiarose,1.0
Sofie,1.0
Sofiia,1.0
Sofija,1.0
Sofina,1.0
Sofiya,1.0
Snya,1.0
Snowy,1.0
Snoh,1.0
Smithie,1.0
Skyrah,1.0
Skyye,1.0
Slavica,1.0
Sloka,1.0
Slyvia,1.0
Smanatha,1.0
Smantha,1.0
Smaya,1.0
Smera,1.0
Smira,1.0
Smita,1.0
Smitha,1.0
Smiya,1.0
Snoda,1.0
Smrithi,1.0
Smriti,1.0
Smya,1.0
Smyra,1.0
Smyrna,1.0
Sneha,1.0
Snezana,1.0
Snezhana,1.0
Snigdha,1.0
Snithika,1.0
Sniya,1.0
Sniyah,1.0
Sofiyah,1.0
Sofy,1.0
Sofya,1.0
Solee,1.0
Solani,1.0
Solanna,1.0
Solany,1.0
Solara,1.0
Solarah,1.0
Solaria,1.0
Solash,1.0
Solay,1.0
Solaya,1.0
Solayne,1.0
Sole,1.0
Solea,1.0
Soleen,1.0
Solangel,1.0
Solei,1.0
Soleia,1.0
Soleigh,1.0
Soleila,1.0
Solena,1.0
Solene,1.0
Solenn,1.0
Solenne,1.0
Solette,1.0
Soley,1.0
Soleya,1.0
Soli,1.0
Solangie,1.0
Solange,1.0
Soha,1.0
Sohvi,1.0
Sohaila,1.0
Sohana,1.0
Sohani,1.0
Sohanny,1.0
Sohany,1.0
Sohee,1.0
Soheila,1.0
Sohela,1.0
Sohini,1.0
Sohna,1.0
Sohni,1.0
Sohpia,1.0
Soila,1.0
Solanch,1.0
Sojoud,1.0
Sojourner,1.0
Sokhna,1.0
Sokona,1.0
Sokoya,1.0
Solach,1.0
Solae,1.0
Solage,1.0
Solai,1.0
Solaia,1.0
Solaine,1.0
Solana,1.0
Silk,1.0
Silje,1.0
Silja,1.0
Shpresa,1.0
Shontella,1.0
Shontelle,1.0
Shonteria,1.0
Shonterria,1.0
Shontia,1.0
Shontice,1.0
Shontina,1.0
Shontisha,1.0
Shontoria,1.0
Shontoya,1.0
Shontrell,1.0
Shontrice,1.0
Shonya,1.0
Shoran,1.0
Shoronda,1.0
Shoshana,1.0
Shoshanah,1.0
Shoshanna,1.0
Shoshannah,1.0
Shoshawna,1.0
Shoshona,1.0
Shoshone,1.0
Shouana,1.0
Shounda,1.0
Shovan,1.0
Shovon,1.0
Shovonne,1.0
Shontee,1.0
Shontea,1.0
Shontaye,1.0
Shoniqua,1.0
Shonell,1.0
Shonelle,1.0
Shonett,1.0
Shonetta,1.0
Shonette,1.0
Shoni,1.0
Shonia,1.0
Shonica,1.0
Shonice,1.0
Shonie,1.0
Shoniece,1.0
Shonika,1.0
Shonique,1.0
Shontaya,1.0
Shonita,1.0
Shonna,1.0
Shonnell,1.0
Shonnetta,1.0
Shonnette,1.0
Shonni,1.0
Shonnie,1.0
Shonnita,1.0
Shontai,1.0
Shontal,1.0
Shontasia,1.0
Shontavia,1.0
Showanda,1.0
Shqipe,1.0
Shulonda,1.0
Shraddha,1.0
Shrishti,1.0
Shristi,1.0
Shrita,1.0
Shritha,1.0
Shriva,1.0
Shrivi,1.0
Shrivika,1.0
Shriya,1.0
Shron,1.0
Shronda,1.0
Shruthi,1.0
Shruthika,1.0
Shruti,1.0
Shryl,1.0
Shterna,1.0
Shuana,1.0
Shubha,1.0
Shubhi,1.0
Shuchi,1.0
Shukriyyah,1.0
Shukrona,1.0
Shukura,1.0
Shula,1.0
Shulamis,1.0
Shulamit,1.0
Shulamite,1.0
Shulamith,1.0
Shrisha,1.0
Shrinika,1.0
Shrinidhi,1.0
Shreeva,1.0
Shradha,1.0
Shravani,1.0
Shravya,1.0
Shrea,1.0
Shreeda,1.0
Shreeja,1.0
Shreen,1.0
Shreena,1.0
Shreenidhi,1.0
Shreenika,1.0
Shreesha,1.0
Shreeta,1.0
Shreeya,1.0
Shrina,1.0
Shrena,1.0
Shreshta,1.0
Shresta,1.0
Shreya,1.0
Shreyanvi,1.0
Shreyasi,1.0
Shrhonda,1.0
Shria,1.0
Shridhi,1.0
Shrija,1.0
Shrika,1.0
Shriley,1.0
Shoneka,1.0
Shoneen,1.0
Shonee,1.0
Shondrika,1.0
Shirlean,1.0
Shirleen,1.0
Shirleeta,1.0
Shirlena,1.0
Shirlene,1.0
Shirletha,1.0
Shirletta,1.0
Shirlette,1.0
Shirleyan,1.0
Shirleyann,1.0
Shirleye,1.0
Shirleymae,1.0
Shirli,1.0
Shirlie,1.0
Shirlina,1.0
Shirline,1.0
Shirlon,1.0
Shirlye,1.0
Shirlyn,1.0
Shirlynn,1.0
Shironda,1.0
Shirret,1.0
Shirron,1.0
Shiryl,1.0
Shital,1.0
Shivali,1.0
Shivana,1.0
Shirle,1.0
Shirlann,1.0
Shirlane,1.0
Shireka,1.0
Shiori,1.0
Shiphrah,1.0
Shiqi,1.0
Shiquana,1.0
Shiquita,1.0
Shir,1.0
Shira,1.0
Shirae,1.0
Shirah,1.0
Shiran,1.0
Shiree,1.0
Shireen,1.0
Shirel,1.0
Shirla,1.0
Shirell,1.0
Shirelle,1.0
Shirely,1.0
Shirena,1.0
Shirene,1.0
Shiretta,1.0
Shirey,1.0
Shiri,1.0
Shirika,1.0
Shirin,1.0
Shirina,1.0
Shirita,1.0
Shivangi,1.0
Shivani,1.0
Shivanshi,1.0
Sholonda,1.0
Shlonda,1.0
Shmeka,1.0
Shmya,1.0
Shnea,1.0
Shnequa,1.0
Shnika,1.0
Shnita,1.0
Shniya,1.0
Shniyah,1.0
Shnya,1.0
Shoko,1.0
Sholanda,1.0
Shona,1.0
Shloka,1.0
Shonae,1.0
Shonda,1.0
Shondala,1.0
Shondalyn,1.0
Shondelle,1.0
Shondi,1.0
Shondia,1.0
Shondolyn,1.0
Shondra,1.0
Shondrea,1.0
Shondreka,1.0
Shondria,1.0
Shlomit,1.0
Shley,1.0
Shivany,1.0
Shiyana,1.0
Shivanya,1.0
Shivaun,1.0
Shivi,1.0
Shivika,1.0
Shivon,1.0
Shivonne,1.0
Shivonni,1.0
Shivya,1.0
Shiwana,1.0
Shiwanda,1.0
Shiyah,1.0
Shiyan,1.0
Shiyann,1.0
Shlay,1.0
Shiyanna,1.0
Shiyanne,1.0
Shiyi,1.0
Shiyu,1.0
Shiza,1.0
Shizu,1.0
Shizue,1.0
Shizuka,1.0
Shizuko,1.0
Shizuye,1.0
Shizuyo,1.0
Shlanda,1.0
Shulanda,1.0
Shumeka,1.0
Silina,1.0
Sidona,1.0
Siboney,1.0
Sibora,1.0
Sibrina,1.0
Sibyl,1.0
Sibyle,1.0
Sibylla,1.0
Sicely,1.0
Sicilee,1.0
Sicilia,1.0
Sicily,1.0
Siclali,1.0
Siclaly,1.0
Sidalee,1.0
Sidda,1.0
Siddalee,1.0
Siddeegah,1.0
Siddeeqah,1.0
Siddhi,1.0
Siddhiksha,1.0
Siddie,1.0
Sidea,1.0
Sidna,1.0
Sidne,1.0
Sidnee,1.0
Sidnei,1.0
Sidni,1.0
Sidnie,1.0
Sible,1.0
Sibilla,1.0
Sibil,1.0
Sianne,1.0
Shytavia,1.0
Shyteria,1.0
Shyvonne,1.0
Siaani,1.0
Siahna,1.0
Siana,1.0
Sianah,1.0
Siane,1.0
Siani,1.0
Siann,1.0
Sianna,1.0
Siannah,1.0
Sianney,1.0
Sibelle,1.0
Sianni,1.0
Sianny,1.0
Siany,1.0
Siara,1.0
Siarah,1.0
Siari,1.0
Siarra,1.0
Siarrah,1.0
Siba,1.0
Sibbie,1.0
Sibel,1.0
Sibella,1.0
Sidny,1.0
Sidonia,1.0
Shuna,1.0
Sidonie,1.0
Sif,1.0
Sifa,1.0
Sifan,1.0
Sifra,1.0
Sigal,1.0
Signa,1.0
Signe,1.0
Signora,1.0
Signy,1.0
Sigourney,1.0
Sigrid,1.0
Sigrun,1.0
Sihaam,1.0
Siham,1.0
Sihana,1.0
Sihara,1.0
Sihaya,1.0
Sihi,1.0
Siiri,1.0
Sika,1.0
Sila,1.0
Silah,1.0
Silayah,1.0
Silbia,1.0
Silena,1.0
Silence,1.0
Silia,1.0
Siesta,1.0
Siersha,1.0
Sierria,1.0
Sielle,1.0
Sidora,1.0
Sidra,1.0
Sidrah,1.0
Sidratul,1.0
Sieana,1.0
Sieanna,1.0
Sieara,1.0
Siearra,1.0
Sieda,1.0
Siedah,1.0
Sieglinde,1.0
Siella,1.0
Siena,1.0
Sierrea,1.0
Siene,1.0
Siennah,1.0
Siennarose,1.0
Sienne,1.0
Siera,1.0
Sierah,1.0
Sieria,1.0
Sierrah,1.0
Sierraleone,1.0
Sierralynn,1.0
Sierramarie,1.0
Sierre,1.0
Shyrlee,1.0
Shyrle,1.0
Shyrl,1.0
Shyrene,1.0
Shurla,1.0
Shurlene,1.0
Shuronda,1.0
Shushan,1.0
Shuvon,1.0
Shuvonne,1.0
Shuwanda,1.0
Shuwanna,1.0
Shuyao,1.0
Shvonne,1.0
Shwana,1.0
Shwanda,1.0
Shwanna,1.0
Shwe,1.0
Shweta,1.0
Shwetha,1.0
Shyaira,1.0
Shyana,1.0
Shyane,1.0
Shyann,1.0
Shyanna,1.0
Shyannah,1.0
Shyanne,1.0
Shyasia,1.0
Shyauna,1.0
Shyda,1.0
Shydae,1.0
Shurie,1.0
Shuri,1.0
Shurhonda,1.0
Shunna,1.0
Shunashi,1.0
Shunda,1.0
Shundra,1.0
Shundrea,1.0
Shundreka,1.0
Shundria,1.0
Shundrika,1.0
Shunell,1.0
Shunette,1.0
Shunika,1.0
Shunita,1.0
Shuniya,1.0
Shuntae,1.0
Shureka,1.0
Shuntana,1.0
Shuntavia,1.0
Shuntay,1.0
Shunte,1.0
Shuntel,1.0
Shuntell,1.0
Shunteria,1.0
Shunterria,1.0
Shuntia,1.0
Shuntina,1.0
Shunya,1.0
Shuree,1.0
Shydia,1.0
Shyeeda,1.0
Shyenne,1.0
Shyniece,1.0
Shymeka,1.0
Shymia,1.0
Shyna,1.0
Shynece,1.0
Shyneice,1.0
Shyneka,1.0
Shynell,1.0
Shynequa,1.0
Shynese,1.0
Shynesha,1.0
Shynia,1.0
Shynice,1.0
Shynika,1.0
Shylynn,1.0
Shyniqua,1.0
Shynise,1.0
Shynisha,1.0
Shynita,1.0
Shyona,1.0
Shyonna,1.0
Shyra,1.0
Shyrah,1.0
Shyree,1.0
Shyreeta,1.0
Shyrel,1.0
Shyrell,1.0
Shyma,1.0
Shylyn,1.0
Shyera,1.0
Shylar,1.0
Shyesha,1.0
Shyia,1.0
Shykela,1.0
Shykemmia,1.0
Shykeria,1.0
Shykerria,1.0
Shykeyla,1.0
Shykia,1.0
Shykila,1.0
Shykira,1.0
Shyla,1.0
Shylah,1.0
Shylea,1.0
Shylow,1.0
Shyleah,1.0
Shylee,1.0
Shyleen,1.0
Shylei,1.0
Shyleigh,1.0
Shylene,1.0
Shyli,1.0
Shylia,1.0
Shylie,1.0
Shylin,1.0
Shylla,1.0
Shyloe,1.0
Sophialauren,1.0
Sophiamae,1.0
Shiona,1.0
Suzetta,1.0
Sussie,1.0
Sussy,1.0
Susu,1.0
Susy,1.0
Susyn,1.0
Suszanne,1.0
Sutherlyn,1.0
Suvali,1.0
Suvanna,1.0
Suvi,1.0
Suvilla,1.0
Suyai,1.0
Suyana,1.0
Suyapa,1.0
Suyeko,1.0
Suz,1.0
Suzan,1.0
Suzana,1.0
Suzane,1.0
Suzann,1.0
Suzanna,1.0
Suzannah,1.0
Suze,1.0
Suzelle,1.0
Suzen,1.0
Suzet,1.0
Suzeth,1.0
Sussan,1.0
Susin,1.0
Susian,1.0
Susane,1.0
Surie,1.0
Surina,1.0
Suriyah,1.0
Surraya,1.0
Surrey,1.0
Surry,1.0
Surveen,1.0
Survi,1.0
Sury,1.0
Susa,1.0
Susaa,1.0
Susanah,1.0
Susann,1.0
Susia,1.0
Susanna,1.0
Susannah,1.0
Susanne,1.0
Susaye,1.0
Susej,1.0
Susel,1.0
Susen,1.0
Suset,1.0
Susette,1.0
Sushma,1.0
Sushmita,1.0
Susi,1.0
Suzett,1.0
Suzi,1.0
Suriana,1.0
Suzie,1.0
Swayzi,1.0
Swayzie,1.0
Swecha,1.0
Sweden,1.0
Sweet,1.0
Sweetie,1.0
Swendy,1.0
Sweta,1.0
Swetha,1.0
Swiyyah,1.0
Sya,1.0
Syah,1.0
Syaira,1.0
Syana,1.0
Syani,1.0
Syann,1.0
Syanna,1.0
Syanne,1.0
Syanni,1.0
Syara,1.0
Syari,1.0
Syasia,1.0
Sybal,1.0
Sybel,1.0
Sybella,1.0
Sybile,1.0
Sybill,1.0
Swayzee,1.0
Swati,1.0
Swathi,1.0
Svara,1.0
Suzon,1.0
Suzonne,1.0
Suzu,1.0
Suzuko,1.0
Suzy,1.0
Suzzane,1.0
Suzzanna,1.0
Suzzanne,1.0
Suzzette,1.0
Suzzie,1.0
Svana,1.0
Svannah,1.0
Svea,1.0
Swasti,1.0
Svetlana,1.0
Sveva,1.0
Sveya,1.0
Swadha,1.0
Swanda,1.0
Swanee,1.0
Swanie,1.0
Swannie,1.0
Swanzetta,1.0
Swapna,1.0
Swara,1.0
Swarna,1.0
Surianna,1.0
Suriah,1.0
Sophiamaria,1.0
Sundari,1.0
Sumiye,1.0
Summa,1.0
Summar,1.0
Summaya,1.0
Summayah,1.0
Summerlee,1.0
Summerlin,1.0
Summerlyn,1.0
Summerlynn,1.0
Summerrae,1.0
Summerrain,1.0
Summerreign,1.0
Summerrose,1.0
Summyr,1.0
Sumnima,1.0
Sumra,1.0
Sumya,1.0
Sumyah,1.0
Suna,1.0
Sunai,1.0
Sunaina,1.0
Sunasia,1.0
Sunayana,1.0
Sunbeam,1.0
Sunda,1.0
Sundae,1.0
Sundai,1.0
Sumiyah,1.0
Sumiya,1.0
Sumitra,1.0
Sumer,1.0
Sumar,1.0
Sumara,1.0
Sumaya,1.0
Sumayah,1.0
Sumayo,1.0
Sumayya,1.0
Sumayyah,1.0
Sumedha,1.0
Sumehra,1.0
Sumeja,1.0
Sumeka,1.0
Sumeko,1.0
Sumera,1.0
Sumita,1.0
Sumerlyn,1.0
Sumeya,1.0
Sumeyye,1.0
Sumi,1.0
Sumia,1.0
Sumiah,1.0
Sumie,1.0
Sumika,1.0
Sumiko,1.0
Sumin,1.0
Sumira,1.0
Sumire,1.0
Sundara,1.0
Sundas,1.0
Suria,1.0
Sunde,1.0
Suoma,1.0
Suong,1.0
Suparna,1.0
Supraja,1.0
Supreet,1.0
Suprena,1.0
Suprenia,1.0
Suprina,1.0
Supriya,1.0
Sura,1.0
Surabhi,1.0
Surah,1.0
Surai,1.0
Suraiya,1.0
Suraiyah,1.0
Suraya,1.0
Surayah,1.0
Surayya,1.0
Surayyah,1.0
Surbhi,1.0
Suree,1.0
Sureena,1.0
Surely,1.0
Surena,1.0
Surenity,1.0
Sureya,1.0
Suri,1.0
Sunya,1.0
Sunshyne,1.0
Sunset,1.0
Sunidhi,1.0
Sundee,1.0
Sundi,1.0
Sundie,1.0
Sundos,1.0
Sundra,1.0
Sundus,1.0
Sundy,1.0
Sunee,1.0
Sunehri,1.0
Sunem,1.0
Sunflower,1.0
Suni,1.0
Sunie,1.0
Sunrise,1.0
Sunisa,1.0
Sunita,1.0
Sunitha,1.0
Suniya,1.0
Suniyah,1.0
Sunja,1.0
Sunjai,1.0
Sunna,1.0
Sunnah,1.0
Sunnee,1.0
Sunniva,1.0
Sunnye,1.0
Sybilla,1.0
Sybille,1.0
Syble,1.0
Taba,1.0
Syrie,1.0
Syril,1.0
Syrina,1.0
Syrinity,1.0
Syrita,1.0
Syritta,1.0
Syriyah,1.0
Sytha,1.0
Syuri,1.0
Syvanna,1.0
Syvannah,1.0
Syvella,1.0
Syvia,1.0
Syvilla,1.0
Szofia,1.0
Taaffe,1.0
Taahira,1.0
Taahirah,1.0
Taalia,1.0
Taaliah,1.0
Taaliba,1.0
Taaliyah,1.0
Taalor,1.0
Taana,1.0
Taanvi,1.0
Taara,1.0
Taarna,1.0
Syrianna,1.0
Syriana,1.0
Syriah,1.0
Syrai,1.0
Synphony,1.0
Synquis,1.0
Synthea,1.0
Synthia,1.0
Syntia,1.0
Syntyche,1.0
Syona,1.0
Syonna,1.0
Sypha,1.0
Syra,1.0
Syrae,1.0
Syrah,1.0
Syreen,1.0
Syria,1.0
Syreena,1.0
Syreeta,1.0
Syrena,1.0
Syrene,1.0
Syreniti,1.0
Syrenity,1.0
Syrenna,1.0
Syreta,1.0
Syretha,1.0
Syretta,1.0
Syrette,1.0
Syri,1.0
Taasia,1.0
Tabaitha,1.0
Sybol,1.0
Tabasom,1.0
Tacha,1.0
Tachaka,1.0
Tachara,1.0
Tache,1.0
Tachelle,1.0
Tachiana,1.0
Tachic,1.0
Tachina,1.0
Taci,1.0
Tacia,1.0
Taciana,1.0
Tacie,1.0
Tacita,1.0
Tacora,1.0
Tacoria,1.0
Tacorra,1.0
Tacoya,1.0
Tacy,1.0
Tadajah,1.0
Tadasia,1.0
Tadeja,1.0
Tadesha,1.0
Tadzia,1.0
Taea,1.0
Taeghan,1.0
Taegyn,1.0
Taeh,1.0
Tacey,1.0
Taccarra,1.0
Taccara,1.0
Tabethia,1.0
Tabassum,1.0
Tabata,1.0
Tabatha,1.0
Tabathe,1.0
Tabathia,1.0
Tabbatha,1.0
Tabbetha,1.0
Tabbie,1.0
Tabbitha,1.0
Tabbytha,1.0
Tabea,1.0
Tabetha,1.0
Tabia,1.0
Tacarra,1.0
Tabiatha,1.0
Tabita,1.0
Tabithia,1.0
Taborah,1.0
Tabrea,1.0
Tabresha,1.0
Tabria,1.0
Tabrina,1.0
Tabrisha,1.0
Tabriya,1.0
Tabytha,1.0
Tacara,1.0
Synovia,1.0
Synova,1.0
Synnove,1.0
Synneva,1.0
Syerra,1.0
Syesha,1.0
Syha,1.0
Syia,1.0
Syiah,1.0
Syian,1.0
Sykeria,1.0
Sykora,1.0
Syla,1.0
Sylah,1.0
Sylbia,1.0
Sylee,1.0
Syleena,1.0
Sylena,1.0
Syleste,1.0
Sylia,1.0
Sylina,1.0
Sylinda,1.0
Syliva,1.0
Sylivia,1.0
Sylphiette,1.0
Sylphrena,1.0
Sylvana,1.0
Sylvanas,1.0
Sylvania,1.0
Sylvanna,1.0
Sylvannah,1.0
Syeria,1.0
Syera,1.0
Syenna,1.0
Sydnee,1.0
Sybrena,1.0
Sybrina,1.0
Sydalee,1.0
Sydea,1.0
Sydel,1.0
Sydell,1.0
Sydelle,1.0
Sydeny,1.0
Sydia,1.0
Sydna,1.0
Sydne,1.0
Sydnea,1.0
Sydnei,1.0
Syeisha,1.0
Sydni,1.0
Sydnie,1.0
Sydnii,1.0
Sydny,1.0
Sydnye,1.0
Sydonia,1.0
Sydonna,1.0
Sydra,1.0
Syeda,1.0
Syedah,1.0
Syeeda,1.0
Syeira,1.0
Sylvee,1.0
Sylvene,1.0
Sylvette,1.0
Syndey,1.0
Symya,1.0
Syna,1.0
Synae,1.0
Synai,1.0
Synaia,1.0
Synaya,1.0
Synclair,1.0
Synclaire,1.0
Synda,1.0
Syndal,1.0
Syndee,1.0
Syndel,1.0
Syndi,1.0
Symphoni,1.0
Syndia,1.0
Syndie,1.0
Syndney,1.0
Syndy,1.0
Synethia,1.0
Synetra,1.0
Synetta,1.0
Synia,1.0
Syniah,1.0
Synithia,1.0
Syniya,1.0
Syniyah,1.0
Symphonie,1.0
Symphonee,1.0
Sylvi,1.0
Symaria,1.0
Sylviana,1.0
Sylvianna,1.0
Sylvie,1.0
Sylvina,1.0
Sylvonia,1.0
Sylwia,1.0
Syma,1.0
Symantha,1.0
Symanthia,1.0
Symara,1.0
Symarah,1.0
Symari,1.0
Symaya,1.0
Symphany,1.0
Symia,1.0
Symiah,1.0
Symira,1.0
Symirah,1.0
Symmone,1.0
Symona,1.0
Symone,1.0
Symonne,1.0
Symora,1.0
Symori,1.0
Symphani,1.0
Symphanie,1.0
Sumana,1.0
Sumalee,1.0
Sumako,1.0
Starlah,1.0
Stafanie,1.0
Staisha,1.0
Stajah,1.0
Stamatia,1.0
Stamatina,1.0
Stana,1.0
Stancy,1.0
Stanesha,1.0
Stanette,1.0
Stanisha,1.0
Stanislava,1.0
Stanislawa,1.0
Stanja,1.0
Stanna,1.0
Stanya,1.0
Staphanie,1.0
Staphany,1.0
Stara,1.0
Starasia,1.0
Starbella,1.0
Starcia,1.0
Stardust,1.0
Staria,1.0
Starisha,1.0
Starkeisha,1.0
Starkesha,1.0
Starkisha,1.0
Stacye,1.0
Stacyann,1.0
Staciann,1.0
Srividya,1.0
Srinidhi,1.0
Srinija,1.0
Srinika,1.0
Srinitha,1.0
Srinithi,1.0
Srinithya,1.0
Srinitya,1.0
Srisha,1.0
Srishti,1.0
Sristi,1.0
Sritha,1.0
Srivaishnavi,1.0
Sriya,1.0
Stacia,1.0
Sriyah,1.0
Sriyanvi,1.0
Srushti,1.0
Sruthi,1.0
Sruti,1.0
Ssirley,1.0
Sstephanie,1.0
Stacci,1.0
Stacee,1.0
Staceyann,1.0
Stacha,1.0
Stachia,1.0
Starla,1.0
Starleana,1.0
Steffane,1.0
Starlee,1.0
Stasia,1.0
Stassa,1.0
Stassi,1.0
Stassia,1.0
Statia,1.0
Stavroula,1.0
Stayce,1.0
Staysha,1.0
Stazia,1.0
Stazie,1.0
Stcy,1.0
Steeley,1.0
Steelie,1.0
Steevie,1.0
Stefaine,1.0
Stefana,1.0
Stefane,1.0
Stefanee,1.0
Stefaney,1.0
Stefani,1.0
Stefania,1.0
Stefaniya,1.0
Stefanni,1.0
Stefannie,1.0
Stefanny,1.0
Stefany,1.0
Stefeni,1.0
Stasi,1.0
Stashia,1.0
Stasha,1.0
Starlisha,1.0
Starleen,1.0
Starleigh,1.0
Starlena,1.0
Starlene,1.0
Starlet,1.0
Starlett,1.0
Starletta,1.0
Starlette,1.0
Starlie,1.0
Starlight,1.0
Starlina,1.0
Starlisa,1.0
Starlit,1.0
Startasia,1.0
Starlita,1.0
Starlite,1.0
Starly,1.0
Starlynn,1.0
Starnisha,1.0
Starquasia,1.0
Starri,1.0
Starrla,1.0
Starrlynn,1.0
Starsha,1.0
Starshema,1.0
Starshemah,1.0
Srimedha,1.0
Srimayi,1.0
Srilakshmi,1.0
Srilaasya,1.0
Sorayah,1.0
Sorayda,1.0
Sorcha,1.0
Sorel,1.0
Sorella,1.0
Sorelle,1.0
Sorena,1.0
Soreya,1.0
Soria,1.0
Soriah,1.0
Sorina,1.0
Soriyah,1.0
Soroya,1.0
Sorraya,1.0
Sorrel,1.0
Sorsha,1.0
Sosefina,1.0
Sosha,1.0
Sosi,1.0
Sosie,1.0
Sossity,1.0
Sossy,1.0
Sotera,1.0
Soteria,1.0
Sotheary,1.0
Sotiria,1.0
Souad,1.0
Soraya,1.0
Sorangel,1.0
Soraiya,1.0
Sophiya,1.0
Sophiamarie,1.0
Sophiana,1.0
Sophianna,1.0
Sophiarose,1.0
Sophiea,1.0
Sophieann,1.0
Sophieanne,1.0
Sophiee,1.0
Sophiemarie,1.0
Sophilia,1.0
Sophina,1.0
Sophira,1.0
Sophiyah,1.0
Soraide,1.0
Sophonie,1.0
Sophorn,1.0
Sophrona,1.0
Sophronia,1.0
Sophy,1.0
Sophya,1.0
Sophyia,1.0
Sopia,1.0
Sorah,1.0
Sorai,1.0
Soraia,1.0
Soraida,1.0
Soukaina,1.0
Soula,1.0
Soulana,1.0
Sreeya,1.0
Spring,1.0
Spruha,1.0
Sra,1.0
Sraavya,1.0
Sragvi,1.0
Srah,1.0
Sravani,1.0
Sravya,1.0
Sree,1.0
Sreeja,1.0
Sreenidhi,1.0
Sreenika,1.0
Sreshta,1.0
Spoorthi,1.0
Sreya,1.0
Sriaadhya,1.0
Sriaadya,1.0
Sridevi,1.0
Sridha,1.0
Srihita,1.0
Srihitha,1.0
Srija,1.0
Srika,1.0
Srikari,1.0
Srikrithi,1.0
Srikruthi,1.0
Spriha,1.0
Spontaneous,1.0
Soulani,1.0
Sowsan,1.0
Soule,1.0
Souleen,1.0
Soulene,1.0
Soulie,1.0
Souline,1.0
Soumaya,1.0
Soumya,1.0
Soundra,1.0
Sovanny,1.0
Soveida,1.0
Sovilla,1.0
Sowmya,1.0
Soyini,1.0
Splendora,1.0
Soyla,1.0
Soyna,1.0
Soyoung,1.0
Spandana,1.0
Sparkel,1.0
Sparkle,1.0
Sparkles,1.0
Special,1.0
Spicie,1.0
Spicy,1.0
Spiridoula,1.0
Spiritual,1.0
Stefenie,1.0
Steffani,1.0
Sumaiyya,1.0
Suheily,1.0
Suesan,1.0
Suetta,1.0
Suezanne,1.0
Suezette,1.0
Sufi,1.0
Sufia,1.0
Sugei,1.0
Sugeily,1.0
Sugeiri,1.0
Sugey,1.0
Suha,1.0
Suhaani,1.0
Suhaavi,1.0
Suhad,1.0
Suhaila,1.0
Suhailah,1.0
Suhailey,1.0
Suhaill,1.0
Suhaily,1.0
Suhaira,1.0
Suhana,1.0
Suhanee,1.0
Suhani,1.0
Suhavi,1.0
Suhayla,1.0
Suhaylah,1.0
Suheidy,1.0
Sueno,1.0
Suelynn,1.0
Suelyn,1.0
Sudie,1.0
Subrenia,1.0
Subria,1.0
Subrina,1.0
Sucdi,1.0
Sucely,1.0
Suchi,1.0
Suchita,1.0
Suda,1.0
Suddie,1.0
Sude,1.0
Sudeeksha,1.0
Sudha,1.0
Sudiksha,1.0
Suellyn,1.0
Suean,1.0
Sueann,1.0
Sueanna,1.0
Sueanne,1.0
Suedell,1.0
Sueellen,1.0
Suehay,1.0
Suejin,1.0
Sueko,1.0
Sueling,1.0
Suella,1.0
Suellen,1.0
Suheila,1.0
Suhey,1.0
Steffanie,1.0
Suheyla,1.0
Suleika,1.0
Suleima,1.0
Sulekha,1.0
Sulem,1.0
Sulema,1.0
Suley,1.0
Suleyka,1.0
Suleyma,1.0
Suleymi,1.0
Suli,1.0
Sulia,1.0
Suliana,1.0
Sulie,1.0
Sulin,1.0
Sulinda,1.0
Sullie,1.0
Sulma,1.0
Sulmy,1.0
Sultana,1.0
Suly,1.0
Sulyn,1.0
Sulynn,1.0
Suma,1.0
Sumaia,1.0
Sumaira,1.0
Sumaiya,1.0
Sumaiyah,1.0
Suleidy,1.0
Suleica,1.0
Sule,1.0
Sukanya,1.0
Suhur,1.0
Sui,1.0
Suja,1.0
Sujata,1.0
Sujatha,1.0
Sujei,1.0
Sujeily,1.0
Sujeiry,1.0
Sujey,1.0
Sujin,1.0
Sujood,1.0
Sukaina,1.0
Sukari,1.0
Sulay,1.0
Sukayna,1.0
Sukhleen,1.0
Sukhmani,1.0
Suki,1.0
Sukie,1.0
Sukina,1.0
Sula,1.0
Sulaf,1.0
Sulai,1.0
Sulamita,1.0
Sulani,1.0
Sular,1.0
Subrena,1.0
Sublime,1.0
Subira,1.0
Subhana,1.0
Stepfanie,1.0
Stephaie,1.0
Stephaine,1.0
Stephana,1.0
Stephanee,1.0
Stephaney,1.0
Stephani,1.0
Stephania,1.0
Stephanic,1.0
Stephanieann,1.0
Stephanieanne,1.0
Stephaniemarie,1.0
Stephanine,1.0
Stephanne,1.0
Stephanni,1.0
Stephannie,1.0
Stephanny,1.0
Stephanye,1.0
Stephene,1.0
Stephenee,1.0
Stepheni,1.0
Stephenia,1.0
Stephenie,1.0
Stephennie,1.0
Stepheny,1.0
Stephiane,1.0
Stephie,1.0
Stepanie,1.0
Stepahnie,1.0
Stepahanie,1.0
Steicy,1.0
Steffany,1.0
Steffenie,1.0
Steffi,1.0
Steffie,1.0
Steffy,1.0
Stefhanie,1.0
Stefhany,1.0
Stefie,1.0
Stefnie,1.0
Stefoni,1.0
Stehanie,1.0
Stehpanie,1.0
Steisy,1.0
Steohanie,1.0
Stela,1.0
Stell,1.0
Stellah,1.0
Stellaluna,1.0
Stellamae,1.0
Stellamarie,1.0
Stellamaris,1.0
Stellarae,1.0
Stellarose,1.0
Stelle,1.0
Stellina,1.0
Stena,1.0
Stephina,1.0
Stephine,1.0
Stephinie,1.0
Stranje,1.0
Storie,1.0
Storiee,1.0
Storii,1.0
Stormee,1.0
Stormi,1.0
Stormie,1.0
Stormii,1.0
Storri,1.0
Stpehanie,1.0
Stphanie,1.0
Stracy,1.0
Strange,1.0
Strawberry,1.0
Storee,1.0
Strella,1.0
Stuthi,1.0
Stuti,1.0
Sua,1.0
Suada,1.0
Suah,1.0
Suann,1.0
Suanna,1.0
Suanne,1.0
Suanny,1.0
Suany,1.0
Suban,1.0
Storey,1.0
Stoni,1.0
Stephne,1.0
Stevena,1.0
Stephney,1.0
Stephnie,1.0
Stephonie,1.0
Stephy,1.0
Stepphanie,1.0
Sterline,1.0
Stesha,1.0
Steva,1.0
Stevana,1.0
Stevani,1.0
Stevanie,1.0
Stevanna,1.0
Stevette,1.0
Stiorra,1.0
Stevi,1.0
Stevielynn,1.0
Stevierae,1.0
Stevii,1.0
Stevona,1.0
Stevonna,1.0
Steysi,1.0
Sthefani,1.0
Sthefany,1.0
Sthepanie,1.0
Sthephanie,1.0
Stina,1.0
Shionna,1.0
Shiomara,1.0
Shakeithia,1.0
Shaquail,1.0
Shanvika,1.0
Shanvitha,1.0
Shany,1.0
Shanya,1.0
Shanyah,1.0
Shanyce,1.0
Shanye,1.0
Shanyel,1.0
Shanygne,1.0
Shanyia,1.0
Shanyiah,1.0
Shanyk,1.0
Shanyka,1.0
Shanyla,1.0
Shanylah,1.0
Shanyn,1.0
Shanyra,1.0
Shanyse,1.0
Shanythia,1.0
Shanza,1.0
Shanzay,1.0
Shanze,1.0
Shaonna,1.0
Shaparis,1.0
Shapree,1.0
Shapria,1.0
Shaqita,1.0
Shanvi,1.0
Shantya,1.0
Shanty,1.0
Shantisha,1.0
Shantie,1.0
Shantiece,1.0
Shantiel,1.0
Shantierra,1.0
Shantih,1.0
Shantika,1.0
Shantil,1.0
Shantina,1.0
Shantinique,1.0
Shantiqua,1.0
Shantique,1.0
Shantise,1.0
Shantivia,1.0
Shantwana,1.0
Shantle,1.0
Shantonia,1.0
Shantora,1.0
Shantoria,1.0
Shantoya,1.0
Shantra,1.0
Shantrail,1.0
Shantrece,1.0
Shantrel,1.0
Shantrelle,1.0
Shantrese,1.0
Shantrice,1.0
Shaqua,1.0
Shaquaila,1.0
Shantiana,1.0
Shaquala,1.0
Shaquenta,1.0
Shaquera,1.0
Shaqueria,1.0
Shaquerra,1.0
Shaquesha,1.0
Shaqueta,1.0
Shaquetta,1.0
Shaquette,1.0
Shaquia,1.0
Shaquida,1.0
Shaquila,1.0
Shaquin,1.0
Shaquina,1.0
Shaquinda,1.0
Shaquinn,1.0
Shaquinna,1.0
Shaquinta,1.0
Shaquira,1.0
Shaquirra,1.0
Shaquise,1.0
Shaquisha,1.0
Shaquitta,1.0
Shaqula,1.0
Shaqulia,1.0
Shaquna,1.0
Shaqunda,1.0
Shaqunna,1.0
Shaquena,1.0
Shaquella,1.0
Shaquelia,1.0
Shaquarius,1.0
Shaquale,1.0
Shaqualia,1.0
Shaqualla,1.0
Shaquana,1.0
Shaquanah,1.0
Shaquanda,1.0
Shaquandra,1.0
Shaquandria,1.0
Shaquania,1.0
Shaquanna,1.0
Shaquanta,1.0
Shaquara,1.0
Shaquasha,1.0
Shaquela,1.0
Shaquashia,1.0
Shaquasia,1.0
Shaquavia,1.0
Shaquay,1.0
Shaquaya,1.0
Shaquayla,1.0
Shaque,1.0
Shaquea,1.0
Shaqueda,1.0
Shaqueen,1.0
Shaqueena,1.0
Shaqueeta,1.0
Shantice,1.0
Shantia,1.0
Sharra,1.0
Shanonn,1.0
Shannay,1.0
Shannda,1.0
Shanndolyn,1.0
Shannee,1.0
Shanneka,1.0
Shannel,1.0
Shannell,1.0
Shannelle,1.0
Shannequa,1.0
Shannetta,1.0
Shannette,1.0
Shanni,1.0
Shannia,1.0
Shannice,1.0
Shannie,1.0
Shanniece,1.0
Shannika,1.0
Shannikia,1.0
Shannin,1.0
Shanniya,1.0
Shannondoah,1.0
Shannone,1.0
Shanny,1.0
Shannya,1.0
Shannyn,1.0
Shanoa,1.0
Shanoah,1.0
Shannara,1.0
Shannalee,1.0
Shannah,1.0
Shanitra,1.0
Shanique,1.0
Shaniquea,1.0
Shaniquia,1.0
Shaniquwa,1.0
Shaniqwa,1.0
Shanira,1.0
Shanisa,1.0
Shanise,1.0
Shanisha,1.0
Shanissa,1.0
Shanita,1.0
Shanitha,1.0
Shanitta,1.0
Shannae,1.0
Shaniya,1.0
Shaniyah,1.0
Shaniyha,1.0
Shaniyia,1.0
Shaniyla,1.0
Shanka,1.0
Shankeria,1.0
Shankia,1.0
Shanlee,1.0
Shanleigh,1.0
Shanley,1.0
Shanli,1.0
Shanobia,1.0
Shanora,1.0
Shanthi,1.0
Shanovia,1.0
Shantavia,1.0
Shantavious,1.0
Shantay,1.0
Shantaya,1.0
Shantaye,1.0
Shantazia,1.0
Shantea,1.0
Shanteal,1.0
Shantee,1.0
Shanteka,1.0
Shantela,1.0
Shantele,1.0
Shantella,1.0
Shantelle,1.0
Shantera,1.0
Shanteria,1.0
Shanterica,1.0
Shanterika,1.0
Shanterra,1.0
Shanterri,1.0
Shanterria,1.0
Shanterrica,1.0
Shantese,1.0
Shantesha,1.0
Shantey,1.0
Shanteya,1.0
Shantha,1.0
Shantasia,1.0
Shantasha,1.0
Shantaria,1.0
Shanrica,1.0
Shanqua,1.0
Shanqual,1.0
Shanque,1.0
Shanquel,1.0
Shanquell,1.0
Shanquella,1.0
Shanquetta,1.0
Shanquia,1.0
Shanquil,1.0
Shanquilla,1.0
Shanquita,1.0
Shanreka,1.0
Shanrika,1.0
Shantara,1.0
Shantai,1.0
Shantail,1.0
Shantaja,1.0
Shantal,1.0
Shantala,1.0
Shantale,1.0
Shantall,1.0
Shantalle,1.0
Shantana,1.0
Shantanae,1.0
Shantania,1.0
Shantanique,1.0
Shaquoia,1.0
Shaquona,1.0
Shaquonda,1.0
Sharmel,1.0
Sharletha,1.0
Sharlett,1.0
Sharletta,1.0
Sharlette,1.0
Sharley,1.0
Sharli,1.0
Sharlie,1.0
Sharlin,1.0
Sharlinda,1.0
Sharline,1.0
Sharlisa,1.0
Sharlita,1.0
Sharlize,1.0
Sharlon,1.0
Sharlonda,1.0
Sharlot,1.0
Sharlotte,1.0
Sharly,1.0
Sharlyn,1.0
Sharlyne,1.0
Sharlynn,1.0
Sharma,1.0
Sharmae,1.0
Sharmain,1.0
Sharmane,1.0
Sharmayne,1.0
Sharmeen,1.0
Sharlet,1.0
Sharlene,1.0
Sharlena,1.0
Shariyah,1.0
Sharion,1.0
Sharis,1.0
Sharisa,1.0
Sharise,1.0
Sharissa,1.0
Sharisse,1.0
Sharita,1.0
Sharitha,1.0
Sharitta,1.0
Sharity,1.0
Sharitza,1.0
Shariya,1.0
Shariyka,1.0
Sharlen,1.0
Sharkia,1.0
Sharl,1.0
Sharla,1.0
Sharlan,1.0
Sharlanda,1.0
Sharlane,1.0
Sharlayne,1.0
Sharlean,1.0
Sharlee,1.0
Sharleen,1.0
Sharleene,1.0
Sharleez,1.0
Sharmeka,1.0
Sharmell,1.0
Shaquonna,1.0
Sharmen,1.0
Sharnia,1.0
Sharnice,1.0
Sharniece,1.0
Sharnika,1.0
Sharniqua,1.0
Sharnique,1.0
Sharnise,1.0
Sharnisha,1.0
Sharnita,1.0
Sharnyce,1.0
Sharo,1.0
Sharocka,1.0
Sharol,1.0
Sharold,1.0
Sharoll,1.0
Sharolyn,1.0
Sharolynn,1.0
Sharona,1.0
Sharonann,1.0
Sharonda,1.0
Sharonette,1.0
Sharonica,1.0
Sharonlee,1.0
Sharonn,1.0
Sharonna,1.0
Sharonne,1.0
Sharoya,1.0
Sharney,1.0
Sharnette,1.0
Sharnetta,1.0
Sharnaye,1.0
Sharmeta,1.0
Sharmia,1.0
Sharmika,1.0
Sharmila,1.0
Sharmilla,1.0
Sharmin,1.0
Sharmine,1.0
Sharmonique,1.0
Sharmyn,1.0
Sharna,1.0
Sharnae,1.0
Sharnay,1.0
Sharne,1.0
Sharnett,1.0
Sharnea,1.0
Sharnece,1.0
Sharnee,1.0
Sharneice,1.0
Sharneka,1.0
Sharnel,1.0
Sharnele,1.0
Sharnell,1.0
Sharnelle,1.0
Sharnequa,1.0
Sharnese,1.0
Sharnet,1.0
Sharinna,1.0
Sharini,1.0
Sharine,1.0
Sharinda,1.0
Sharayu,1.0
Sharda,1.0
Shardae,1.0
Shardai,1.0
Shardasha,1.0
Shardasia,1.0
Sharday,1.0
Shardaye,1.0
Sharde,1.0
Shardea,1.0
Shardee,1.0
Shardell,1.0
Shardey,1.0
Shardi,1.0
Shardia,1.0
Shardonay,1.0
Shardonnay,1.0
Share,1.0
Sharea,1.0
Sharease,1.0
Shareca,1.0
Sharece,1.0
Shareda,1.0
Sharee,1.0
Shareece,1.0
Shareeda,1.0
Shareefah,1.0
Sharayne,1.0
Sharaye,1.0
Sharayah,1.0
Sharain,1.0
Shaquoya,1.0
Shaqura,1.0
Shaquria,1.0
Shaqwana,1.0
Shaqwanna,1.0
Shar,1.0
Sharada,1.0
Sharae,1.0
Sharaea,1.0
Sharah,1.0
Sharai,1.0
Sharail,1.0
Sharaine,1.0
Sharaya,1.0
Sharal,1.0
Sharale,1.0
Sharalee,1.0
Sharalyn,1.0
Sharalynn,1.0
Sharana,1.0
Sharanda,1.0
Sharane,1.0
Sharann,1.0
Sharanya,1.0
Sharareh,1.0
Sharaven,1.0
Shareeka,1.0
Shareema,1.0
Shareen,1.0
Sharielle,1.0
Shariana,1.0
Shariann,1.0
Sharianne,1.0
Sharica,1.0
Sharice,1.0
Sharicka,1.0
Sharida,1.0
Sharidan,1.0
Shariden,1.0
Sharie,1.0
Shariece,1.0
Sharieka,1.0
Sharifa,1.0
Shariah,1.0
Sharifah,1.0
Sharik,1.0
Sharika,1.0
Sharikka,1.0
Sharil,1.0
Sharilee,1.0
Sharilyn,1.0
Sharilynn,1.0
Sharima,1.0
Sharimar,1.0
Sharin,1.0
Sharina,1.0
Sharian,1.0
Sharia,1.0
Shareena,1.0
Sharenda,1.0
Sharees,1.0
Shareese,1.0
Shareeta,1.0
Shareika,1.0
Shareka,1.0
Sharekia,1.0
Sharel,1.0
Sharella,1.0
Sharelle,1.0
Sharema,1.0
Sharen,1.0
Sharena,1.0
Sharene,1.0
Sharhonda,1.0
Sharenna,1.0
Shareny,1.0
Sharesa,1.0
Sharese,1.0
Sharessa,1.0
Sharesse,1.0
Shareta,1.0
Sharetha,1.0
Sharetta,1.0
Sharette,1.0
Shareva,1.0
Sharey,1.0
Shaniquah,1.0
Shaniqua,1.0
Shaniqa,1.0
Shalondra,1.0
Shalima,1.0
Shalina,1.0
Shalinda,1.0
Shaline,1.0
Shalini,1.0
Shaliqua,1.0
Shalisa,1.0
Shalise,1.0
Shalisha,1.0
Shalisia,1.0
Shalissa,1.0
Shalita,1.0
Shalitha,1.0
Shaliya,1.0
Shaliyah,1.0
Shalla,1.0
Shallan,1.0
Shallen,1.0
Shallin,1.0
Shalliyah,1.0
Shallon,1.0
Shally,1.0
Shallyn,1.0
Shalma,1.0
Shalo,1.0
Shalome,1.0
Shalona,1.0
Shalika,1.0
Shaliese,1.0
Shalie,1.0
Shaleta,1.0
Shalei,1.0
Shaleia,1.0
Shaleigh,1.0
Shaleigha,1.0
Shaleka,1.0
Shalem,1.0
Shalena,1.0
Shalene,1.0
Shalesa,1.0
Shalese,1.0
Shalesha,1.0
Shaleshia,1.0
Shaletha,1.0
Shalicia,1.0
Shalethia,1.0
Shaletta,1.0
Shalette,1.0
Shalexis,1.0
Shalexus,1.0
Shaley,1.0
Shaleya,1.0
Shali,1.0
Shalia,1.0
Shaliah,1.0
Shalica,1.0
Shalice,1.0
Shalonda,1.0
Shalone,1.0
Shameeka,1.0
Shalonna,1.0
Shamarah,1.0
Shamaria,1.0
Shamariah,1.0
Shamariona,1.0
Shamariya,1.0
Shamarra,1.0
Shamarria,1.0
Shamauria,1.0
Shamay,1.0
Shamaya,1.0
Shamayah,1.0
Shamayia,1.0
Shamber,1.0
Shambhavi,1.0
Shambra,1.0
Shambre,1.0
Shambrea,1.0
Shambreka,1.0
Shambria,1.0
Shambrica,1.0
Shambrika,1.0
Shamea,1.0
Shameah,1.0
Shameaka,1.0
Shameca,1.0
Shamecca,1.0
Shamecia,1.0
Shamara,1.0
Shamanique,1.0
Shamani,1.0
Shalyssa,1.0
Shalonte,1.0
Shalunda,1.0
Shalva,1.0
Shalya,1.0
Shalyce,1.0
Shalymar,1.0
Shalyn,1.0
Shalynda,1.0
Shalynn,1.0
Shalynne,1.0
Shalyric,1.0
Shalyse,1.0
Shama,1.0
Shamane,1.0
Shamada,1.0
Shamae,1.0
Shamael,1.0
Shamaia,1.0
Shamaiah,1.0
Shamaila,1.0
Shamain,1.0
Shamaiya,1.0
Shamaka,1.0
Shamakia,1.0
Shamala,1.0
Shamanda,1.0
Shaleese,1.0
Shaleesa,1.0
Shaleena,1.0
Shaleen,1.0
Shakeyda,1.0
Shakeyia,1.0
Shakeyla,1.0
Shakeyra,1.0
Shakeyta,1.0
Shakhia,1.0
Shakhzoda,1.0
Shakia,1.0
Shakiah,1.0
Shakiara,1.0
Shakida,1.0
Shakiea,1.0
Shakiela,1.0
Shakiera,1.0
Shakierra,1.0
Shakiesha,1.0
Shakieta,1.0
Shakila,1.0
Shakilah,1.0
Shakilya,1.0
Shakima,1.0
Shakina,1.0
Shakinah,1.0
Shakira,1.0
Shakirah,1.0
Shakiria,1.0
Shakirra,1.0
Shakeyah,1.0
Shakeya,1.0
Shakevia,1.0
Shakenya,1.0
Shakela,1.0
Shakelah,1.0
Shakelia,1.0
Shakella,1.0
Shakema,1.0
Shakemia,1.0
Shakemmia,1.0
Shakena,1.0
Shakendra,1.0
Shakendria,1.0
Shakenia,1.0
Shakenna,1.0
Shakera,1.0
Shakeva,1.0
Shakerah,1.0
Shakeria,1.0
Shakerra,1.0
Shakerria,1.0
Shakesha,1.0
Shakeshia,1.0
Shaketa,1.0
Shaketha,1.0
Shakethia,1.0
Shaketia,1.0
Shaketra,1.0
Shaketta,1.0
Shakisha,1.0
Shakita,1.0
Shakitha,1.0
Shalay,1.0
Shalana,1.0
Shalanda,1.0
Shalandra,1.0
Shalandria,1.0
Shalane,1.0
Shalani,1.0
Shalanna,1.0
Shalanta,1.0
Shalante,1.0
Shalaunda,1.0
Shalaundra,1.0
Shalawn,1.0
Shalaya,1.0
Shalaine,1.0
Shalayah,1.0
Shalayla,1.0
Shalayna,1.0
Shalayne,1.0
Shalea,1.0
Shaleah,1.0
Shalean,1.0
Shalease,1.0
Shalece,1.0
Shalecia,1.0
Shalee,1.0
Shaleece,1.0
Shalaka,1.0
Shalaina,1.0
Shakitta,1.0
Shakthi,1.0
Shakiva,1.0
Shakiya,1.0
Shakiyah,1.0
Shakiyla,1.0
Shakka,1.0
Shakkia,1.0
Shakonda,1.0
Shakora,1.0
Shakoria,1.0
Shakota,1.0
Shakoya,1.0
Shakria,1.0
Shakura,1.0
Shalai,1.0
Shakuria,1.0
Shakya,1.0
Shakyah,1.0
Shakyia,1.0
Shakyiah,1.0
Shakyla,1.0
Shakyra,1.0
Shakyrah,1.0
Shakyria,1.0
Shala,1.0
Shalae,1.0
Shalah,1.0
Shamecka,1.0
Shameekia,1.0
Shanine,1.0
Shaneqwa,1.0
Shanegua,1.0
Shanei,1.0
Shaneia,1.0
Shaneice,1.0
Shaneika,1.0
Shaneil,1.0
Shaneiqua,1.0
Shaneise,1.0
Shaneisha,1.0
Shaneka,1.0
Shanekia,1.0
Shanekqa,1.0
Shanekqua,1.0
Shanekwa,1.0
Shanel,1.0
Shanele,1.0
Shanella,1.0
Shanelle,1.0
Shanelly,1.0
Shanely,1.0
Shanena,1.0
Shanene,1.0
Shaneqa,1.0
Shanequa,1.0
Shanequah,1.0
Shaneque,1.0
Shanequea,1.0
Shaneese,1.0
Shaneesa,1.0
Shaneequa,1.0
Shaneaka,1.0
Shandora,1.0
Shandra,1.0
Shandrea,1.0
Shandreika,1.0
Shandreka,1.0
Shandrell,1.0
Shandria,1.0
Shandrica,1.0
Shandricka,1.0
Shandrika,1.0
Shanea,1.0
Shaneah,1.0
Shaneal,1.0
Shaneen,1.0
Shanean,1.0
Shaneca,1.0
Shanece,1.0
Shanecia,1.0
Shanecka,1.0
Shanecqua,1.0
Shaneda,1.0
Shanedra,1.0
Shanee,1.0
Shaneece,1.0
Shaneek,1.0
Shaneeka,1.0
Shanequia,1.0
Shanera,1.0
Shameen,1.0
Shaneria,1.0
Shanida,1.0
Shanie,1.0
Shanieca,1.0
Shaniece,1.0
Shanieka,1.0
Shaniel,1.0
Shanielle,1.0
Shaniequa,1.0
Shaniese,1.0
Shaniesha,1.0
Shanigua,1.0
Shanii,1.0
Shanija,1.0
Shanijah,1.0
Shanik,1.0
Shanike,1.0
Shaniki,1.0
Shanikia,1.0
Shanikka,1.0
Shanikqua,1.0
Shanikque,1.0
Shanikwa,1.0
Shanil,1.0
Shanila,1.0
Shanille,1.0
Shanin,1.0
Shanina,1.0
Shanicqua,1.0
Shanicka,1.0
Shanicia,1.0
Shanetra,1.0
Shanerica,1.0
Shanesa,1.0
Shanese,1.0
Shanesha,1.0
Shaneshia,1.0
Shanesia,1.0
Shanessa,1.0
Shanesse,1.0
Shanet,1.0
Shaneta,1.0
Shanetha,1.0
Shanethia,1.0
Shanetria,1.0
Shanica,1.0
Shanett,1.0
Shanetta,1.0
Shanette,1.0
Shaneva,1.0
Shaney,1.0
Shaneya,1.0
Shanez,1.0
Shangaleza,1.0
Shania,1.0
Shaniah,1.0
Shaniaya,1.0
Shaniayah,1.0
Shandolyn,1.0
Shandiin,1.0
Shandie,1.0
Shandice,1.0
Shamikia,1.0
Shamikka,1.0
Shamiko,1.0
Shamila,1.0
Shamill,1.0
Shamilla,1.0
Shamille,1.0
Shamillia,1.0
Shamim,1.0
Shamina,1.0
Shamiqua,1.0
Shamira,1.0
Shamiracle,1.0
Shamirah,1.0
Shamirra,1.0
Shamise,1.0
Shamisha,1.0
Shamita,1.0
Shamiya,1.0
Shamiyah,1.0
Shamkia,1.0
Shamma,1.0
Shammara,1.0
Shammie,1.0
Shamona,1.0
Shamonda,1.0
Shamoni,1.0
Shamieka,1.0
Shamicka,1.0
Shamica,1.0
Shamelle,1.0
Shameera,1.0
Shameerah,1.0
Shameia,1.0
Shameika,1.0
Shameka,1.0
Shameki,1.0
Shamekia,1.0
Shamekka,1.0
Shameko,1.0
Shamela,1.0
Shamelia,1.0
Shamella,1.0
Shamena,1.0
Shamiah,1.0
Shamequa,1.0
Shamera,1.0
Shameria,1.0
Shamese,1.0
Shamesha,1.0
Shameta,1.0
Shametra,1.0
Shametria,1.0
Shametrice,1.0
Shameya,1.0
Shami,1.0
Shamia,1.0
Shamonia,1.0
Shamonica,1.0
Shamonique,1.0
Shanaye,1.0
Shanann,1.0
Shanara,1.0
Shanari,1.0
Shanaria,1.0
Shanarra,1.0
Shanasha,1.0
Shanasia,1.0
Shanata,1.0
Shanautica,1.0
Shanavia,1.0
Shanaya,1.0
Shanayah,1.0
Shanaz,1.0
Shanalee,1.0
Shanbria,1.0
Shanda,1.0
Shandal,1.0
Shandalyn,1.0
Shandara,1.0
Shandee,1.0
Shandella,1.0
Shandelle,1.0
Shander,1.0
Shandera,1.0
Shandi,1.0
Shandia,1.0
Shanana,1.0
Shanaka,1.0
Shamora,1.0
Shamyra,1.0
Shamoria,1.0
Shamorrow,1.0
Shampagne,1.0
Shampayne,1.0
Shamra,1.0
Shamsa,1.0
Shamso,1.0
Shamya,1.0
Shamyah,1.0
Shamyia,1.0
Shamyiah,1.0
Shamyla,1.0
Shamyria,1.0
Shanaja,1.0
Shanada,1.0
Shanade,1.0
Shanae,1.0
Shanah,1.0
Shanai,1.0
Shanaia,1.0
Shanaih,1.0
Shanaika,1.0
Shanail,1.0
Shanaira,1.0
Shanaisha,1.0
Shanaiya,1.0
Sharquita,1.0
Sharrae,1.0
Shiobhan,1.0
Shereka,1.0
Sherae,1.0
Sherah,1.0
Sheraine,1.0
Sheral,1.0
Sheraldine,1.0
Sheralee,1.0
Sherall,1.0
Sheralyn,1.0
Sheran,1.0
Sheranda,1.0
Sheray,1.0
Sheraya,1.0
Sherayne,1.0
Sherby,1.0
Sherdina,1.0
Shere,1.0
Sherea,1.0
Sherease,1.0
Shereca,1.0
Sherece,1.0
Shereda,1.0
Sheree,1.0
Shereece,1.0
Shereen,1.0
Shereena,1.0
Shereese,1.0
Shereeta,1.0
Sheradyn,1.0
Shera,1.0
Shequitta,1.0
Sheny,1.0
Sheniyah,1.0
Shenkia,1.0
Shenna,1.0
Shennan,1.0
Shennel,1.0
Shennell,1.0
Shennon,1.0
Shenny,1.0
Shenoa,1.0
Shenoah,1.0
Shentel,1.0
Shentell,1.0
Shenya,1.0
Shequita,1.0
Shenyah,1.0
Sheona,1.0
Sheonna,1.0
Sheonta,1.0
Shephanie,1.0
Shequana,1.0
Shequanda,1.0
Shequanna,1.0
Shequetta,1.0
Shequila,1.0
Shequilla,1.0
Shequira,1.0
Shereika,1.0
Sherel,1.0
Shenitta,1.0
Sherelene,1.0
Sheriel,1.0
Sherifat,1.0
Sherika,1.0
Sherile,1.0
Sherilee,1.0
Sherille,1.0
Sherilyn,1.0
Sherilynn,1.0
Sherin,1.0
Sherina,1.0
Sherinda,1.0
Sherine,1.0
Sherion,1.0
Sherisa,1.0
Sherise,1.0
Sherissa,1.0
Sherisse,1.0
Sherita,1.0
Sheritha,1.0
Sheritta,1.0
Sheriyah,1.0
Sherkia,1.0
Sherkita,1.0
Sherla,1.0
Sherlanda,1.0
Sherle,1.0
Sherlean,1.0
Sheriee,1.0
Sheriece,1.0
Sherie,1.0
Sherezade,1.0
Sherelle,1.0
Sherelyn,1.0
Sheren,1.0
Sherena,1.0
Sherene,1.0
Sheresa,1.0
Sherese,1.0
Sheresse,1.0
Shereta,1.0
Sheretha,1.0
Sheretta,1.0
Sherette,1.0
Sherhonda,1.0
Sheridyn,1.0
Sheria,1.0
Sheriah,1.0
Sherial,1.0
Sherian,1.0
Sheriann,1.0
Sherianne,1.0
Sherica,1.0
Sherice,1.0
Shericka,1.0
Sherida,1.0
Sheriden,1.0
Sheridon,1.0
Sheniya,1.0
Shenitra,1.0
Sharrah,1.0
Shemera,1.0
Shellina,1.0
Shelline,1.0
Shellisa,1.0
Shellise,1.0
Shellsea,1.0
Shellyann,1.0
Shellye,1.0
Shelma,1.0
Shelon,1.0
Shelonda,1.0
Shelsea,1.0
Shelsey,1.0
Shelsie,1.0
Shelsy,1.0
Shelvey,1.0
Shelvia,1.0
Shely,1.0
Shelyn,1.0
Shemaine,1.0
Shemaka,1.0
Shemara,1.0
Shemariah,1.0
Shemeca,1.0
Shemecka,1.0
Shemeeka,1.0
Shemeika,1.0
Shemeka,1.0
Shellia,1.0
Shelli,1.0
Shellene,1.0
Shelitha,1.0
Shelica,1.0
Shelice,1.0
Shelicia,1.0
Shelie,1.0
Shelika,1.0
Shelina,1.0
Shelinda,1.0
Shelisa,1.0
Shelise,1.0
Shelisha,1.0
Shelissa,1.0
Shelita,1.0
Sheliya,1.0
Shellena,1.0
Sheliyah,1.0
Sheliza,1.0
Shella,1.0
Shellaine,1.0
Shellane,1.0
Shellbe,1.0
Shellbie,1.0
Shellby,1.0
Shelle,1.0
Shellea,1.0
Shellee,1.0
Shelleen,1.0
Shemekia,1.0
Shemia,1.0
Shenitha,1.0
Shemiah,1.0
Sheneque,1.0
Shenequia,1.0
Shenese,1.0
Sheneshia,1.0
Sheneta,1.0
Shenetha,1.0
Shenetra,1.0
Shenetta,1.0
Shenette,1.0
Shengyeng,1.0
Sheni,1.0
Shenia,1.0
Sheniah,1.0
Shenica,1.0
Shenice,1.0
Shenicka,1.0
Sheniece,1.0
Shenika,1.0
Shenikia,1.0
Shenikwa,1.0
Shenille,1.0
Shenina,1.0
Sheniqua,1.0
Shenique,1.0
Shenise,1.0
Shenisha,1.0
Shenita,1.0
Shenequa,1.0
Shenelle,1.0
Shenell,1.0
Shenaya,1.0
Shemica,1.0
Shemicka,1.0
Shemieka,1.0
Shemika,1.0
Shemira,1.0
Shemita,1.0
Shemya,1.0
Shena,1.0
Shenade,1.0
Shenae,1.0
Shenai,1.0
Shenay,1.0
Shenaye,1.0
Shenel,1.0
Shenda,1.0
Shene,1.0
Shenea,1.0
Sheneaka,1.0
Sheneda,1.0
Shenee,1.0
Sheneeka,1.0
Sheneice,1.0
Sheneika,1.0
Sheneil,1.0
Sheneka,1.0
Shenekia,1.0
Sherlee,1.0
Sherleen,1.0
Sherlena,1.0
Shikeyla,1.0
Shianne,1.0
Shiara,1.0
Shiasia,1.0
Shibani,1.0
Shida,1.0
Shieda,1.0
Shieka,1.0
Shiela,1.0
Shielah,1.0
Shielda,1.0
Shiena,1.0
Shiera,1.0
Shierra,1.0
Shiesha,1.0
Shifa,1.0
Shiffon,1.0
Shiffy,1.0
Shifra,1.0
Shigeko,1.0
Shigeno,1.0
Shiho,1.0
Shikara,1.0
Shikari,1.0
Shikela,1.0
Shikema,1.0
Shikera,1.0
Shikeria,1.0
Shianna,1.0
Shiann,1.0
Shiane,1.0
Sheyanne,1.0
Shevelle,1.0
Shevetta,1.0
Shevette,1.0
Shevi,1.0
Shevonda,1.0
Shevone,1.0
Shevonne,1.0
Shewana,1.0
Shewanda,1.0
Shewanna,1.0
Sheyann,1.0
Sheyanna,1.0
Sheyda,1.0
Shiana,1.0
Sheyenne,1.0
Sheyla,1.0
Sheyli,1.0
Sheylin,1.0
Sheylla,1.0
Sheyly,1.0
Sheylyn,1.0
Sheylynn,1.0
Sheyna,1.0
Sheynnis,1.0
Sheza,1.0
Shiala,1.0
Shiketa,1.0
Shikha,1.0
Sherlene,1.0
Shikhara,1.0
Shinaya,1.0
Shinda,1.0
Shindana,1.0
Shinea,1.0
Shinead,1.0
Shinece,1.0
Shinee,1.0
Shineka,1.0
Shinell,1.0
Shinelle,1.0
Shinequa,1.0
Shinese,1.0
Shinesha,1.0
Shinetta,1.0
Shinia,1.0
Shiniah,1.0
Shinice,1.0
Shiniece,1.0
Shinika,1.0
Shiniqua,1.0
Shinique,1.0
Shinise,1.0
Shinita,1.0
Shiniya,1.0
Shinna,1.0
Shiny,1.0
Shioban,1.0
Shinae,1.0
Shina,1.0
Shimya,1.0
Shiloe,1.0
Shikia,1.0
Shikina,1.0
Shikira,1.0
Shikita,1.0
Shila,1.0
Shilah,1.0
Shilat,1.0
Shilee,1.0
Shiley,1.0
Shilla,1.0
Shillae,1.0
Shiloah,1.0
Shilonda,1.0
Shimira,1.0
Shilow,1.0
Shilpa,1.0
Shilyn,1.0
Shilynn,1.0
Shima,1.0
Shimara,1.0
Shimaya,1.0
Shimeeka,1.0
Shimeka,1.0
Shimekia,1.0
Shimere,1.0
Shimika,1.0
Shevella,1.0
Shevell,1.0
Shevawn,1.0
Shevaun,1.0
Sheronda,1.0
Sheronica,1.0
Sheronne,1.0
Sherquita,1.0
Sherr,1.0
Sherra,1.0
Sherrae,1.0
Sherraine,1.0
Sherral,1.0
Sherralyn,1.0
Sherran,1.0
Sherray,1.0
Sherre,1.0
Sherrea,1.0
Sherree,1.0
Sherreka,1.0
Sherrelle,1.0
Sherren,1.0
Sherrena,1.0
Sherrene,1.0
Sherrese,1.0
Sherretta,1.0
Sherrey,1.0
Sherria,1.0
Sherrian,1.0
Sherriann,1.0
Sherrianne,1.0
Sherona,1.0
Sherolyn,1.0
Sherol,1.0
Shermane,1.0
Sherli,1.0
Sherlie,1.0
Sherlin,1.0
Sherline,1.0
Sherlita,1.0
Sherlly,1.0
Sherlon,1.0
Sherlonda,1.0
Sherly,1.0
Sherlyne,1.0
Sherlynn,1.0
Sherma,1.0
Shermeka,1.0
Sherokee,1.0
Shermia,1.0
Shermica,1.0
Shermika,1.0
Shermona,1.0
Shermya,1.0
Sherna,1.0
Sherneice,1.0
Shernell,1.0
Shernette,1.0
Shernice,1.0
Shernika,1.0
Shernita,1.0
Sherrica,1.0
Sherrice,1.0
Sherricka,1.0
Sherylyn,1.0
Shervonda,1.0
Shervonne,1.0
Sherwanda,1.0
Shery,1.0
Sheryal,1.0
Sheryce,1.0
Sherye,1.0
Sheryel,1.0
Sherylann,1.0
Sheryle,1.0
Sheryll,1.0
Sheryln,1.0
Sheryn,1.0
Sherunda,1.0
Sheshe,1.0
Shesia,1.0
Shetal,1.0
Shetara,1.0
Shetarra,1.0
Sheteka,1.0
Shetera,1.0
Sheterica,1.0
Sheterrica,1.0
Shetia,1.0
Shetika,1.0
Sheva,1.0
Shervon,1.0
Shertia,1.0
Sherridan,1.0
Sherrita,1.0
Sherriel,1.0
Sherrika,1.0
Sherrilee,1.0
Sherrille,1.0
Sherrilyn,1.0
Sherrilynn,1.0
Sherrin,1.0
Sherrina,1.0
Sherrine,1.0
Sherrion,1.0
Sherris,1.0
Sherrise,1.0
Sherritta,1.0
Sherryn,1.0
Sherrl,1.0
Sherrlyn,1.0
Sherrol,1.0
Sherronda,1.0
Sherrone,1.0
Sherryann,1.0
Sherrye,1.0
Sherryle,1.0
Sherrylee,1.0
Sherryll,1.0
Sherrylyn,1.0
Sherrylynn,1.0
Sheliah,1.0
Sheli,1.0
Sheley,1.0
Shauri,1.0
Shauniqua,1.0
Shaunique,1.0
Shaunise,1.0
Shaunita,1.0
Shauniya,1.0
Shaunna,1.0
Shauntai,1.0
Shauntal,1.0
Shauntasia,1.0
Shauntavia,1.0
Shauntaya,1.0
Shauntaye,1.0
Shauntea,1.0
Shauntee,1.0
Shauntele,1.0
Shauntell,1.0
Shauntelle,1.0
Shaunteria,1.0
Shaunti,1.0
Shauntia,1.0
Shauntiana,1.0
Shauntice,1.0
Shauntina,1.0
Shauntoria,1.0
Shauntrell,1.0
Shauntrice,1.0
Shaunya,1.0
Shaunika,1.0
Shaunielle,1.0
Shauniece,1.0
Shaunece,1.0
Shaunacy,1.0
Shaunae,1.0
Shaunah,1.0
Shaunay,1.0
Shaunda,1.0
Shaundel,1.0
Shaundra,1.0
Shaundrea,1.0
Shaundreka,1.0
Shaundria,1.0
Shaundrika,1.0
Shaunea,1.0
Shaunee,1.0
Shaunie,1.0
Shauneen,1.0
Shauneille,1.0
Shaunel,1.0
Shaunell,1.0
Shaunelle,1.0
Shaunese,1.0
Shaunetta,1.0
Shaunette,1.0
Shauney,1.0
Shauni,1.0
Shaunia,1.0
Shaunice,1.0
Shaunyce,1.0
Shaurice,1.0
Shawneeque,1.0
Shavada,1.0
Shawana,1.0
Shawanda,1.0
Shawandra,1.0
Shawann,1.0
Shawanna,1.0
Shawauna,1.0
Shawda,1.0
Shawdae,1.0
Shawday,1.0
Shawnacy,1.0
Shawnae,1.0
Shawnah,1.0
Shawnalee,1.0
Shawnay,1.0
Shawnda,1.0
Shawndee,1.0
Shawndelle,1.0
Shawndi,1.0
Shawndra,1.0
Shawndrea,1.0
Shawndreka,1.0
Shawndria,1.0
Shawndrika,1.0
Shawnea,1.0
Shawnece,1.0
Shawneece,1.0
Shawneen,1.0
Shavy,1.0
Shavonya,1.0
Shavonne,1.0
Shavera,1.0
Shavae,1.0
Shavan,1.0
Shavana,1.0
Shavanda,1.0
Shavanna,1.0
Shavannah,1.0
Shavante,1.0
Shavaria,1.0
Shavaun,1.0
Shavawn,1.0
Shavella,1.0
Shavelle,1.0
Shavetta,1.0
Shavonna,1.0
Shavette,1.0
Shavia,1.0
Shavina,1.0
Shavion,1.0
Shavita,1.0
Shavna,1.0
Shavona,1.0
Shavonda,1.0
Shavondra,1.0
Shavone,1.0
Shavonia,1.0
Shavonn,1.0
Shaula,1.0
Shaude,1.0
Shatyra,1.0
Shatrice,1.0
Sharyce,1.0
Sharyia,1.0
Sharyl,1.0
Sharyle,1.0
Sharyn,1.0
Sharyne,1.0
Sharynn,1.0
Sharynne,1.0
Sharyon,1.0
Shasa,1.0
Shasha,1.0
Shashana,1.0
Shashanna,1.0
Shashawn,1.0
Shashawna,1.0
Shashona,1.0
Shaska,1.0
Shasmeen,1.0
Shastelin,1.0
Shastelyn,1.0
Shastina,1.0
Shastity,1.0
Shata,1.0
Shatae,1.0
Shataka,1.0
Shatana,1.0
Shatanna,1.0
Sharyan,1.0
Sharyah,1.0
Sharya,1.0
Sharrol,1.0
Sharran,1.0
Sharray,1.0
Sharre,1.0
Sharree,1.0
Sharrel,1.0
Sharrell,1.0
Sharren,1.0
Sharri,1.0
Sharrie,1.0
Sharrika,1.0
Sharrion,1.0
Sharrita,1.0
Sharrona,1.0
Shary,1.0
Sharronda,1.0
Sharrone,1.0
Sharry,1.0
Sharryl,1.0
Sharryn,1.0
Shartavia,1.0
Sharunda,1.0
Sharvae,1.0
Sharvani,1.0
Sharvari,1.0
Sharvi,1.0
Sharvon,1.0
Shatanya,1.0
Shatara,1.0
Shatarah,1.0
Shatondra,1.0
Shatiera,1.0
Shatierra,1.0
Shatifah,1.0
Shatika,1.0
Shatila,1.0
Shatima,1.0
Shatina,1.0
Shatiqua,1.0
Shatira,1.0
Shatisha,1.0
Shatiya,1.0
Shatona,1.0
Shatonga,1.0
Shatica,1.0
Shatoni,1.0
Shatonia,1.0
Shatonna,1.0
Shatonya,1.0
Shatora,1.0
Shatori,1.0
Shatoria,1.0
Shatorria,1.0
Shatory,1.0
Shatorya,1.0
Shatoya,1.0
Shatoyia,1.0
Shatice,1.0
Shatiana,1.0
Shatari,1.0
Shatell,1.0
Shataria,1.0
Shatarra,1.0
Shatasha,1.0
Shatasia,1.0
Shataura,1.0
Shatavia,1.0
Shatay,1.0
Shataya,1.0
Shateara,1.0
Shateema,1.0
Shateia,1.0
Shateka,1.0
Shatema,1.0
Shatiah,1.0
Shatera,1.0
Shateria,1.0
Shaterica,1.0
Shaterika,1.0
Shaterra,1.0
Shaterria,1.0
Shaterrica,1.0
Shaterrika,1.0
Shatesha,1.0
Shateya,1.0
Shatha,1.0
Shatia,1.0
Shawneequa,1.0
Shawneice,1.0
Shelette,1.0
Shekeitha,1.0
Shefali,1.0
Shehrbano,1.0
Shehzeen,1.0
Sheida,1.0
Sheika,1.0
Sheikha,1.0
Sheil,1.0
Sheilagh,1.0
Sheilah,1.0
Sheilamarie,1.0
Sheilda,1.0
Sheili,1.0
Sheilia,1.0
Sheilla,1.0
Sheilly,1.0
Sheily,1.0
Sheilyn,1.0
Sheina,1.0
Sheindel,1.0
Sheindy,1.0
Sheira,1.0
Sheiva,1.0
Sheka,1.0
Shekayla,1.0
Shekeena,1.0
Shekeia,1.0
Shekeila,1.0
Shefa,1.0
Sheeva,1.0
Sheetal,1.0
Sheela,1.0
Sheanna,1.0
Sheara,1.0
Shearon,1.0
Sheary,1.0
Sheba,1.0
Shebra,1.0
Shebria,1.0
Sheccid,1.0
Shecid,1.0
Shedonna,1.0
Shedricka,1.0
Sheeba,1.0
Sheelagh,1.0
Sheery,1.0
Sheelah,1.0
Sheema,1.0
Sheenah,1.0
Sheenamarie,1.0
Sheene,1.0
Sheeneeka,1.0
Sheenia,1.0
Sheenika,1.0
Sheenna,1.0
Sheera,1.0
Sheere,1.0
Sheereen,1.0
Shekeita,1.0
Shekela,1.0
Shawneka,1.0
Shekelia,1.0
Shelbee,1.0
Shelbey,1.0
Shelbi,1.0
Shelbia,1.0
Shelbie,1.0
Shelbra,1.0
Shelbyann,1.0
Shelbye,1.0
Shelbyjean,1.0
Shelbyjo,1.0
Shelbylyn,1.0
Shelbylynn,1.0
Shelcy,1.0
Shelda,1.0
Sheldia,1.0
Shele,1.0
Shelea,1.0
Sheleah,1.0
Shelee,1.0
Sheleen,1.0
Sheleena,1.0
Shelena,1.0
Shelene,1.0
Shelese,1.0
Sheleta,1.0
Sheletha,1.0
Sheletta,1.0
Shelbea,1.0
Shelbe,1.0
Shelayne,1.0
Shekima,1.0
Shekema,1.0
Shekena,1.0
Shekera,1.0
Shekeria,1.0
Shekerra,1.0
Sheketa,1.0
Sheketha,1.0
Shekevia,1.0
Shekeya,1.0
Shekhinah,1.0
Shekia,1.0
Shekila,1.0
Shekina,1.0
Shelaya,1.0
Shekinah,1.0
Shekira,1.0
Shekita,1.0
Shekitha,1.0
Shela,1.0
Shelagh,1.0
Shelah,1.0
Shelaine,1.0
Shelan,1.0
Shelana,1.0
Shelanda,1.0
Shelane,1.0
Sheandra,1.0
Sheana,1.0
Shealynn,1.0
Shealyn,1.0
Shawntaya,1.0
Shawntaye,1.0
Shawntea,1.0
Shawntee,1.0
Shawntell,1.0
Shawntella,1.0
Shawntelle,1.0
Shawnteria,1.0
Shawntey,1.0
Shawnti,1.0
Shawntia,1.0
Shawntice,1.0
Shawntika,1.0
Shawntina,1.0
Shawntrice,1.0
Shawny,1.0
Shawnya,1.0
Shawona,1.0
Shawonda,1.0
Shawonna,1.0
Shawta,1.0
Shawyn,1.0
Shayah,1.0
Shayal,1.0
Shayana,1.0
Shayane,1.0
Shayann,1.0
Shawntavia,1.0
Shawntasia,1.0
Shawntane,1.0
Shawnice,1.0
Shawnelle,1.0
Shawnequa,1.0
Shawnese,1.0
Shawnesha,1.0
Shawnessy,1.0
Shawnett,1.0
Shawnetta,1.0
Shawnette,1.0
Shawney,1.0
Shawni,1.0
Shawnia,1.0
Shawnic,1.0
Shawnie,1.0
Shawntale,1.0
Shawniece,1.0
Shawnika,1.0
Shawniqua,1.0
Shawnique,1.0
Shawnise,1.0
Shawnisha,1.0
Shawnita,1.0
Shawnna,1.0
Shawnnessy,1.0
Shawnon,1.0
Shawntai,1.0
Shawntal,1.0
Shayanna,1.0
Shayanne,1.0
Shayda,1.0
Shazia,1.0
Shaynelle,1.0
Shayni,1.0
Shaynia,1.0
Shaynie,1.0
Shaynna,1.0
Shaynne,1.0
Shayona,1.0
Shayonna,1.0
Shayra,1.0
Shayvonne,1.0
Shaza,1.0
Shazaria,1.0
Shdiamond,1.0
Shaynee,1.0
She,1.0
Sheaira,1.0
Sheala,1.0
Shealan,1.0
Shealee,1.0
Shealeen,1.0
Shealeigh,1.0
Shealene,1.0
Shealey,1.0
Sheali,1.0
Shealin,1.0
Shealy,1.0
Shaynell,1.0
Shayndel,1.0
Shaydee,1.0
Shaylene,1.0
Shaydie,1.0
Shayeeda,1.0
Shayenne,1.0
Shayera,1.0
Shaylah,1.0
Shayle,1.0
Shaylea,1.0
Shayleah,1.0
Shaylee,1.0
Shayleen,1.0
Shaylei,1.0
Shayleigh,1.0
Shayley,1.0
Shaynah,1.0
Shayli,1.0
Shaylia,1.0
Shaylie,1.0
Shaylinn,1.0
Shaylla,1.0
Shayln,1.0
Shaylonda,1.0
Shaylyn,1.0
Shaylynn,1.0
Shaylynne,1.0
Shayma,1.0
Shaymaa,1.0
Kesi,1.0
Kiyasha,1.0
Keshvi,1.0
Cesia,1.0
Chadae,1.0
Chadijah,1.0
Chadsity,1.0
Chadyeane,1.0
Chaela,1.0
Chaeli,1.0
Chaely,1.0
Chaelyn,1.0
Chaelynn,1.0
Chaena,1.0
Chaia,1.0
Chaila,1.0
Chailee,1.0
Chailey,1.0
Chaille,1.0
Chailyn,1.0
Chailynn,1.0
Chairity,1.0
Chairty,1.0
Chaishvi,1.0
Chaislyn,1.0
Chaisty,1.0
Chaithra,1.0
Chaitra,1.0
Chaiya,1.0
Chakakhan,1.0
Chakara,1.0
Chada,1.0
Chabria,1.0
Chablis,1.0
Cevera,1.0
Cesilee,1.0
Cesiley,1.0
Cesilia,1.0
Cesilie,1.0
Cesily,1.0
Cesira,1.0
Cesley,1.0
Ceslie,1.0
Cessily,1.0
Cessna,1.0
Cetera,1.0
Cevanna,1.0
Cevilla,1.0
Chabely,1.0
Ceyana,1.0
Ceyara,1.0
Ceyda,1.0
Ceylan,1.0
Ceylin,1.0
Ceyonce,1.0
Ceyonna,1.0
Cezanne,1.0
Chaarvi,1.0
Chaaya,1.0
Chabeli,1.0
Chabelli,1.0
Chakayla,1.0
Chakela,1.0
Chakelia,1.0
Chalyn,1.0
Chalisa,1.0
Chalise,1.0
Chalissa,1.0
Chalisse,1.0
Chalita,1.0
Chaliyah,1.0
Challise,1.0
Chalonda,1.0
Chalsea,1.0
Chalsey,1.0
Chalsie,1.0
Chalyce,1.0
Chalynn,1.0
Chalina,1.0
Chalyse,1.0
Chama,1.0
Chamaine,1.0
Chamara,1.0
Chamari,1.0
Chamarra,1.0
Chamaya,1.0
Chamberlyn,1.0
Chambre,1.0
Chambria,1.0
Chameka,1.0
Chamelle,1.0
Chalis,1.0
Chalie,1.0
Chakera,1.0
Chala,1.0
Chakeria,1.0
Chaketa,1.0
Chakevia,1.0
Chakeya,1.0
Chakia,1.0
Chakina,1.0
Chakira,1.0
Chakita,1.0
Chakiya,1.0
Chakka,1.0
Chakya,1.0
Chakyra,1.0
Chalan,1.0
Chalice,1.0
Chalanda,1.0
Chalandra,1.0
Chalea,1.0
Chalee,1.0
Chalei,1.0
Chalena,1.0
Chalene,1.0
Chalese,1.0
Chalet,1.0
Chalette,1.0
Chaley,1.0
Chalia,1.0
Cesiah,1.0
Cescily,1.0
Chamia,1.0
Cesarina,1.0
Celinna,1.0
Celis,1.0
Celisa,1.0
Celise,1.0
Celisha,1.0
Celissa,1.0
Celisse,1.0
Celita,1.0
Celiyah,1.0
Cella,1.0
Celleste,1.0
Cellestine,1.0
Cellia,1.0
Cellie,1.0
Cellina,1.0
Celsa,1.0
Celsea,1.0
Celsey,1.0
Celsi,1.0
Celsie,1.0
Cely,1.0
Celyn,1.0
Celyna,1.0
Celyne,1.0
Celynn,1.0
Cemile,1.0
Cemiyah,1.0
Celinez,1.0
Celines,1.0
Celine,1.0
Celestina,1.0
Celenne,1.0
Celeny,1.0
Celerina,1.0
Celes,1.0
Celese,1.0
Celess,1.0
Celesse,1.0
Celest,1.0
Celesta,1.0
Celestia,1.0
Celestial,1.0
Celestie,1.0
Celestte,1.0
Celinda,1.0
Celeta,1.0
Celetha,1.0
Celeya,1.0
Celi,1.0
Celiah,1.0
Celiana,1.0
Celica,1.0
Celicia,1.0
Celida,1.0
Celie,1.0
Celimar,1.0
Celin,1.0
Cemone,1.0
Cemre,1.0
Cemya,1.0
Cerissa,1.0
Ceresa,1.0
Cerese,1.0
Ceretha,1.0
Cereza,1.0
Ceri,1.0
Ceria,1.0
Ceriah,1.0
Ceridwen,1.0
Cerina,1.0
Cerinity,1.0
Cerisa,1.0
Cerise,1.0
Cerita,1.0
Cerenity,1.0
Ceriyah,1.0
Cerra,1.0
Cerri,1.0
Cerria,1.0
Cerridwen,1.0
Cerrie,1.0
Cerrisa,1.0
Cerrissa,1.0
Cersei,1.0
Cerys,1.0
Cesalie,1.0
Cesaria,1.0
Ceres,1.0
Cereniti,1.0
Cenae,1.0
Cennet,1.0
Cenai,1.0
Cenaida,1.0
Cendi,1.0
Cendra,1.0
Cendy,1.0
Cenedra,1.0
Cenia,1.0
Cenie,1.0
Cenith,1.0
Ceniya,1.0
Ceniyah,1.0
Cennedy,1.0
Cennie,1.0
Cerena,1.0
Centeria,1.0
Centhia,1.0
Cenya,1.0
Ceolia,1.0
Ceona,1.0
Ceonna,1.0
Cera,1.0
Cerah,1.0
Cerai,1.0
Ceraphina,1.0
Cerelia,1.0
Ceren,1.0
Chamere,1.0
Chamika,1.0
Celene,1.0
Chantol,1.0
Chardanae,1.0
Chardanay,1.0
Chardasia,1.0
Charday,1.0
Charde,1.0
Chardee,1.0
Chardell,1.0
Chardey,1.0
Chardon,1.0
Chardonae,1.0
Chardonay,1.0
Chardonnae,1.0
Chardonnay,1.0
Chare,1.0
Charea,1.0
Charece,1.0
Charee,1.0
Chareen,1.0
Chareese,1.0
Charel,1.0
Charell,1.0
Charelle,1.0
Charemon,1.0
Charen,1.0
Charene,1.0
Charese,1.0
Charessa,1.0
Chardai,1.0
Chardae,1.0
Charda,1.0
Chapelle,1.0
Chantrea,1.0
Chantrel,1.0
Chantrell,1.0
Chantrelle,1.0
Chantrice,1.0
Chanty,1.0
Chantzy,1.0
Chany,1.0
Chanya,1.0
Chanyah,1.0
Chanyce,1.0
Chanyia,1.0
Chaquana,1.0
Charay,1.0
Chaquanna,1.0
Chaqueta,1.0
Chaquetta,1.0
Chaquilla,1.0
Chaquita,1.0
Chaquitta,1.0
Char,1.0
Chara,1.0
Charade,1.0
Charae,1.0
Charaine,1.0
Charanda,1.0
Charesse,1.0
Charetta,1.0
Charette,1.0
Charlayne,1.0
Charkita,1.0
Charla,1.0
Charlae,1.0
Charlain,1.0
Charlaine,1.0
Charlan,1.0
Charlana,1.0
Charlanda,1.0
Charlane,1.0
Charlann,1.0
Charlanne,1.0
Charlay,1.0
Charlcie,1.0
Chariyah,1.0
Charlcy,1.0
Charlea,1.0
Charleah,1.0
Charlean,1.0
Charleane,1.0
Charlecia,1.0
Charleeann,1.0
Charleen,1.0
Charleene,1.0
Charleerose,1.0
Charlei,1.0
Charleigh,1.0
Charizma,1.0
Chariya,1.0
Charhonda,1.0
Charisa,1.0
Chari,1.0
Charia,1.0
Chariah,1.0
Charice,1.0
Charidy,1.0
Charie,1.0
Chariel,1.0
Charielle,1.0
Chariese,1.0
Charika,1.0
Charilyn,1.0
Charina,1.0
Charise,1.0
Charito,1.0
Charish,1.0
Charisha,1.0
Charisma,1.0
Chariss,1.0
Charissa,1.0
Charisse,1.0
Charissma,1.0
Charita,1.0
Charitee,1.0
Charitha,1.0
Chariti,1.0
Charitie,1.0
Chantoria,1.0
Chantle,1.0
Chamille,1.0
Chantise,1.0
Chandell,1.0
Chandelle,1.0
Chandi,1.0
Chandice,1.0
Chandini,1.0
Chandley,1.0
Chandlyr,1.0
Chandni,1.0
Chandre,1.0
Chandrea,1.0
Chandrell,1.0
Chandria,1.0
Chandrika,1.0
Chandris,1.0
Chandy,1.0
Chanea,1.0
Chanee,1.0
Chaneice,1.0
Chaneka,1.0
Chanele,1.0
Chanell,1.0
Chanella,1.0
Chanelle,1.0
Chanelly,1.0
Chanequa,1.0
Chanese,1.0
Chanet,1.0
Chandel,1.0
Chandee,1.0
Chandani,1.0
Champayne,1.0
Chamique,1.0
Chamira,1.0
Chamisa,1.0
Chamise,1.0
Chamiya,1.0
Chamiyah,1.0
Champagne,1.0
Champaign,1.0
Champaigne,1.0
Champaine,1.0
Champale,1.0
Champane,1.0
Chamya,1.0
Chandale,1.0
Chana,1.0
Chanae,1.0
Chanah,1.0
Chanai,1.0
Chanavia,1.0
Chanay,1.0
Chanaya,1.0
Chancee,1.0
Chances,1.0
Chanci,1.0
Chandace,1.0
Chandal,1.0
Chaneta,1.0
Chanetta,1.0
Chanette,1.0
Chantey,1.0
Chantall,1.0
Chantalle,1.0
Chantasia,1.0
Chantavia,1.0
Chantay,1.0
Chantaye,1.0
Chantea,1.0
Chanteal,1.0
Chantee,1.0
Chantele,1.0
Chantella,1.0
Chanteria,1.0
Chantez,1.0
Chantail,1.0
Chanti,1.0
Chantia,1.0
Chantice,1.0
Chantiel,1.0
Chantil,1.0
Chantile,1.0
Chantill,1.0
Chantille,1.0
Chantilly,1.0
Chantily,1.0
Chantina,1.0
Chantis,1.0
Chantale,1.0
Chantai,1.0
Chaneyra,1.0
Chanita,1.0
Chani,1.0
Chania,1.0
Chaniah,1.0
Chanice,1.0
Chanie,1.0
Chaniece,1.0
Chanielle,1.0
Chanika,1.0
Chanille,1.0
Chaniqua,1.0
Chanique,1.0
Chanise,1.0
Chanity,1.0
Chantae,1.0
Chaniya,1.0
Chaniyah,1.0
Chanlee,1.0
Chanley,1.0
Channah,1.0
Channan,1.0
Channel,1.0
Channell,1.0
Channelle,1.0
Channie,1.0
Chanoa,1.0
Chanta,1.0
Celenia,1.0
Celena,1.0
Charlena,1.0
Carylon,1.0
Casheena,1.0
Cashlyn,1.0
Cashlynn,1.0
Casi,1.0
Casia,1.0
Casiah,1.0
Casiana,1.0
Casidee,1.0
Casidhe,1.0
Casidy,1.0
Casilda,1.0
Casimera,1.0
Casimira,1.0
Casina,1.0
Casiyah,1.0
Caslyn,1.0
Caslynn,1.0
Casmera,1.0
Casmin,1.0
Casmira,1.0
Casondra,1.0
Casonja,1.0
Casonya,1.0
Cassadee,1.0
Cassadi,1.0
Cassadie,1.0
Cassadra,1.0
Cashea,1.0
Cashay,1.0
Cashara,1.0
Casaundra,1.0
Caryna,1.0
Carynn,1.0
Caryol,1.0
Carys,1.0
Caryss,1.0
Caryssa,1.0
Casadee,1.0
Casadi,1.0
Casady,1.0
Casandr,1.0
Casara,1.0
Casarah,1.0
Casaya,1.0
Cashanti,1.0
Cascia,1.0
Casea,1.0
Casee,1.0
Caselyn,1.0
Caselynn,1.0
Caseyann,1.0
Caseylynn,1.0
Casha,1.0
Cashae,1.0
Cashala,1.0
Cashana,1.0
Cashanda,1.0
Cassand,1.0
Cassanda,1.0
Cassandera,1.0
Cataleia,1.0
Cassye,1.0
Casta,1.0
Castalia,1.0
Castella,1.0
Castina,1.0
Castoria,1.0
Casundra,1.0
Catalaya,1.0
Catalayah,1.0
Catalea,1.0
Cataleah,1.0
Cataleena,1.0
Cataleiya,1.0
Cassundra,1.0
Catalella,1.0
Catalena,1.0
Cataleya,1.0
Cataleyah,1.0
Catalia,1.0
Catalin,1.0
Cataline,1.0
Cataliya,1.0
Cataliyah,1.0
Catalya,1.0
Catalyna,1.0
Catana,1.0
Cassy,1.0
Cassonia,1.0
Cassandr,1.0
Cassiah,1.0
Cassandre,1.0
Cassandrea,1.0
Cassandria,1.0
Cassanora,1.0
Cassara,1.0
Cassarah,1.0
Cassaundra,1.0
Cassedy,1.0
Cassee,1.0
Cassendra,1.0
Cassi,1.0
Cassia,1.0
Cassiana,1.0
Cassondra,1.0
Cassiday,1.0
Cassidee,1.0
Cassidey,1.0
Cassidi,1.0
Cassidie,1.0
Cassietta,1.0
Cassina,1.0
Cassiopeia,1.0
Cassiopia,1.0
Cassity,1.0
Casslyn,1.0
Cassondr,1.0
Caryn,1.0
Caryll,1.0
Catarena,1.0
Caryle,1.0
Carnella,1.0
Carnesha,1.0
Carneshia,1.0
Carnetta,1.0
Carnisha,1.0
Carnita,1.0
Carola,1.0
Carolan,1.0
Carolann,1.0
Carolanne,1.0
Carolay,1.0
Caroldean,1.0
Caroldine,1.0
Carolea,1.0
Caroleann,1.0
Carolee,1.0
Caroleen,1.0
Caroleena,1.0
Carolen,1.0
Carolena,1.0
Carolene,1.0
Caroletta,1.0
Carolette,1.0
Carolgene,1.0
Carolie,1.0
Carolin,1.0
Carolinda,1.0
Carnelia,1.0
Carneisha,1.0
Carnation,1.0
Carmia,1.0
Carmellia,1.0
Carmelyn,1.0
Carmena,1.0
Carmencita,1.0
Carmene,1.0
Carmenita,1.0
Carmenlita,1.0
Carmesa,1.0
Carmesha,1.0
Carmeshia,1.0
Carmesia,1.0
Carmetta,1.0
Carmila,1.0
Carna,1.0
Carmilita,1.0
Carmilla,1.0
Carmille,1.0
Carmina,1.0
Carmindy,1.0
Carminia,1.0
Carmisha,1.0
Carmita,1.0
Carmoni,1.0
Carmya,1.0
Carmyn,1.0
Carmynn,1.0
Carolita,1.0
Caroljean,1.0
Caroljo,1.0
Carryl,1.0
Carrieanne,1.0
Carriebell,1.0
Carrielynn,1.0
Carrin,1.0
Carrina,1.0
Carrine,1.0
Carrisa,1.0
Carrissa,1.0
Carrole,1.0
Carrolle,1.0
Carrolyn,1.0
Carrye,1.0
Carryn,1.0
Carrianne,1.0
Carsandra,1.0
Carshena,1.0
Carsynn,1.0
Cartha,1.0
Cartina,1.0
Cartisha,1.0
Cartlin,1.0
Cartney,1.0
Cartrina,1.0
Carya,1.0
Caryann,1.0
Carye,1.0
Carrieann,1.0
Carrianna,1.0
Carolle,1.0
Caroyl,1.0
Carollee,1.0
Carollou,1.0
Carollyn,1.0
Carollynn,1.0
Carolsue,1.0
Caroly,1.0
Carolyna,1.0
Carolyne,1.0
Carolynn,1.0
Carolynne,1.0
Carolyon,1.0
Caronda,1.0
Caroyn,1.0
Carriann,1.0
Carra,1.0
Carragan,1.0
Carrah,1.0
Carre,1.0
Carree,1.0
Carreen,1.0
Carren,1.0
Carrena,1.0
Carrera,1.0
Carressa,1.0
Carri,1.0
Carriana,1.0
Catara,1.0
Catarina,1.0
Celeena,1.0
Cawanda,1.0
Caysi,1.0
Caysie,1.0
Cayslee,1.0
Caytie,1.0
Caytlen,1.0
Caytlin,1.0
Caytlyn,1.0
Caytlynn,1.0
Cazandra,1.0
Caziyah,1.0
Ceaira,1.0
Ceairra,1.0
Cealie,1.0
Ceana,1.0
Ceandra,1.0
Ceann,1.0
Ceanna,1.0
Ceara,1.0
Cearah,1.0
Cearia,1.0
Cearra,1.0
Ceasia,1.0
Ceason,1.0
Ceazia,1.0
Cebell,1.0
Cebria,1.0
Cebrina,1.0
Caysee,1.0
Cayra,1.0
Caylynn,1.0
Caylah,1.0
Caya,1.0
Caybree,1.0
Caycee,1.0
Cayci,1.0
Caycie,1.0
Cayda,1.0
Caydance,1.0
Caydee,1.0
Caydince,1.0
Caye,1.0
Cayetana,1.0
Cayla,1.0
Caylani,1.0
Caylyn,1.0
Caylea,1.0
Caylee,1.0
Cayleeann,1.0
Cayleen,1.0
Caylei,1.0
Cayleigh,1.0
Caylene,1.0
Cayley,1.0
Cayli,1.0
Cayliana,1.0
Caylie,1.0
Caylinn,1.0
Cece,1.0
Ceceila,1.0
Ceceilia,1.0
Ceilidh,1.0
Cedrika,1.0
Cedrina,1.0
Cee,1.0
Ceeanna,1.0
Cehlani,1.0
Ceianna,1.0
Ceiara,1.0
Ceil,1.0
Ceila,1.0
Ceilani,1.0
Ceili,1.0
Ceilia,1.0
Ceinna,1.0
Cedrica,1.0
Ceionna,1.0
Ceira,1.0
Ceirra,1.0
Ceji,1.0
Cela,1.0
Celaena,1.0
Celani,1.0
Celaya,1.0
Cele,1.0
Celebrity,1.0
Celecia,1.0
Celedonia,1.0
Cedricka,1.0
Cedrianna,1.0
Cecel,1.0
Cecille,1.0
Cecele,1.0
Cecelie,1.0
Cecellia,1.0
Cecely,1.0
Ceci,1.0
Cecia,1.0
Cecila,1.0
Cecilee,1.0
Ceciley,1.0
Cecili,1.0
Cecilie,1.0
Cecilla,1.0
Cecillia,1.0
Cedriana,1.0
Cecilly,1.0
Cecily,1.0
Cecilya,1.0
Ceclia,1.0
Cecy,1.0
Cecyle,1.0
Cecylia,1.0
Cedella,1.0
Cederia,1.0
Cedra,1.0
Cedrea,1.0
Cedria,1.0
Cawanna,1.0
Caudie,1.0
Catasha,1.0
Catya,1.0
Cathay,1.0
Cathe,1.0
Cathee,1.0
Catheleen,1.0
Cathelene,1.0
Catheline,1.0
Cather,1.0
Catheren,1.0
Catherene,1.0
Catherin,1.0
Catherina,1.0
Catherline,1.0
Cathern,1.0
Catherne,1.0
Catheryn,1.0
Catheryne,1.0
Cathey,1.0
Cathi,1.0
Cathia,1.0
Cathie,1.0
Cathirine,1.0
Cathlean,1.0
Cathlena,1.0
Cathlene,1.0
Cathlin,1.0
Cathlina,1.0
Cathline,1.0
Catharine,1.0
Catharina,1.0
Cathaline,1.0
Cateria,1.0
Cate,1.0
Cateena,1.0
Catelaya,1.0
Cateleya,1.0
Catelin,1.0
Catelina,1.0
Catelyn,1.0
Catelynn,1.0
Catelynne,1.0
Catena,1.0
Catenia,1.0
Catera,1.0
Caterin,1.0
Cathalina,1.0
Caterina,1.0
Caterine,1.0
Caternia,1.0
Caterra,1.0
Catessa,1.0
Catey,1.0
Cath,1.0
Catha,1.0
Cathaleen,1.0
Cathalene,1.0
Cathaleya,1.0
Cathalia,1.0
Cathlyn,1.0
Cathreen,1.0
Cathren,1.0
Catricia,1.0
Catosha,1.0
Catoya,1.0
Catrease,1.0
Catrece,1.0
Catreena,1.0
Catrena,1.0
Catrenia,1.0
Catrese,1.0
Catressa,1.0
Catria,1.0
Catriana,1.0
Catrice,1.0
Catrin,1.0
Catori,1.0
Catrina,1.0
Catrinia,1.0
Catrinna,1.0
Catriona,1.0
Catrisha,1.0
Cattalaya,1.0
Cattaleya,1.0
Cattibrie,1.0
Cattie,1.0
Cattina,1.0
Cattleya,1.0
Caty,1.0
Catoria,1.0
Catonya,1.0
Cathrin,1.0
Catia,1.0
Cathrina,1.0
Cathrine,1.0
Cathryn,1.0
Cathryne,1.0
Cathrynn,1.0
Cathyann,1.0
Cathye,1.0
Cathyjo,1.0
Cathylee,1.0
Cathyleen,1.0
Cathyrn,1.0
Cati,1.0
Catiana,1.0
Catlynn,1.0
Catie,1.0
Catilaya,1.0
Catileya,1.0
Catilin,1.0
Catilyn,1.0
Catine,1.0
Catinia,1.0
Catinna,1.0
Catiria,1.0
Catisha,1.0
Catleya,1.0
Catlyn,1.0
Charlen,1.0
Charlesa,1.0
Carmella,1.0
Chideziri,1.0
Chinelle,1.0
Chineme,1.0
Chinenye,1.0
Chinenyenwa,1.0
Chinere,1.0
Chinesta,1.0
Chinester,1.0
Chineta,1.0
Chinetta,1.0
Chineye,1.0
Chinika,1.0
Chiniqua,1.0
Chinita,1.0
Chinitta,1.0
Chinmayi,1.0
Chinna,1.0
Chinonye,1.0
Chinue,1.0
Chinwe,1.0
Chinwendu,1.0
Chinyere,1.0
Chioma,1.0
Chiquana,1.0
Chiqueta,1.0
Chiquetta,1.0
Chiquia,1.0
Chiquila,1.0
Chineka,1.0
Chinda,1.0
Chinaza,1.0
Chikara,1.0
Chidimma,1.0
Chidinma,1.0
Chidumebi,1.0
Chie,1.0
Chieko,1.0
Chiemela,1.0
Chiemi,1.0
Chierika,1.0
Chiffon,1.0
Chihiro,1.0
Chikaima,1.0
Chikamara,1.0
Chiketa,1.0
Chinasa,1.0
Chikita,1.0
Childnotnamed,1.0
Chilyn,1.0
Chimamaka,1.0
Chimamanda,1.0
Chimbusomma,1.0
Chimeka,1.0
Chimene,1.0
Chimera,1.0
Chimira,1.0
Chimnora,1.0
Chinara,1.0
Chiquitha,1.0
Chiquitia,1.0
Chiquitta,1.0
Chloee,1.0
Chizara,1.0
Chizitelu,1.0
Chiziterem,1.0
Chizoba,1.0
Chizu,1.0
Chizue,1.0
Chizuko,1.0
Chleo,1.0
Chlo,1.0
Chloa,1.0
Chloeann,1.0
Chloeanne,1.0
Chloegrace,1.0
Chiyoko,1.0
Chloeigh,1.0
Chloejane,1.0
Chloelynn,1.0
Chloemae,1.0
Chloemarie,1.0
Chloey,1.0
Chloi,1.0
Chloie,1.0
Chlora,1.0
Chlorene,1.0
Chlorine,1.0
Chloris,1.0
Chiyono,1.0
Chiyoka,1.0
Chiquta,1.0
Chistie,1.0
Chira,1.0
Chirelle,1.0
Chiriga,1.0
Chirley,1.0
Chirstina,1.0
Chirstine,1.0
Chirsty,1.0
Chisa,1.0
Chisara,1.0
Chisato,1.0
Chise,1.0
Chisimdi,1.0
Chistina,1.0
Chiyo,1.0
Chistine,1.0
Chisty,1.0
Chitara,1.0
Chitina,1.0
Chitose,1.0
Chitra,1.0
Chivon,1.0
Chivonne,1.0
Chiya,1.0
Chiyah,1.0
Chiye,1.0
Chiyeko,1.0
Chidima,1.0
Chicquita,1.0
Chole,1.0
Chicora,1.0
Chervon,1.0
Chervonne,1.0
Chery,1.0
Cheryal,1.0
Cheryce,1.0
Cherye,1.0
Cheryel,1.0
Cheryla,1.0
Cherylan,1.0
Cherylann,1.0
Cherylanne,1.0
Cheryle,1.0
Cherylee,1.0
Cherylene,1.0
Cherylin,1.0
Cheryll,1.0
Cherylle,1.0
Cheryllee,1.0
Cheryllyn,1.0
Cheryllynn,1.0
Cheryllynne,1.0
Cheryln,1.0
Cherylyn,1.0
Cherylynn,1.0
Cheryn,1.0
Cheryse,1.0
Cherysh,1.0
Cherub,1.0
Cherryll,1.0
Cherryle,1.0
Cherrica,1.0
Cherna,1.0
Cherol,1.0
Cherolyn,1.0
Cheronda,1.0
Cherone,1.0
Cherra,1.0
Cherre,1.0
Cherree,1.0
Cherrel,1.0
Cherrell,1.0
Cherrelle,1.0
Cherri,1.0
Cherrice,1.0
Cherryl,1.0
Cherrie,1.0
Cherril,1.0
Cherrill,1.0
Cherrilyn,1.0
Cherrilynn,1.0
Cherrise,1.0
Cherrish,1.0
Cherrisse,1.0
Cherrita,1.0
Cherronda,1.0
Cherryann,1.0
Cherrye,1.0
Chesa,1.0
Chesica,1.0
Cheska,1.0
Chezni,1.0
Cheyenn,1.0
Cheyenna,1.0
Cheyla,1.0
Cheylee,1.0
Cheylin,1.0
Cheylyn,1.0
Cheylynn,1.0
Cheyna,1.0
Cheynne,1.0
Cheyrl,1.0
Cheza,1.0
Chezney,1.0
Cheznie,1.0
Cheyeanne,1.0
Chiaki,1.0
Chiamaka,1.0
Chiamanda,1.0
Chian,1.0
Chiana,1.0
Chiane,1.0
Chiani,1.0
Chiann,1.0
Chianna,1.0
Chianne,1.0
Chiara,1.0
Chiarra,1.0
Cheyeene,1.0
Cheyanne,1.0
Cheslea,1.0
Chevala,1.0
Cheslie,1.0
Chesna,1.0
Chesnee,1.0
Chesni,1.0
Chesnie,1.0
Chessa,1.0
Chessica,1.0
Chessie,1.0
Chesterine,1.0
Chestina,1.0
Chetana,1.0
Chetara,1.0
Chevaun,1.0
Cheyanna,1.0
Chevee,1.0
Chevel,1.0
Chevell,1.0
Chevella,1.0
Chevette,1.0
Chevonda,1.0
Chevone,1.0
Chevonne,1.0
Cheyan,1.0
Cheyana,1.0
Cheyane,1.0
Cheyann,1.0
Chloye,1.0
Cholena,1.0
Chermaine,1.0
Christlyn,1.0
Chrysoula,1.0
Chryssa,1.0
Chrysta,1.0
Chrystalyn,1.0
Chrystan,1.0
Chrysteen,1.0
Chrystel,1.0
Chrystell,1.0
Chrystelle,1.0
Chrysten,1.0
Chrystene,1.0
Chrysti,1.0
Chrystiana,1.0
Chrystie,1.0
Chrystin,1.0
Chrystina,1.0
Chrystine,1.0
Chrystle,1.0
Chrystyna,1.0
Chua,1.0
Chumani,1.0
Chumy,1.0
Chundra,1.0
Chunta,1.0
Chutney,1.0
Chy,1.0
Chyan,1.0
Chrysanthia,1.0
Chrysanthemum,1.0
Chrysanthe,1.0
Christylee,1.0
Christmas,1.0
Christna,1.0
Christne,1.0
Christobel,1.0
Christol,1.0
Christola,1.0
Christyana,1.0
Christyann,1.0
Christyanna,1.0
Christye,1.0
Christyl,1.0
Christyle,1.0
Christyna,1.0
Chrysanne,1.0
Christyne,1.0
Christyonna,1.0
Chrisy,1.0
Chritina,1.0
Chritine,1.0
Chrsitina,1.0
Chrsitine,1.0
Chrstina,1.0
Chrstine,1.0
Chryel,1.0
Chryl,1.0
Chrysa,1.0
Chyana,1.0
Chyane,1.0
Chyann,1.0
Ciaria,1.0
Ciana,1.0
Cianah,1.0
Ciandra,1.0
Ciane,1.0
Ciani,1.0
Cianie,1.0
Cianna,1.0
Ciannah,1.0
Cianne,1.0
Cianni,1.0
Cianny,1.0
Ciarah,1.0
Ciarra,1.0
Ciah,1.0
Ciarrah,1.0
Ciasia,1.0
Ciauna,1.0
Ciboney,1.0
Ciceley,1.0
Cicely,1.0
Cici,1.0
Cicilia,1.0
Cicily,1.0
Ciclali,1.0
Ciclaly,1.0
Cicley,1.0
Ciaira,1.0
Cia,1.0
Chyanna,1.0
Chyna,1.0
Chyeanne,1.0
Chyene,1.0
Chyenna,1.0
Chyla,1.0
Chylah,1.0
Chylar,1.0
Chylee,1.0
Chyleen,1.0
Chyles,1.0
Chylie,1.0
Chyloh,1.0
Chylynn,1.0
Chynah,1.0
Chyvonne,1.0
Chynia,1.0
Chynna,1.0
Chynthia,1.0
Chyra,1.0
Chyral,1.0
Chyrel,1.0
Chyrell,1.0
Chyrisse,1.0
Chyrl,1.0
Chyrle,1.0
Chyrstal,1.0
Chystal,1.0
Christlynn,1.0
Christle,1.0
Chona,1.0
Christl,1.0
Chrishana,1.0
Chrishanda,1.0
Chrishanna,1.0
Chrishauna,1.0
Chrishaunda,1.0
Chrishawna,1.0
Chrishay,1.0
Chrishayla,1.0
Chrishea,1.0
Chrishell,1.0
Chrishelle,1.0
Chrishiya,1.0
Chrishna,1.0
Chrishona,1.0
Chrishonda,1.0
Chrishonna,1.0
Chrishya,1.0
Chrisi,1.0
Chrisie,1.0
Chrisina,1.0
Chrisinda,1.0
Chrisine,1.0
Chrisitne,1.0
Chrisiyah,1.0
Chrisly,1.0
Chrislyn,1.0
Chrislynn,1.0
Chrishae,1.0
Chrisha,1.0
Chrisette,1.0
Chree,1.0
Chonda,1.0
Chondra,1.0
Chonita,1.0
Chonna,1.0
Chontae,1.0
Chonte,1.0
Chontel,1.0
Chontell,1.0
Chontelle,1.0
Chorlette,1.0
Chosynn,1.0
Chquita,1.0
Chrie,1.0
Chriselle,1.0
Chrisa,1.0
Chrisalyn,1.0
Chrisalynn,1.0
Chrisan,1.0
Chrisandra,1.0
Chrisann,1.0
Chrisanna,1.0
Chrisanne,1.0
Chrisanthe,1.0
Chrisanthi,1.0
Chrisel,1.0
Chriselda,1.0
Chrisma,1.0
Chrisoula,1.0
Chrissa,1.0
Christielee,1.0
Christella,1.0
Christelle,1.0
Christena,1.0
Christene,1.0
Christenia,1.0
Christey,1.0
Christiana,1.0
Christianah,1.0
Christiann,1.0
Christianna,1.0
Christianne,1.0
Christieann,1.0
Christiene,1.0
Christela,1.0
Christienne,1.0
Christinamarie,1.0
Christinea,1.0
Christineanne,1.0
Christinejoy,1.0
Christinemarie,1.0
Christing,1.0
Christinia,1.0
Christinna,1.0
Christiona,1.0
Christionna,1.0
Christiyana,1.0
Christell,1.0
Christel,1.0
Chrissandra,1.0
Christalle,1.0
Chrissette,1.0
Chrissey,1.0
Chrissi,1.0
Chrissiana,1.0
Chrissie,1.0
Chrissy,1.0
Christabel,1.0
Christabell,1.0
Christabella,1.0
Christabelle,1.0
Christal,1.0
Christale,1.0
Christalyn,1.0
Christeena,1.0
Christalynn,1.0
Christana,1.0
Christann,1.0
Christanna,1.0
Christany,1.0
Christasha,1.0
Christasia,1.0
Christe,1.0
Christean,1.0
Christeanna,1.0
Christee,1.0
Christeen,1.0
Chermeka,1.0
Cherlynn,1.0
Charlese,1.0
Charnelle,1.0
Charrelle,1.0
Charri,1.0
Charrie,1.0
Charrise,1.0
Charrissa,1.0
Charrisse,1.0
Charro,1.0
Charry,1.0
Charryse,1.0
Charsie,1.0
Charta,1.0
Chartese,1.0
Charu,1.0
Charvae,1.0
Charvette,1.0
Charvey,1.0
Charvi,1.0
Charvon,1.0
Chary,1.0
Charyl,1.0
Charylene,1.0
Charyn,1.0
Charysse,1.0
Chasadee,1.0
Chasadie,1.0
Chasady,1.0
Chasaty,1.0
Charrell,1.0
Charra,1.0
Charquita,1.0
Charnise,1.0
Charnesha,1.0
Charneshia,1.0
Charnesia,1.0
Charnessa,1.0
Charnetta,1.0
Charnette,1.0
Charney,1.0
Charnice,1.0
Charniece,1.0
Charnika,1.0
Charniqua,1.0
Charnique,1.0
Charnisha,1.0
Charotte,1.0
Charnissa,1.0
Charnita,1.0
Charny,1.0
Charol,1.0
Charolene,1.0
Charolet,1.0
Charolett,1.0
Charolette,1.0
Charolotte,1.0
Charolyn,1.0
Charona,1.0
Charonda,1.0
Chaselyn,1.0
Chaselynn,1.0
Chasey,1.0
Chatherine,1.0
Chastidy,1.0
Chastie,1.0
Chastina,1.0
Chastine,1.0
Chastity,1.0
Chasty,1.0
Chasya,1.0
Chata,1.0
Chatal,1.0
Chataqua,1.0
Chatara,1.0
Chatavia,1.0
Chatia,1.0
Chastelyn,1.0
Chatina,1.0
Chatney,1.0
Chatoya,1.0
Chatrice,1.0
Chattie,1.0
Chauna,1.0
Chaunci,1.0
Chauncie,1.0
Chaunda,1.0
Chaundra,1.0
Chaunice,1.0
Chaunta,1.0
Chastelyne,1.0
Chasteline,1.0
Chasia,1.0
Chasmin,1.0
Chasidee,1.0
Chasidi,1.0
Chasidy,1.0
Chasie,1.0
Chasitee,1.0
Chasiti,1.0
Chasitie,1.0
Chasitity,1.0
Chasitiy,1.0
Chasitty,1.0
Chaslyn,1.0
Chaslynn,1.0
Chasmine,1.0
Chastelin,1.0
Chasney,1.0
Chassady,1.0
Chassi,1.0
Chassica,1.0
Chassidi,1.0
Chassidy,1.0
Chassie,1.0
Chassiti,1.0
Chassitty,1.0
Chassity,1.0
Chassy,1.0
Chasta,1.0
Charnese,1.0
Charnell,1.0
Chauntay,1.0
Charnele,1.0
Charlina,1.0
Charlinda,1.0
Charline,1.0
Charlirae,1.0
Charlirose,1.0
Charlisa,1.0
Charlise,1.0
Charlisha,1.0
Charlisia,1.0
Charliss,1.0
Charlissa,1.0
Charlisse,1.0
Charlita,1.0
Charliyah,1.0
Charlize,1.0
Charlla,1.0
Charloette,1.0
Charlon,1.0
Charlona,1.0
Charlonda,1.0
Charlot,1.0
Charlote,1.0
Charlott,1.0
Charlotta,1.0
Charlotteann,1.0
Charlottee,1.0
Charlottegrace,1.0
Charlin,1.0
Charlii,1.0
Charliese,1.0
Charlia,1.0
Charlesetta,1.0
Charlesha,1.0
Charlesia,1.0
Charlestine,1.0
Charlestyn,1.0
Charleszetta,1.0
Charlet,1.0
Charleta,1.0
Charletha,1.0
Charlett,1.0
Charletta,1.0
Charlette,1.0
Charliann,1.0
Charlierose,1.0
Charlianne,1.0
Charlice,1.0
Charlicia,1.0
Charlieann,1.0
Charlieanne,1.0
Charliee,1.0
Charliegh,1.0
Charliejo,1.0
Charlielynn,1.0
Charliemae,1.0
Charliene,1.0
Charlierae,1.0
Charlottemarie,1.0
Charlotterose,1.0
Charlottie,1.0
Charmon,1.0
Charmelle,1.0
Charmen,1.0
Charmi,1.0
Charmia,1.0
Charmian,1.0
Charmica,1.0
Charmie,1.0
Charmika,1.0
Charmin,1.0
Charmine,1.0
Charmion,1.0
Charmisa,1.0
Charmonique,1.0
Charmell,1.0
Charna,1.0
Charnae,1.0
Charnai,1.0
Charnay,1.0
Charnaye,1.0
Charne,1.0
Charnea,1.0
Charnece,1.0
Charnee,1.0
Charneice,1.0
Charneka,1.0
Charnel,1.0
Charmella,1.0
Charmel,1.0
Charlottle,1.0
Charlyse,1.0
Charlsa,1.0
Charlsea,1.0
Charlsey,1.0
Charlsie,1.0
Charlyann,1.0
Charlye,1.0
Charlyee,1.0
Charlyn,1.0
Charlynda,1.0
Charlyne,1.0
Charlynn,1.0
Charlynne,1.0
Charlytte,1.0
Charmeka,1.0
Charlyze,1.0
Charma,1.0
Charmae,1.0
Charmagne,1.0
Charmaigne,1.0
Charmain,1.0
Charman,1.0
Charmane,1.0
Charmarie,1.0
Charmayne,1.0
Charme,1.0
Charmecia,1.0
Chauntae,1.0
Chaunte,1.0
Cherlyn,1.0
Chelsia,1.0
Chenequa,1.0
Chenese,1.0
Chenia,1.0
Chenice,1.0
Cheniece,1.0
Chenika,1.0
Chenille,1.0
Chenin,1.0
Cheniqua,1.0
Chenique,1.0
Chenise,1.0
Chenita,1.0
Cheniya,1.0
Chennel,1.0
Chennell,1.0
Chennelle,1.0
Chenoa,1.0
Chenoah,1.0
Chentel,1.0
Chequetta,1.0
Chequita,1.0
Chera,1.0
Cherae,1.0
Cherakee,1.0
Cheral,1.0
Cheralee,1.0
Cheralyn,1.0
Chenelle,1.0
Chenell,1.0
Chenele,1.0
Chemene,1.0
Chelssie,1.0
Chelssy,1.0
Chelsy,1.0
Chelsye,1.0
Cheltzie,1.0
Chely,1.0
Chelyn,1.0
Chelynne,1.0
Chelzie,1.0
Chemaine,1.0
Chemane,1.0
Chemeka,1.0
Chemere,1.0
Chenel,1.0
Chemika,1.0
Chemise,1.0
Chena,1.0
Chenae,1.0
Chenai,1.0
Chenavia,1.0
Chenay,1.0
Chenda,1.0
Chendra,1.0
Chenea,1.0
Chenee,1.0
Cheneka,1.0
Cheramie,1.0
Cheray,1.0
Chere,1.0
Cherisha,1.0
Cheril,1.0
Cherilee,1.0
Cherill,1.0
Cherilyn,1.0
Cherilynn,1.0
Cherin,1.0
Cherina,1.0
Cherine,1.0
Cheris,1.0
Cherisa,1.0
Cherise,1.0
Cherish,1.0
Cherissa,1.0
Cheriese,1.0
Cherisse,1.0
Cherita,1.0
Cherith,1.0
Cherity,1.0
Cherl,1.0
Cherle,1.0
Cherlene,1.0
Cherlin,1.0
Cherline,1.0
Cherlonda,1.0
Cherly,1.0
Cherlyl,1.0
Cherika,1.0
Cheriece,1.0
Cherea,1.0
Cherese,1.0
Cherece,1.0
Cheree,1.0
Chereen,1.0
Chereese,1.0
Chereka,1.0
Cherel,1.0
Cherell,1.0
Cherelle,1.0
Cherelyn,1.0
Cherena,1.0
Cherene,1.0
Cheresa,1.0
Cheresse,1.0
Cheridyn,1.0
Cheretta,1.0
Cherette,1.0
Cherhonda,1.0
Cheria,1.0
Cheriah,1.0
Cheriann,1.0
Cherianne,1.0
Cherica,1.0
Cherice,1.0
Chericka,1.0
Cherida,1.0
Cheridan,1.0
Chelsie,1.0
Chelsi,1.0
Chauntee,1.0
Chelsen,1.0
Chaye,1.0
Chayenne,1.0
Chayil,1.0
Chayla,1.0
Chaylee,1.0
Chaylen,1.0
Chaylene,1.0
Chaylin,1.0
Chaylyn,1.0
Chaylynn,1.0
Chayna,1.0
Chaynee,1.0
Chayni,1.0
Chazity,1.0
Chazlyn,1.0
Chazlynn,1.0
Chazmin,1.0
Chazmine,1.0
Chealse,1.0
Chealsea,1.0
Chealsey,1.0
Chealsie,1.0
Chealsy,1.0
Chedva,1.0
Cheena,1.0
Cheerful,1.0
Cheetara,1.0
Chayanna,1.0
Chayah,1.0
Chawna,1.0
Chavella,1.0
Chauntel,1.0
Chauntell,1.0
Chauntelle,1.0
Chauntia,1.0
Chauntrice,1.0
Chaurice,1.0
Chava,1.0
Chavah,1.0
Chavaughn,1.0
Chave,1.0
Chavela,1.0
Chaveli,1.0
Chavelle,1.0
Chawanna,1.0
Chavely,1.0
Chavi,1.0
Chavie,1.0
Chaviva,1.0
Chavonda,1.0
Chavone,1.0
Chavonna,1.0
Chavonne,1.0
Chavonte,1.0
Chavy,1.0
Chawana,1.0
Chawanda,1.0
Cheila,1.0
Cheilon,1.0
Cheire,1.0
Chelly,1.0
Chelisa,1.0
Chelise,1.0
Chelita,1.0
Chella,1.0
Chelle,1.0
Chelley,1.0
Chelli,1.0
Chellie,1.0
Chellsea,1.0
Chellsee,1.0
Chellsey,1.0
Chellsie,1.0
Chelon,1.0
Cheli,1.0
Chelonda,1.0
Chelsa,1.0
Chelsae,1.0
Chelsay,1.0
Chelse,1.0
Chelseaann,1.0
Chelseaanne,1.0
Chelsealynn,1.0
Chelseamarie,1.0
Chelseay,1.0
Chelsee,1.0
Chelsei,1.0
Chelia,1.0
Chelette,1.0
Cheisa,1.0
Chelcea,1.0
Cheisea,1.0
Chejuana,1.0
Chekesha,1.0
Cheketa,1.0
Chekita,1.0
Chela,1.0
Chelan,1.0
Chelbe,1.0
Chelbi,1.0
Chelbie,1.0
Chelby,1.0
Chelce,1.0
Chelcee,1.0
Chelesy,1.0
Chelcey,1.0
Chelci,1.0
Chelcia,1.0
Chelcie,1.0
Chelcy,1.0
Chele,1.0
Chelea,1.0
Chelena,1.0
Chelene,1.0
Chelesa,1.0
Chelese,1.0
Chelesea,1.0
Carmelle,1.0
Carmelitta,1.0
Cidnee,1.0
Breighlynn,1.0
Brendalis,1.0
Brendaliz,1.0
Brendaly,1.0
Brendalyn,1.0
Brendalynn,1.0
Brendasia,1.0
Brendella,1.0
Brender,1.0
Brendetta,1.0
Brendi,1.0
Brendia,1.0
Brendley,1.0
Brendolyn,1.0
Brendy,1.0
Brene,1.0
Brenea,1.0
Brenee,1.0
Breneisha,1.0
Brenesha,1.0
Breneshia,1.0
Brenetta,1.0
Brenette,1.0
Brenia,1.0
Breniah,1.0
Brenice,1.0
Brenicia,1.0
Brenika,1.0
Brendalee,1.0
Brendaa,1.0
Brend,1.0
Brekka,1.0
Breilyn,1.0
Breilynn,1.0
Brein,1.0
Breina,1.0
Breindel,1.0
Breindy,1.0
Breinne,1.0
Breiona,1.0
Breionna,1.0
Breisha,1.0
Brejae,1.0
Brekia,1.0
Brekke,1.0
Brenaya,1.0
Brekkyn,1.0
Breklyn,1.0
Breklynn,1.0
Brelee,1.0
Breleigh,1.0
Brelle,1.0
Brely,1.0
Brena,1.0
Brenae,1.0
Brenai,1.0
Brenasia,1.0
Brenay,1.0
Brenisha,1.0
Brenita,1.0
Breniya,1.0
Breslyn,1.0
Breseis,1.0
Bresha,1.0
Breshae,1.0
Breshai,1.0
Breshauna,1.0
Breshawna,1.0
Breshay,1.0
Breshayla,1.0
Breshey,1.0
Breshia,1.0
Breshonna,1.0
Breshuna,1.0
Breslynn,1.0
Breosha,1.0
Breta,1.0
Bretha,1.0
Bretney,1.0
Bretta,1.0
Brettany,1.0
Brettleigh,1.0
Brettney,1.0
Brettnie,1.0
Breuna,1.0
Breunna,1.0
Brexleigh,1.0
Brexli,1.0
Brescia,1.0
Breonne,1.0
Breniyah,1.0
Brennley,1.0
Brenlee,1.0
Brenlei,1.0
Brenleigh,1.0
Brenli,1.0
Brenlie,1.0
Brenly,1.0
Brenlyn,1.0
Brenlynn,1.0
Brenna,1.0
Brennae,1.0
Brennah,1.0
Brennda,1.0
Brentleigh,1.0
Breonnah,1.0
Brentney,1.0
Brentnie,1.0
Brenya,1.0
Breona,1.0
Breonah,1.0
Breonca,1.0
Breonda,1.0
Breondra,1.0
Breonia,1.0
Breonica,1.0
Breonka,1.0
Breonna,1.0
Breily,1.0
Breighlyn,1.0
Brexlyn,1.0
Breighanna,1.0
Brealyn,1.0
Brealynn,1.0
Breana,1.0
Breanah,1.0
Breanca,1.0
Breanda,1.0
Breandra,1.0
Breandrea,1.0
Breane,1.0
Breania,1.0
Breann,1.0
Breannah,1.0
Breanne,1.0
Breannia,1.0
Breannon,1.0
Breara,1.0
Breasha,1.0
Breashia,1.0
Breasia,1.0
Breasya,1.0
Breauna,1.0
Breaunna,1.0
Breawna,1.0
Breayla,1.0
Breayna,1.0
Breazae,1.0
Breazia,1.0
Brealle,1.0
Brealeigh,1.0
Breale,1.0
Braylie,1.0
Brayana,1.0
Brayanna,1.0
Braydi,1.0
Brayelle,1.0
Brayla,1.0
Braylah,1.0
Brayle,1.0
Braylea,1.0
Braylei,1.0
Brayleigh,1.0
Brayley,1.0
Brayli,1.0
Braylynne,1.0
Breajah,1.0
Brayonna,1.0
Brayzlee,1.0
Brazyl,1.0
Bre,1.0
Brea,1.0
Breaanna,1.0
Breah,1.0
Breahanna,1.0
Breahna,1.0
Breahnna,1.0
Breaira,1.0
Breaja,1.0
Brecca,1.0
Brecia,1.0
Brecklin,1.0
Brehana,1.0
Breesa,1.0
Breese,1.0
Breesha,1.0
Breeya,1.0
Breeyah,1.0
Breeyana,1.0
Breeyanna,1.0
Breeza,1.0
Breezi,1.0
Breezie,1.0
Breezy,1.0
Brehan,1.0
Brehanna,1.0
Breeona,1.0
Brehea,1.0
Brei,1.0
Breia,1.0
Breiah,1.0
Breiana,1.0
Breiann,1.0
Breianna,1.0
Breianne,1.0
Breidy,1.0
Breigh,1.0
Breigha,1.0
Breighana,1.0
Breeonna,1.0
Breena,1.0
Brecklyn,1.0
Breeauna,1.0
Brecklynn,1.0
Breckynn,1.0
Breda,1.0
Breea,1.0
Breeah,1.0
Breeahna,1.0
Breean,1.0
Breeana,1.0
Breeann,1.0
Breeanna,1.0
Breeannah,1.0
Breeanne,1.0
Breeaunna,1.0
Breen,1.0
Breegan,1.0
Breelan,1.0
Breeland,1.0
Breelee,1.0
Breeleigh,1.0
Breeley,1.0
Breelin,1.0
Breella,1.0
Breelle,1.0
Breely,1.0
Breelyn,1.0
Breelynn,1.0
Brexlie,1.0
Brexlynn,1.0
Braya,1.0
Briget,1.0
Brilie,1.0
Brilliance,1.0
Brilynne,1.0
Brimley,1.0
Brinae,1.0
Brinda,1.0
Brinder,1.0
Brindi,1.0
Brindle,1.0
Brindley,1.0
Brindy,1.0
Brinesha,1.0
Briney,1.0
Brinisha,1.0
Briniya,1.0
Briniyah,1.0
Brinklee,1.0
Brinlea,1.0
Brinlee,1.0
Brinlei,1.0
Brinleigh,1.0
Brinli,1.0
Brinlie,1.0
Brinly,1.0
Brinlyn,1.0
Brinlynn,1.0
Brinna,1.0
Brileigh,1.0
Brilei,1.0
Brilea,1.0
Brigina,1.0
Brigetta,1.0
Brigette,1.0
Briggett,1.0
Briggette,1.0
Briggitte,1.0
Brighid,1.0
Brighley,1.0
Brightly,1.0
Brightyn,1.0
Brightynn,1.0
Brigid,1.0
Brigida,1.0
Brigit,1.0
Brilani,1.0
Brigita,1.0
Brigitt,1.0
Brigitta,1.0
Brigitte,1.0
Brihana,1.0
Brihanna,1.0
Brihany,1.0
Brijae,1.0
Brijet,1.0
Brijette,1.0
Brijida,1.0
Brijin,1.0
Brinnlee,1.0
Brinnleigh,1.0
Brinnley,1.0
Brita,1.0
Brisia,1.0
Brisley,1.0
Brisna,1.0
Brisny,1.0
Brissa,1.0
Brisseida,1.0
Brisseyda,1.0
Brissia,1.0
Bristal,1.0
Bristy,1.0
Bristyl,1.0
Bristyn,1.0
Britainy,1.0
Brishauna,1.0
Britane,1.0
Britanee,1.0
Britaney,1.0
Britani,1.0
Britania,1.0
Britanie,1.0
Britanna,1.0
Britanni,1.0
Britannia,1.0
Britannica,1.0
Britanny,1.0
Britany,1.0
Brishon,1.0
Brishana,1.0
Brinnly,1.0
Brionni,1.0
Brinslee,1.0
Brinsley,1.0
Brintney,1.0
Brinya,1.0
Brinzlee,1.0
Brinzley,1.0
Briona,1.0
Brionca,1.0
Brioni,1.0
Brionica,1.0
Brionna,1.0
Brionnah,1.0
Briony,1.0
Brishae,1.0
Brisa,1.0
Brisaida,1.0
Brisais,1.0
Brisamar,1.0
Brisayda,1.0
Briseida,1.0
Briseidy,1.0
Briseis,1.0
Briselda,1.0
Briselle,1.0
Briseyda,1.0
Brisha,1.0
Brigett,1.0
Brieya,1.0
Breya,1.0
Briette,1.0
Briah,1.0
Briahna,1.0
Briahnna,1.0
Briaja,1.0
Briajah,1.0
Brialle,1.0
Briamarie,1.0
Brianah,1.0
Brianalee,1.0
Brianamarie,1.0
Brianca,1.0
Briance,1.0
Briandra,1.0
Briani,1.0
Briania,1.0
Brianica,1.0
Brianie,1.0
Brianka,1.0
Briannah,1.0
Briannalee,1.0
Briannaly,1.0
Briannan,1.0
Brianney,1.0
Brianni,1.0
Briannia,1.0
Briannica,1.0
Briannie,1.0
Bri,1.0
Brhianna,1.0
Brhea,1.0
Breyleigh,1.0
Breyah,1.0
Breyana,1.0
Breyanah,1.0
Breyanna,1.0
Breyannah,1.0
Breyanne,1.0
Breyauna,1.0
Breyawna,1.0
Breydi,1.0
Breyell,1.0
Breyelle,1.0
Breylee,1.0
Breylyn,1.0
Brezzy,1.0
Breylynn,1.0
Breyn,1.0
Breyona,1.0
Breyonce,1.0
Breyonia,1.0
Breyonna,1.0
Breyunna,1.0
Brezae,1.0
Breze,1.0
Brezhane,1.0
Brezlyn,1.0
Brezlynn,1.0
Briannon,1.0
Brianny,1.0
Briany,1.0
Briella,1.0
Brie,1.0
Briea,1.0
Brieah,1.0
Brieana,1.0
Brieann,1.0
Brieanna,1.0
Brieanne,1.0
Briel,1.0
Briela,1.0
Briele,1.0
Brielee,1.0
Briell,1.0
Briellah,1.0
Bridney,1.0
Brielly,1.0
Brielyn,1.0
Brielynn,1.0
Briena,1.0
Brienna,1.0
Brieon,1.0
Brieona,1.0
Brieonna,1.0
Brierra,1.0
Brierre,1.0
Briesha,1.0
Brietta,1.0
Bridy,1.0
Bridjette,1.0
Briara,1.0
Bricelynn,1.0
Briari,1.0
Briarrose,1.0
Briasha,1.0
Briasia,1.0
Briauna,1.0
Briaunna,1.0
Briawna,1.0
Briayla,1.0
Briazia,1.0
Briceida,1.0
Briceidy,1.0
Bricelyn,1.0
Briceyda,1.0
Bridie,1.0
Brichelle,1.0
Bricia,1.0
Bricola,1.0
Brida,1.0
Bridey,1.0
Bridgete,1.0
Bridgett,1.0
Bridgetta,1.0
Bridgid,1.0
Bridgit,1.0
Bridgitt,1.0
Bridgitte,1.0
Brayah,1.0
Braxlynn,1.0
Briteny,1.0
Bhavishya,1.0
Biaunca,1.0
Bibi,1.0
Bibiaisha,1.0
Bibian,1.0
Bibiana,1.0
Bibianna,1.0
Bibihalima,1.0
Bibihawa,1.0
Bich,1.0
Biddie,1.0
Biddy,1.0
Bielka,1.0
Bienvenida,1.0
Biftu,1.0
Bijal,1.0
Bijou,1.0
Bijoux,1.0
Bilan,1.0
Bilen,1.0
Bilge,1.0
Bilinda,1.0
Biljana,1.0
Billa,1.0
Billieann,1.0
Billiejean,1.0
Billiejo,1.0
Billiejoe,1.0
Biatriz,1.0
Biatris,1.0
Bianny,1.0
Biancamarie,1.0
Bhoomi,1.0
Bhoomika,1.0
Bhrianna,1.0
Bhumi,1.0
Bhumika,1.0
Bhuvi,1.0
Bhuvika,1.0
Bia,1.0
Biaca,1.0
Biafra,1.0
Biana,1.0
Bianaca,1.0
Biancca,1.0
Bianney,1.0
Biance,1.0
Biancha,1.0
Biancia,1.0
Bianet,1.0
Bianeth,1.0
Bianey,1.0
Biani,1.0
Bianica,1.0
Bianka,1.0
Biankah,1.0
Bianna,1.0
Biannca,1.0
Billijo,1.0
Bilma,1.0
Bilon,1.0
Birthel,1.0
Birdia,1.0
Birdine,1.0
Birdy,1.0
Birdye,1.0
Birgit,1.0
Birgitta,1.0
Birgitte,1.0
Biridiana,1.0
Birklee,1.0
Birkley,1.0
Birta,1.0
Birtha,1.0
Birtie,1.0
Birder,1.0
Birttany,1.0
Birty,1.0
Biruta,1.0
Birute,1.0
Birydiana,1.0
Bisa,1.0
Bisan,1.0
Bisceglia,1.0
Bisharo,1.0
Bisleidy,1.0
Bisma,1.0
Bismah,1.0
Birdi,1.0
Birdene,1.0
Bilqis,1.0
Binta,1.0
Bimori,1.0
Bina,1.0
Binaca,1.0
Binah,1.0
Binca,1.0
Bindi,1.0
Bindu,1.0
Bindy,1.0
Bineta,1.0
Binisha,1.0
Binita,1.0
Binky,1.0
Binti,1.0
Birdena,1.0
Bintou,1.0
Bintu,1.0
Bioleta,1.0
Bionca,1.0
Bionce,1.0
Bionda,1.0
Bionka,1.0
Biranna,1.0
Birchie,1.0
Birda,1.0
Birdee,1.0
Birdella,1.0
Bhavna,1.0
Bhavini,1.0
Bissan,1.0
Bhavika,1.0
Betta,1.0
Betteann,1.0
Bettee,1.0
Bettejane,1.0
Bettejean,1.0
Bettejo,1.0
Bettelou,1.0
Bettey,1.0
Betti,1.0
Bettiann,1.0
Bettianne,1.0
Bettijane,1.0
Bettilou,1.0
Bettina,1.0
Bettine,1.0
Bettsy,1.0
Bettyann,1.0
Bettyanne,1.0
Bettyjane,1.0
Bettyjean,1.0
Bettyjo,1.0
Bettylee,1.0
Bettylou,1.0
Bettylu,1.0
Bettymae,1.0
Bettymarie,1.0
Bettzy,1.0
Bett,1.0
Betsye,1.0
Betsua,1.0
Bethzy,1.0
Bethney,1.0
Bethony,1.0
Bethsaida,1.0
Bethsheba,1.0
Bethsy,1.0
Bethy,1.0
Bethyl,1.0
Bethzabel,1.0
Bethzabeth,1.0
Bethzaida,1.0
Bethzaira,1.0
Bethzi,1.0
Betiel,1.0
Betsie,1.0
Betina,1.0
Betony,1.0
Betrice,1.0
Betrina,1.0
Betsabe,1.0
Betsabet,1.0
Betsabeth,1.0
Betsaida,1.0
Betsayda,1.0
Betselot,1.0
Betsey,1.0
Betsi,1.0
Betul,1.0
Bety,1.0
Betzabe,1.0
Beyonce,1.0
Bexleigh,1.0
Bexli,1.0
Bexlie,1.0
Bexly,1.0
Bexlynn,1.0
Beya,1.0
Beyah,1.0
Beyanka,1.0
Beyda,1.0
Beyla,1.0
Beylin,1.0
Beyonca,1.0
Beyoncee,1.0
Bexlee,1.0
Beyonka,1.0
Beyounce,1.0
Beyunka,1.0
Beyza,1.0
Beza,1.0
Bezawit,1.0
Bg,1.0
Bhakti,1.0
Bhargavi,1.0
Bhavana,1.0
Bhavani,1.0
Bhavi,1.0
Bexlei,1.0
Bevyn,1.0
Betzabel,1.0
Beunka,1.0
Betzabet,1.0
Betzabeth,1.0
Betzaida,1.0
Betzaira,1.0
Betzayda,1.0
Betzayra,1.0
Betzhy,1.0
Betzi,1.0
Betzy,1.0
Beula,1.0
Beuna,1.0
Beunca,1.0
Beva,1.0
Bevie,1.0
Bevelyn,1.0
Bevereley,1.0
Beverely,1.0
Beverle,1.0
Beverlee,1.0
Beverli,1.0
Beverlie,1.0
Beverlin,1.0
Beverlyann,1.0
Beverlye,1.0
Beverlyn,1.0
Bevery,1.0
Bisola,1.0
Bissie,1.0
Braxleigh,1.0
Bonell,1.0
Boudica,1.0
Bozena,1.0
Bracelyn,1.0
Bracelynn,1.0
Bracha,1.0
Bracie,1.0
Bradi,1.0
Bradli,1.0
Braela,1.0
Braelee,1.0
Braelei,1.0
Braeleigh,1.0
Braeley,1.0
Braeli,1.0
Braelie,1.0
Braelinn,1.0
Braely,1.0
Braelyne,1.0
Braelynne,1.0
Braeya,1.0
Brailee,1.0
Braileigh,1.0
Braina,1.0
Brainna,1.0
Braislee,1.0
Braisley,1.0
Braiya,1.0
Bostynn,1.0
Bosede,1.0
Borgny,1.0
Bonnetta,1.0
Bonetta,1.0
Boneva,1.0
Boni,1.0
Bonieta,1.0
Bonifacia,1.0
Bonique,1.0
Bonitta,1.0
Bonna,1.0
Bonne,1.0
Bonnee,1.0
Bonnell,1.0
Bonnelle,1.0
Bonnette,1.0
Borghild,1.0
Bonni,1.0
Bonnibel,1.0
Bonnibelle,1.0
Bonniejean,1.0
Bonniejo,1.0
Bonnielee,1.0
Bonnielou,1.0
Bonnita,1.0
Bonnitta,1.0
Bonnye,1.0
Bonzie,1.0
Bopha,1.0
Braiyah,1.0
Braizlee,1.0
Bralee,1.0
Braniah,1.0
Brandisha,1.0
Brandiss,1.0
Brandlyn,1.0
Brandolyn,1.0
Brandyann,1.0
Brandyce,1.0
Brandye,1.0
Brandylee,1.0
Brandylynn,1.0
Braneisha,1.0
Branesha,1.0
Brania,1.0
Branisha,1.0
Brandina,1.0
Braniya,1.0
Braniyah,1.0
Branna,1.0
Brantlie,1.0
Branwen,1.0
Branwyn,1.0
Brany,1.0
Branya,1.0
Branyah,1.0
Brasia,1.0
Braulia,1.0
Bravely,1.0
Brandise,1.0
Brandilynn,1.0
Bralei,1.0
Brandasia,1.0
Braleigh,1.0
Bralie,1.0
Bralynne,1.0
Brana,1.0
Branae,1.0
Branasia,1.0
Brancy,1.0
Branda,1.0
Brandace,1.0
Brandais,1.0
Brandalyn,1.0
Brandalynn,1.0
Brande,1.0
Brandilyn,1.0
Brandea,1.0
Brandee,1.0
Brandeis,1.0
Brandelyn,1.0
Brandelynn,1.0
Brandessa,1.0
Brandey,1.0
Brandia,1.0
Brandiann,1.0
Brandice,1.0
Brandii,1.0
Brandilee,1.0
Boneta,1.0
Boneita,1.0
Bita,1.0
Bonda,1.0
Blancha,1.0
Blanchie,1.0
Blandina,1.0
Blandine,1.0
Blandy,1.0
Blanka,1.0
Blannie,1.0
Blaque,1.0
Blasa,1.0
Blaykelee,1.0
Blaykely,1.0
Blaykelynn,1.0
Blayklee,1.0
Blaykleigh,1.0
Blaykley,1.0
Blayr,1.0
Blayre,1.0
Blaza,1.0
Bleeker,1.0
Bleidy,1.0
Blen,1.0
Blenda,1.0
Blendia,1.0
Bleona,1.0
Blerina,1.0
Blerta,1.0
Blessence,1.0
Blancaestela,1.0
Blakney,1.0
Blaklynn,1.0
Bla,1.0
Bitania,1.0
Bitaniya,1.0
Bitanya,1.0
Bitha,1.0
Bithiah,1.0
Bitia,1.0
Bitsy,1.0
Bittany,1.0
Biviana,1.0
Biyanca,1.0
Biyanka,1.0
Bjana,1.0
Blaiklee,1.0
Blaklyn,1.0
Blaikley,1.0
Blainey,1.0
Blakeleigh,1.0
Blakeli,1.0
Blakelie,1.0
Blakelyn,1.0
Blakelynn,1.0
Blakeney,1.0
Blakesley,1.0
Blaklee,1.0
Blakleigh,1.0
Blaklie,1.0
Blessings,1.0
Blessiyn,1.0
Blessn,1.0
Bobbyetta,1.0
Bobbe,1.0
Bobbee,1.0
Bobbetta,1.0
Bobbette,1.0
Bobbiejean,1.0
Bobbiejo,1.0
Bobbielee,1.0
Bobbiesue,1.0
Bobbijo,1.0
Bobbilee,1.0
Bobbilynn,1.0
Bobbisue,1.0
Bobbyjo,1.0
Blyth,1.0
Bobetta,1.0
Bobette,1.0
Bobi,1.0
Bobijo,1.0
Bobra,1.0
Boey,1.0
Bogdana,1.0
Bolanle,1.0
Bolivia,1.0
Bomi,1.0
Bonalyn,1.0
Boncile,1.0
Bnai,1.0
Blyss,1.0
Blessy,1.0
Blodwyn,1.0
Blessynn,1.0
Blesyn,1.0
Blesynn,1.0
Blia,1.0
Blima,1.0
Blimi,1.0
Blimie,1.0
Blimy,1.0
Blinda,1.0
Blissany,1.0
Blithe,1.0
Blodwen,1.0
Blon,1.0
Blynda,1.0
Blondean,1.0
Blondena,1.0
Blondie,1.0
Blondina,1.0
Blondine,1.0
Bloneva,1.0
Blonnie,1.0
Bloomie,1.0
Blossie,1.0
Blossom,1.0
Bluma,1.0
Blume,1.0
Britanya,1.0
Brithanny,1.0
Carmelite,1.0
Cambra,1.0
Camerina,1.0
Camery,1.0
Camerynn,1.0
Camesha,1.0
Cameshia,1.0
Camey,1.0
Cami,1.0
Camia,1.0
Camiah,1.0
Camica,1.0
Camie,1.0
Camielle,1.0
Camiesha,1.0
Camika,1.0
Camilah,1.0
Camilarose,1.0
Camili,1.0
Camilia,1.0
Camill,1.0
Camillah,1.0
Camillemarie,1.0
Camillia,1.0
Camillie,1.0
Camilly,1.0
Camillya,1.0
Camily,1.0
Camilya,1.0
Cameria,1.0
Camera,1.0
Camely,1.0
Cambrynn,1.0
Cambrea,1.0
Cambree,1.0
Cambreigh,1.0
Cambrey,1.0
Cambri,1.0
Cambria,1.0
Cambriah,1.0
Cambrie,1.0
Cambriella,1.0
Cambrielle,1.0
Cambry,1.0
Cambrya,1.0
Camea,1.0
Camellia,1.0
Cameca,1.0
Camecia,1.0
Camee,1.0
Cameika,1.0
Cameil,1.0
Cameila,1.0
Cameisha,1.0
Cameka,1.0
Camela,1.0
Camelia,1.0
Camella,1.0
Camelle,1.0
Camina,1.0
Camira,1.0
Camirah,1.0
Canasia,1.0
Camylah,1.0
Camylle,1.0
Camyra,1.0
Camyrah,1.0
Camyri,1.0
Camyria,1.0
Camyrn,1.0
Cana,1.0
Canace,1.0
Canada,1.0
Canari,1.0
Canary,1.0
Canda,1.0
Camyiah,1.0
Candance,1.0
Candas,1.0
Candase,1.0
Cande,1.0
Candece,1.0
Candee,1.0
Candela,1.0
Candelaria,1.0
Candence,1.0
Candes,1.0
Candess,1.0
Candi,1.0
Camyla,1.0
Camyia,1.0
Camiryn,1.0
Camorra,1.0
Camisa,1.0
Camisha,1.0
Camishia,1.0
Camiya,1.0
Camiyah,1.0
Camlyn,1.0
Cammi,1.0
Cammille,1.0
Cammy,1.0
Camora,1.0
Camorah,1.0
Camori,1.0
Camoura,1.0
Camyah,1.0
Camoya,1.0
Campbelle,1.0
Camra,1.0
Camree,1.0
Camreigh,1.0
Camrey,1.0
Camri,1.0
Camrie,1.0
Camryne,1.0
Camrynne,1.0
Camy,1.0
Camya,1.0
Cambre,1.0
Cambi,1.0
Candiace,1.0
Camberlynn,1.0
Caliope,1.0
Calirae,1.0
Calirose,1.0
Calis,1.0
Calisa,1.0
Calise,1.0
Calisha,1.0
Calisi,1.0
Calissa,1.0
Calisse,1.0
Calissi,1.0
Calista,1.0
Calita,1.0
Calixta,1.0
Caliya,1.0
Caliyah,1.0
Calizza,1.0
Calla,1.0
Callah,1.0
Callaia,1.0
Callalily,1.0
Callandra,1.0
Callasandra,1.0
Calle,1.0
Callee,1.0
Calleen,1.0
Calleigh,1.0
Calionna,1.0
Caline,1.0
Calinda,1.0
Calianne,1.0
Calene,1.0
Calese,1.0
Calesha,1.0
Caleshia,1.0
Caletha,1.0
Caleya,1.0
Caleyah,1.0
Calia,1.0
Caliah,1.0
Caliana,1.0
Caliann,1.0
Calianna,1.0
Calice,1.0
Calina,1.0
Calicia,1.0
Calida,1.0
Calie,1.0
Caliee,1.0
Caliegh,1.0
Caliese,1.0
California,1.0
Calii,1.0
Calila,1.0
Calilah,1.0
Calilynn,1.0
Calimarie,1.0
Calletana,1.0
Calley,1.0
Calli,1.0
Camalla,1.0
Caly,1.0
Calyce,1.0
Calynn,1.0
Calynne,1.0
Calypso,1.0
Calyse,1.0
Calyssa,1.0
Calysta,1.0
Cama,1.0
Camaira,1.0
Camaiya,1.0
Camala,1.0
Camarah,1.0
Calvina,1.0
Camaria,1.0
Camariah,1.0
Camariya,1.0
Camariyah,1.0
Camary,1.0
Camaryn,1.0
Camas,1.0
Camay,1.0
Camaya,1.0
Cambel,1.0
Cambelle,1.0
Camberly,1.0
Calvinesha,1.0
Caludia,1.0
Callia,1.0
Callisa,1.0
Calliah,1.0
Calliana,1.0
Calliandra,1.0
Calliann,1.0
Callianna,1.0
Callianne,1.0
Callidora,1.0
Callieann,1.0
Calliegh,1.0
Calliejo,1.0
Calliemae,1.0
Calliope,1.0
Callison,1.0
Caltlin,1.0
Callissa,1.0
Callista,1.0
Calluna,1.0
Cally,1.0
Callye,1.0
Callynn,1.0
Callysta,1.0
Calogera,1.0
Calondra,1.0
Caloni,1.0
Calonia,1.0
Calsey,1.0
Candia,1.0
Candiance,1.0
Caleigha,1.0
Carice,1.0
Carizma,1.0
Carlana,1.0
Carlann,1.0
Carlasia,1.0
Carlaya,1.0
Carlaysia,1.0
Carlea,1.0
Carleah,1.0
Carlean,1.0
Carlecia,1.0
Carleen,1.0
Carleena,1.0
Carleene,1.0
Carlei,1.0
Carleigh,1.0
Carleigha,1.0
Carleisha,1.0
Carlena,1.0
Carlene,1.0
Carleny,1.0
Carlese,1.0
Carlesha,1.0
Carleshia,1.0
Carlesia,1.0
Carlet,1.0
Carleta,1.0
Carletha,1.0
Cariyah,1.0
Cariya,1.0
Caritina,1.0
Carinda,1.0
Caridad,1.0
Caridee,1.0
Carie,1.0
Cariel,1.0
Carielle,1.0
Carigan,1.0
Caril,1.0
Carilee,1.0
Carilla,1.0
Carilyn,1.0
Carilynn,1.0
Carime,1.0
Carine,1.0
Carita,1.0
Carington,1.0
Carinna,1.0
Carinne,1.0
Carisa,1.0
Carise,1.0
Carisha,1.0
Carisia,1.0
Carisma,1.0
Cariss,1.0
Carisse,1.0
Carissia,1.0
Carista,1.0
Carlethia,1.0
Carlett,1.0
Carletta,1.0
Carmalena,1.0
Carlyne,1.0
Carlynn,1.0
Carlyon,1.0
Carlyrose,1.0
Carlyse,1.0
Carlysha,1.0
Carlysia,1.0
Carlyssa,1.0
Carlyssia,1.0
Carma,1.0
Carmah,1.0
Carmala,1.0
Carmaleta,1.0
Carlyann,1.0
Carmaletta,1.0
Carmaline,1.0
Carmalita,1.0
Carmani,1.0
Carmecia,1.0
Carmeisha,1.0
Carmeleta,1.0
Carmeletta,1.0
Carmelia,1.0
Carmelina,1.0
Carmeline,1.0
Carmelita,1.0
Carlye,1.0
Carloyn,1.0
Carlette,1.0
Carlisha,1.0
Carlia,1.0
Carliana,1.0
Carlianna,1.0
Carlianne,1.0
Carlicia,1.0
Carliee,1.0
Carliegh,1.0
Carlina,1.0
Carlinda,1.0
Carling,1.0
Carlisa,1.0
Carlise,1.0
Carlishia,1.0
Carlotte,1.0
Carlisia,1.0
Carlissa,1.0
Carlissia,1.0
Carlita,1.0
Carlitha,1.0
Carlitta,1.0
Carliyah,1.0
Carlla,1.0
Carlleen,1.0
Carllene,1.0
Carlota,1.0
Carlotta,1.0
Caricia,1.0
Caribbean,1.0
Candias,1.0
Carianne,1.0
Caniesha,1.0
Canisha,1.0
Canishia,1.0
Canita,1.0
Caniya,1.0
Caniyah,1.0
Canna,1.0
Cansas,1.0
Cansu,1.0
Cante,1.0
Cantina,1.0
Cantrece,1.0
Cantrice,1.0
Canya,1.0
Canyla,1.0
Canylah,1.0
Caoilainn,1.0
Caoilinn,1.0
Caoimhe,1.0
Capella,1.0
Capitola,1.0
Cappie,1.0
Caprece,1.0
Caprecia,1.0
Capresha,1.0
Capria,1.0
Caprial,1.0
Canice,1.0
Caniah,1.0
Cania,1.0
Candle,1.0
Candic,1.0
Candid,1.0
Candida,1.0
Candie,1.0
Candiece,1.0
Candies,1.0
Candina,1.0
Candis,1.0
Candise,1.0
Candiss,1.0
Candita,1.0
Candius,1.0
Candra,1.0
Caneshia,1.0
Candrea,1.0
Candria,1.0
Candrice,1.0
Candus,1.0
Candyce,1.0
Candye,1.0
Candys,1.0
Candyse,1.0
Canei,1.0
Caneisha,1.0
Canela,1.0
Canesha,1.0
Capriana,1.0
Caprica,1.0
Capricia,1.0
Carene,1.0
Cardyn,1.0
Caree,1.0
Careen,1.0
Careena,1.0
Careese,1.0
Careli,1.0
Carelle,1.0
Carely,1.0
Carelyn,1.0
Caren,1.0
Carena,1.0
Carenda,1.0
Caresa,1.0
Cardine,1.0
Caresha,1.0
Caress,1.0
Caressa,1.0
Caresse,1.0
Caretha,1.0
Caretta,1.0
Careyann,1.0
Caria,1.0
Cariah,1.0
Cariana,1.0
Cariann,1.0
Carianna,1.0
Cardiss,1.0
Cardie,1.0
Caprina,1.0
Caraleigh,1.0
Caprise,1.0
Caprisha,1.0
Captola,1.0
Captolia,1.0
Capucine,1.0
Carabella,1.0
Carabelle,1.0
Caragan,1.0
Caragh,1.0
Carah,1.0
Caral,1.0
Caralee,1.0
Caralena,1.0
Cardia,1.0
Caralina,1.0
Caraline,1.0
Caralyn,1.0
Caralyne,1.0
Caralynn,1.0
Caramia,1.0
Caramie,1.0
Caran,1.0
Carcyn,1.0
Cardelia,1.0
Cardella,1.0
Cardi,1.0
Calena,1.0
Caleigh,1.0
Brithany,1.0
Bronica,1.0
Brooksley,1.0
Brookyln,1.0
Brooxie,1.0
Brttany,1.0
Brucha,1.0
Bruchie,1.0
Bruchy,1.0
Brucie,1.0
Bruna,1.0
Brunella,1.0
Brunelle,1.0
Brunetta,1.0
Brunette,1.0
Brunhilda,1.0
Brunilda,1.0
Brunna,1.0
Bryah,1.0
Bryahna,1.0
Bryana,1.0
Bryanah,1.0
Bryanda,1.0
Bryani,1.0
Bryanna,1.0
Bryannah,1.0
Bryanne,1.0
Bryasha,1.0
Bryasia,1.0
Brooksie,1.0
Brooksey,1.0
Brooklynrose,1.0
Brookelynn,1.0
Bronislawa,1.0
Bronna,1.0
Bronti,1.0
Bronwen,1.0
Bronwyn,1.0
Bronwynn,1.0
Brookann,1.0
Brookeann,1.0
Brookelin,1.0
Brookelle,1.0
Brookelyn,1.0
Brookelyne,1.0
Brookelynne,1.0
Brooklynne,1.0
Brooklan,1.0
Brooklee,1.0
Brookleigh,1.0
Brooklen,1.0
Brooklenn,1.0
Brookley,1.0
Brooklinn,1.0
Brookllyn,1.0
Brooklon,1.0
Brookly,1.0
Brooklyne,1.0
Brooklynmarie,1.0
Bryauna,1.0
Bryaunna,1.0
Brycelyn,1.0
Brynnae,1.0
Brynja,1.0
Brynlea,1.0
Brynlei,1.0
Brynleigh,1.0
Brynley,1.0
Brynli,1.0
Brynlie,1.0
Brynlin,1.0
Brynly,1.0
Brynlyn,1.0
Brynlynn,1.0
Brynna,1.0
Brynnan,1.0
Bryniah,1.0
Brynne,1.0
Brynnlea,1.0
Brynnlee,1.0
Brynnleigh,1.0
Brynnley,1.0
Brynnli,1.0
Brynnlie,1.0
Brynnly,1.0
Brynnlyn,1.0
Brynslee,1.0
Brynsley,1.0
Brynzlee,1.0
Brynisha,1.0
Brynia,1.0
Brycelynn,1.0
Brylea,1.0
Brycie,1.0
Brydie,1.0
Bryell,1.0
Bryella,1.0
Bryelle,1.0
Bryenna,1.0
Bryhana,1.0
Bryhanna,1.0
Bryia,1.0
Bryiana,1.0
Bryianna,1.0
Bryla,1.0
Bryleah,1.0
Brynesha,1.0
Brylei,1.0
Bryleigh,1.0
Bryli,1.0
Bryliee,1.0
Brylinn,1.0
Bryna,1.0
Brynae,1.0
Brynda,1.0
Bryndal,1.0
Bryndee,1.0
Bryndis,1.0
Bryndle,1.0
Bronislava,1.0
Bronda,1.0
Bryonna,1.0
Bronagh,1.0
Brittanee,1.0
Brittaney,1.0
Brittania,1.0
Brittanica,1.0
Brittanie,1.0
Brittanii,1.0
Brittanni,1.0
Brittannie,1.0
Brittanny,1.0
Brittant,1.0
Brittanya,1.0
Brittanyann,1.0
Brittanye,1.0
Brittanylee,1.0
Brittanymarie,1.0
Brittanynicole,1.0
Brittary,1.0
Brittay,1.0
Britte,1.0
Britteney,1.0
Britteni,1.0
Britteny,1.0
Britthany,1.0
Brittiana,1.0
Brittiani,1.0
Brittiany,1.0
Brittie,1.0
Brittane,1.0
Brittanae,1.0
Brittana,1.0
Britlynn,1.0
Brithney,1.0
Brithny,1.0
Britiany,1.0
Britinee,1.0
Britiney,1.0
Britini,1.0
Britiny,1.0
Britlany,1.0
Britlee,1.0
Britleigh,1.0
Britley,1.0
Britlyn,1.0
Britnae,1.0
Brittainy,1.0
Britnai,1.0
Britnay,1.0
Britne,1.0
Britnee,1.0
Britnei,1.0
Britni,1.0
Britnie,1.0
Britny,1.0
Britnye,1.0
Britta,1.0
Brittainey,1.0
Brittaini,1.0
Brittina,1.0
Brittinay,1.0
Brittine,1.0
Briyit,1.0
Britzy,1.0
Briuna,1.0
Briunna,1.0
Brixlee,1.0
Brixleigh,1.0
Briya,1.0
Briyah,1.0
Briyana,1.0
Briyanah,1.0
Briyani,1.0
Briyanna,1.0
Briyelle,1.0
Briyith,1.0
Britza,1.0
Briyona,1.0
Briyonna,1.0
Briza,1.0
Brizeida,1.0
Brizeth,1.0
Brizeyda,1.0
Brizia,1.0
Brizleth,1.0
Brizza,1.0
Brizzia,1.0
Brocha,1.0
Brona,1.0
Britzel,1.0
Britynn,1.0
Brittinee,1.0
Brittnay,1.0
Brittiney,1.0
Brittini,1.0
Brittinie,1.0
Brittiny,1.0
Brittish,1.0
Brittlee,1.0
Brittley,1.0
Brittlyn,1.0
Brittlynn,1.0
Brittna,1.0
Brittnae,1.0
Brittnany,1.0
Brittne,1.0
Brityn,1.0
Brittnea,1.0
Brittnee,1.0
Brittnei,1.0
Brittneyann,1.0
Brittnie,1.0
Brittnii,1.0
Brittny,1.0
Brittnye,1.0
Brittoni,1.0
Brittony,1.0
Britttany,1.0
Brittyn,1.0
Bryona,1.0
Bryony,1.0
Caleiah,1.0
Cadince,1.0
Caida,1.0
Caidance,1.0
Caidee,1.0
Caidy,1.0
Caidynce,1.0
Caila,1.0
Cailah,1.0
Cailani,1.0
Caile,1.0
Cailee,1.0
Caileen,1.0
Caileigh,1.0
Cailey,1.0
Caili,1.0
Cailie,1.0
Cailley,1.0
Cailon,1.0
Cailtin,1.0
Caily,1.0
Cailyn,1.0
Cailynn,1.0
Cailynne,1.0
Caiomi,1.0
Caira,1.0
Cairah,1.0
Cairn,1.0
Cairra,1.0
Caiani,1.0
Caiah,1.0
Caia,1.0
Caely,1.0
Cadynce,1.0
Caedance,1.0
Caedence,1.0
Caela,1.0
Caelainn,1.0
Caelani,1.0
Caelee,1.0
Caeleigh,1.0
Caeley,1.0
Caeli,1.0
Caelia,1.0
Caelie,1.0
Caelynn,1.0
Cahya,1.0
Caera,1.0
Caetana,1.0
Caetlin,1.0
Caetlyn,1.0
Caffey,1.0
Caffie,1.0
Cahira,1.0
Cahlani,1.0
Cahlia,1.0
Cahlin,1.0
Cahri,1.0
Cahterine,1.0
Caisey,1.0
Caisha,1.0
Caislee,1.0
Calaya,1.0
Calah,1.0
Calaia,1.0
Calaiya,1.0
Calaiyah,1.0
Calamity,1.0
Calanda,1.0
Calandra,1.0
Calandria,1.0
Calani,1.0
Calantha,1.0
Calanthe,1.0
Calasia,1.0
Calayah,1.0
Caiyah,1.0
Calaysia,1.0
Caldonia,1.0
Calea,1.0
Caleah,1.0
Caledonia,1.0
Calee,1.0
Caleen,1.0
Caleena,1.0
Caleesha,1.0
Caleesi,1.0
Calei,1.0
Caleia,1.0
Cala,1.0
Caiya,1.0
Caisley,1.0
Caitland,1.0
Caislyn,1.0
Caislynn,1.0
Cait,1.0
Caite,1.0
Caitelyn,1.0
Caithlin,1.0
Caitie,1.0
Caitilin,1.0
Caitilyn,1.0
Caitin,1.0
Caitlain,1.0
Caitlan,1.0
Caitlen,1.0
Caitylyn,1.0
Caitline,1.0
Caitlinn,1.0
Caitlynd,1.0
Caitlyne,1.0
Caitlynn,1.0
Caitlynne,1.0
Caitria,1.0
Caitrin,1.0
Caitriona,1.0
Caitryn,1.0
Caity,1.0
Caityln,1.0
Cadisha,1.0
Cadijah,1.0
Brysa,1.0
Cadience,1.0
Buffie,1.0
Bula,1.0
Bulah,1.0
Bular,1.0
Buleah,1.0
Bulma,1.0
Buna,1.0
Bunia,1.0
Bunice,1.0
Bunie,1.0
Bunita,1.0
Bunni,1.0
Burdella,1.0
Burdelle,1.0
Burdena,1.0
Burdene,1.0
Burdetta,1.0
Burdie,1.0
Burdine,1.0
Burgandi,1.0
Burgandie,1.0
Burgandy,1.0
Burgundy,1.0
Burklee,1.0
Burkleigh,1.0
Burla,1.0
Burleen,1.0
Buffi,1.0
Buffey,1.0
Buena,1.0
Brytni,1.0
Bryseida,1.0
Bryssa,1.0
Bryssia,1.0
Brystal,1.0
Brystle,1.0
Brytani,1.0
Brytanie,1.0
Brytanni,1.0
Brytany,1.0
Brytne,1.0
Brytnee,1.0
Brytney,1.0
Brytnie,1.0
Buelah,1.0
Bryttani,1.0
Bryttanie,1.0
Bryttany,1.0
Bryttnee,1.0
Bryttney,1.0
Bryttni,1.0
Bryttnie,1.0
Bryttnii,1.0
Bryxlee,1.0
Btittany,1.0
Bubbles,1.0
Buela,1.0
Burlene,1.0
Burline,1.0
Burma,1.0
Cadee,1.0
Cabrielle,1.0
Cabrina,1.0
Cabrini,1.0
Cacee,1.0
Cachet,1.0
Caci,1.0
Cacia,1.0
Cacie,1.0
Cacy,1.0
Cada,1.0
Caddie,1.0
Cadedra,1.0
Cadeidra,1.0
Cabella,1.0
Cadeisha,1.0
Cadeja,1.0
Cadejah,1.0
Cadense,1.0
Cadesha,1.0
Cadeshia,1.0
Cadesia,1.0
Cadey,1.0
Cadhla,1.0
Cadi,1.0
Cadia,1.0
Cadie,1.0
Cabria,1.0
Cabela,1.0
Burmah,1.0
Burtie,1.0
Burna,1.0
Burnadette,1.0
Burnadine,1.0
Burneice,1.0
Burnelle,1.0
Burnese,1.0
Burnestine,1.0
Burneta,1.0
Burnetta,1.0
Burniece,1.0
Burnita,1.0
Burtha,1.0
Buse,1.0
Caasi,1.0
Bushra,1.0
Busra,1.0
Butterfly,1.0
Byanca,1.0
Byanka,1.0
Byata,1.0
Byonce,1.0
Byra,1.0
Byrde,1.0
Byrdie,1.0
Byrnece,1.0
Caaliyah,1.0
Cidalia,1.0
Cidni,1.0
Bethlehem,1.0
Delandra,1.0
Delaynie,1.0
Delaysha,1.0
Delaysia,1.0
Delayza,1.0
Delba,1.0
Delberta,1.0
Delborah,1.0
Delbra,1.0
Delcenia,1.0
Delci,1.0
Delcia,1.0
Delcie,1.0
Delcina,1.0
Delcine,1.0
Delcy,1.0
Deldra,1.0
Delea,1.0
Deleah,1.0
Delean,1.0
Deleana,1.0
Deleatrice,1.0
Delecia,1.0
Delee,1.0
Deleen,1.0
Deleena,1.0
Deleesa,1.0
Deleiza,1.0
Delayni,1.0
Delayney,1.0
Delaynee,1.0
Delany,1.0
Delanea,1.0
Delanee,1.0
Delanei,1.0
Delaneigh,1.0
Delania,1.0
Delanie,1.0
Delann,1.0
Delanna,1.0
Delanne,1.0
Delanni,1.0
Delannie,1.0
Delanny,1.0
Delanya,1.0
Delayna,1.0
Delaphine,1.0
Delara,1.0
Delaris,1.0
Delasha,1.0
Delasia,1.0
Delaura,1.0
Delauren,1.0
Delavina,1.0
Delaya,1.0
Delayah,1.0
Delayla,1.0
Delaylah,1.0
Delema,1.0
Delena,1.0
Delene,1.0
Delise,1.0
Delilahrose,1.0
Delilha,1.0
Delilia,1.0
Deliliah,1.0
Delillah,1.0
Delima,1.0
Delimar,1.0
Delina,1.0
Delinah,1.0
Delinda,1.0
Delinia,1.0
Delisa,1.0
Delisha,1.0
Delila,1.0
Delishia,1.0
Delisia,1.0
Delissa,1.0
Delissia,1.0
Delita,1.0
Delite,1.0
Delitha,1.0
Deliyah,1.0
Deliylah,1.0
Deliza,1.0
Delizah,1.0
Dellah,1.0
Delilah,1.0
Delight,1.0
Delenia,1.0
Delexus,1.0
Delenn,1.0
Delenna,1.0
Delephine,1.0
Delesa,1.0
Delesha,1.0
Deleshia,1.0
Delesia,1.0
Deleta,1.0
Deletha,1.0
Delethia,1.0
Deletta,1.0
Delexis,1.0
Deleyza,1.0
Delie,1.0
Delfa,1.0
Delfina,1.0
Delfinia,1.0
Delfreda,1.0
Deliah,1.0
Deliana,1.0
Delianna,1.0
Deliany,1.0
Delianys,1.0
Delica,1.0
Delice,1.0
Delicia,1.0
Delandria,1.0
Delanda,1.0
Dellana,1.0
Delana,1.0
Deira,1.0
Deirde,1.0
Deirdra,1.0
Deirdre,1.0
Deirore,1.0
Deirra,1.0
Deise,1.0
Deisha,1.0
Deisi,1.0
Deisree,1.0
Deissy,1.0
Deisy,1.0
Deitra,1.0
Deitre,1.0
Dejaa,1.0
Dejae,1.0
Dejahna,1.0
Dejahnae,1.0
Dejahnay,1.0
Dejahne,1.0
Dejahnique,1.0
Dejai,1.0
Dejamarie,1.0
Dejana,1.0
Dejanae,1.0
Dejanai,1.0
Dejanay,1.0
Deionna,1.0
Deiondra,1.0
Deiona,1.0
Deidra,1.0
Dehlila,1.0
Deia,1.0
Deiadra,1.0
Deiah,1.0
Deiana,1.0
Deianeira,1.0
Deianira,1.0
Deianna,1.0
Deiara,1.0
Deici,1.0
Deicy,1.0
Deida,1.0
Deidrea,1.0
Deina,1.0
Deidree,1.0
Deidri,1.0
Deidria,1.0
Deija,1.0
Deijah,1.0
Deila,1.0
Deilah,1.0
Deilani,1.0
Deilany,1.0
Deily,1.0
Deilyn,1.0
Deimy,1.0
Dejanaye,1.0
Dejane,1.0
Dejanea,1.0
Delaiah,1.0
Dekira,1.0
Dekisha,1.0
Dekita,1.0
Dekiya,1.0
Dekiyah,1.0
Dekotah,1.0
Dekyla,1.0
Dekyra,1.0
Delacey,1.0
Delaenie,1.0
Delahni,1.0
Delaia,1.0
Delaila,1.0
Dekeshia,1.0
Delailah,1.0
Delaili,1.0
Delaina,1.0
Delainah,1.0
Delainee,1.0
Delainey,1.0
Delaini,1.0
Delainie,1.0
Delainy,1.0
Delaiyah,1.0
Delajah,1.0
Delali,1.0
Dekia,1.0
Dekesha,1.0
Dejanee,1.0
Dejiah,1.0
Dejaneira,1.0
Dejanelle,1.0
Dejania,1.0
Dejanique,1.0
Dejanira,1.0
Dejanna,1.0
Dejarae,1.0
Dejenae,1.0
Dejha,1.0
Dejhana,1.0
Dejhanae,1.0
Dejia,1.0
Dejoire,1.0
Dekendra,1.0
Dejona,1.0
Dejonae,1.0
Dejone,1.0
Dejonna,1.0
Dejonnae,1.0
Dejsha,1.0
Dejuana,1.0
Dejuna,1.0
Deka,1.0
Dekara,1.0
Dekayla,1.0
Dekeisha,1.0
Dellamae,1.0
Dellaney,1.0
Dehlani,1.0
Demirah,1.0
Denajah,1.0
Denajia,1.0
Denalia,1.0
Denaly,1.0
Denamarie,1.0
Denaria,1.0
Denasha,1.0
Denashia,1.0
Denasia,1.0
Denautica,1.0
Denay,1.0
Denaya,1.0
Denayah,1.0
Denaye,1.0
Denaysha,1.0
Denaysia,1.0
Denayt,1.0
Denazia,1.0
Dencie,1.0
Denea,1.0
Denean,1.0
Deneane,1.0
Denease,1.0
Denece,1.0
Denecia,1.0
Denedra,1.0
Denee,1.0
Denaja,1.0
Denaiya,1.0
Denaisha,1.0
Demri,1.0
Demisha,1.0
Demita,1.0
Demitra,1.0
Demitria,1.0
Demiya,1.0
Demiyah,1.0
Demmi,1.0
Demmie,1.0
Demona,1.0
Demonica,1.0
Demonii,1.0
Demple,1.0
Demy,1.0
Denaijah,1.0
Demya,1.0
Demyah,1.0
Demyia,1.0
Demyiah,1.0
Demyla,1.0
Demyra,1.0
Demyri,1.0
Denae,1.0
Denaeja,1.0
Denah,1.0
Denai,1.0
Denaija,1.0
Deneem,1.0
Deneena,1.0
Deneene,1.0
Deniesha,1.0
Deniah,1.0
Denica,1.0
Denice,1.0
Denicia,1.0
Denicka,1.0
Denie,1.0
Deniece,1.0
Deniecia,1.0
Deniella,1.0
Denielle,1.0
Deniene,1.0
Deniese,1.0
Denija,1.0
Keshunna,1.0
Denijah,1.0
Denika,1.0
Denilah,1.0
Denille,1.0
Denina,1.0
Denine,1.0
Deniqua,1.0
Denique,1.0
Denira,1.0
Denisa,1.0
Denisha,1.0
Denishea,1.0
Denia,1.0
Denette,1.0
Deneesha,1.0
Denesa,1.0
Deneice,1.0
Deneil,1.0
Deneise,1.0
Deneisha,1.0
Deneishia,1.0
Deneka,1.0
Denekia,1.0
Denel,1.0
Denelda,1.0
Denena,1.0
Denene,1.0
Denequa,1.0
Denese,1.0
Denetta,1.0
Denesha,1.0
Deneshia,1.0
Denesia,1.0
Denessa,1.0
Deneta,1.0
Denetia,1.0
Denetra,1.0
Denetria,1.0
Denetrice,1.0
Denetris,1.0
Denetrius,1.0
Denett,1.0
Demirose,1.0
Demiracle,1.0
Dellanie,1.0
Demira,1.0
Delorise,1.0
Deloros,1.0
Delors,1.0
Delorse,1.0
Delorus,1.0
Delouise,1.0
Delouris,1.0
Deloyce,1.0
Delpha,1.0
Delphene,1.0
Delphenia,1.0
Delphi,1.0
Delphia,1.0
Delphie,1.0
Delphina,1.0
Delphinia,1.0
Delrae,1.0
Delrita,1.0
Delrose,1.0
Delsa,1.0
Delsey,1.0
Delsha,1.0
Delsia,1.0
Delsie,1.0
Delsy,1.0
Deltha,1.0
Deltina,1.0
Delories,1.0
Delorice,1.0
Deloria,1.0
Delmi,1.0
Dellanira,1.0
Dellar,1.0
Dellarae,1.0
Dellareese,1.0
Dellarose,1.0
Delle,1.0
Dellena,1.0
Dellene,1.0
Deller,1.0
Dellia,1.0
Dellora,1.0
Delmarie,1.0
Delmira,1.0
Delorese,1.0
Delmonica,1.0
Delmy,1.0
Delna,1.0
Deloice,1.0
Deloise,1.0
Deloma,1.0
Delonda,1.0
Delonia,1.0
Delonna,1.0
Delora,1.0
Deloras,1.0
Delorce,1.0
Deluna,1.0
Deluvina,1.0
Delva,1.0
Demetriana,1.0
Demelza,1.0
Demeree,1.0
Demeri,1.0
Demeria,1.0
Demesha,1.0
Demeshia,1.0
Demeta,1.0
Demeteria,1.0
Demethra,1.0
Demetia,1.0
Demetras,1.0
Demetrial,1.0
Demetrianna,1.0
Demeka,1.0
Demetrica,1.0
Demetricia,1.0
Demetriona,1.0
Demetrish,1.0
Demetriss,1.0
Demia,1.0
Demiah,1.0
Demiana,1.0
Demica,1.0
Demie,1.0
Demii,1.0
Demika,1.0
Demekia,1.0
Demeisha,1.0
Delvia,1.0
Delyza,1.0
Delvina,1.0
Dely,1.0
Delya,1.0
Delycia,1.0
Delyla,1.0
Delylah,1.0
Delyliah,1.0
Delynda,1.0
Delynne,1.0
Delysa,1.0
Delysia,1.0
Delyssa,1.0
Delzora,1.0
Demeigh,1.0
Dema,1.0
Demara,1.0
Demariah,1.0
Demariana,1.0
Demariona,1.0
Demarionna,1.0
Demariya,1.0
Demariyah,1.0
Demaya,1.0
Demeatra,1.0
Demeca,1.0
Demecia,1.0
Dehlia,1.0
Dehja,1.0
Denisia,1.0
Dawsynn,1.0
Dayatra,1.0
Daybelis,1.0
Daycee,1.0
Daycia,1.0
Daydra,1.0
Daye,1.0
Dayeli,1.0
Dayelin,1.0
Dayesha,1.0
Dayiana,1.0
Dayja,1.0
Dayjah,1.0
Dayla,1.0
Daylah,1.0
Daylani,1.0
Daylanie,1.0
Daylany,1.0
Dayleen,1.0
Dayleigh,1.0
Daylene,1.0
Dayleni,1.0
Dayleth,1.0
Dayli,1.0
Daylia,1.0
Dayliani,1.0
Daylie,1.0
Dayline,1.0
Dayasia,1.0
Dayari,1.0
Dayany,1.0
Dayanah,1.0
Dawyn,1.0
Daxia,1.0
Daya,1.0
Dayah,1.0
Dayahna,1.0
Dayali,1.0
Dayami,1.0
Dayamin,1.0
Dayamir,1.0
Dayamit,1.0
Dayamy,1.0
Dayana,1.0
Dayanaira,1.0
Dayanni,1.0
Dayanara,1.0
Dayanari,1.0
Dayane,1.0
Dayanera,1.0
Dayani,1.0
Dayanie,1.0
Dayanira,1.0
Dayanis,1.0
Dayann,1.0
Dayanna,1.0
Dayannara,1.0
Dayanne,1.0
Daylinn,1.0
Daymi,1.0
Daynah,1.0
Dazia,1.0
Dayzie,1.0
Dazah,1.0
Dazani,1.0
Dazari,1.0
Dazaria,1.0
Dazariah,1.0
Dazay,1.0
Dazaya,1.0
Dazha,1.0
Dazhanae,1.0
Dazhane,1.0
Dazhia,1.0
Daziah,1.0
Dayzi,1.0
Dazie,1.0
Dazire,1.0
Daziya,1.0
Daziyah,1.0
Dazja,1.0
Dazjah,1.0
Dazlyn,1.0
Dazlynn,1.0
Dazmine,1.0
Dazsha,1.0
Dazya,1.0
Dazza,1.0
Dayzia,1.0
Dayzhane,1.0
Daynara,1.0
Dayshana,1.0
Daynesha,1.0
Daynisha,1.0
Daynna,1.0
Dayona,1.0
Dayonna,1.0
Dayra,1.0
Dayrani,1.0
Dayri,1.0
Dayrin,1.0
Dayris,1.0
Dayse,1.0
Daysha,1.0
Dayshanay,1.0
Dayzha,1.0
Dayshawna,1.0
Dayshia,1.0
Daysi,1.0
Daysia,1.0
Daysie,1.0
Daysy,1.0
Dayva,1.0
Dayvanee,1.0
Dayvonna,1.0
Dayza,1.0
Dayzah,1.0
Dayzee,1.0
Dawt,1.0
Dawnyelle,1.0
Ddnna,1.0
Dawnyell,1.0
Daveena,1.0
Daveigh,1.0
Daveisha,1.0
Davelyn,1.0
Davena,1.0
Daveney,1.0
Davenia,1.0
Daveona,1.0
Daveonna,1.0
Davesha,1.0
Daveta,1.0
Davetta,1.0
Davette,1.0
Daveya,1.0
Daveyah,1.0
Davia,1.0
Daviah,1.0
Daviana,1.0
Davianna,1.0
Davielle,1.0
Daviette,1.0
Davika,1.0
Davileth,1.0
Davilyn,1.0
Davina,1.0
Davinah,1.0
Davinee,1.0
Daveen,1.0
Daveda,1.0
Daveah,1.0
Davada,1.0
Dathel,1.0
Dathol,1.0
Datia,1.0
Datra,1.0
Datrice,1.0
Daughn,1.0
Dauna,1.0
Daundra,1.0
Dauphine,1.0
Daureen,1.0
Dauri,1.0
Dava,1.0
Davaeh,1.0
Davayah,1.0
Davalyn,1.0
Davana,1.0
Davanee,1.0
Davaney,1.0
Davani,1.0
Davanie,1.0
Davanna,1.0
Davany,1.0
Davaria,1.0
Davasha,1.0
Davasia,1.0
Davaya,1.0
Daviney,1.0
Davinia,1.0
Davinity,1.0
Dawnica,1.0
Dawneen,1.0
Dawneisha,1.0
Dawnel,1.0
Dawnell,1.0
Dawnella,1.0
Dawnelle,1.0
Dawnene,1.0
Dawnesha,1.0
Dawnett,1.0
Dawnetta,1.0
Dawnette,1.0
Dawni,1.0
Dawnie,1.0
Dawne,1.0
Dawniel,1.0
Dawnielle,1.0
Dawnisha,1.0
Dawnita,1.0
Dawnmarie,1.0
Dawnn,1.0
Dawnna,1.0
Dawnne,1.0
Dawnta,1.0
Dawny,1.0
Dawnya,1.0
Dawnyel,1.0
Dawnee,1.0
Dawndria,1.0
Davinna,1.0
Davonia,1.0
Daviona,1.0
Davionna,1.0
Davisha,1.0
Davita,1.0
Daviya,1.0
Daviyah,1.0
Daviyana,1.0
Davlyn,1.0
Davlynn,1.0
Davona,1.0
Davonda,1.0
Davoni,1.0
Davonna,1.0
Dawndra,1.0
Davonya,1.0
Davyne,1.0
Davynn,1.0
Dawana,1.0
Dawanda,1.0
Dawanna,1.0
Dawm,1.0
Dawna,1.0
Dawnae,1.0
Dawnda,1.0
Dawndee,1.0
Dawndi,1.0
Dazzlyn,1.0
Deadra,1.0
Defne,1.0
Debor,1.0
Debro,1.0
Debroa,1.0
Debroah,1.0
Debroh,1.0
Debroha,1.0
Debrorah,1.0
Debrra,1.0
Deby,1.0
Decara,1.0
Decarla,1.0
Decca,1.0
Dechanel,1.0
Dechelle,1.0
Dechen,1.0
Decia,1.0
Decie,1.0
Decima,1.0
Decklynn,1.0
Decola,1.0
Decole,1.0
Decora,1.0
Deda,1.0
Deddie,1.0
Dede,1.0
Dedee,1.0
Dedera,1.0
Dedi,1.0
Debrisha,1.0
Debrina,1.0
Debrianna,1.0
Debr,1.0
Deboraah,1.0
Deboraha,1.0
Deborahann,1.0
Deborahh,1.0
Deboral,1.0
Deboran,1.0
Deborh,1.0
Deborha,1.0
Deboria,1.0
Deboroh,1.0
Deborra,1.0
Deborrah,1.0
Debraa,1.0
Debriana,1.0
Debraann,1.0
Debraca,1.0
Debrah,1.0
Debraha,1.0
Debrajo,1.0
Debralee,1.0
Debralyn,1.0
Debrann,1.0
Debraoh,1.0
Debrea,1.0
Debrha,1.0
Debria,1.0
Dedie,1.0
Dedorah,1.0
Dedra,1.0
Deeqa,1.0
Deema,1.0
Deemah,1.0
Deenah,1.0
Deene,1.0
Deeneen,1.0
Deenie,1.0
Deenna,1.0
Deepa,1.0
Deepika,1.0
Deepshika,1.0
Deepthi,1.0
Deepti,1.0
Deera,1.0
Deelynn,1.0
Deerica,1.0
Deericka,1.0
Deerika,1.0
Deesha,1.0
Deethya,1.0
Deetra,1.0
Deett,1.0
Deetta,1.0
Deette,1.0
Deetya,1.0
Deeva,1.0
Deeya,1.0
Deem,1.0
Deella,1.0
Dedrah,1.0
Deeasia,1.0
Dedre,1.0
Dedrea,1.0
Dedria,1.0
Dedriana,1.0
Dedrianna,1.0
Dedrie,1.0
Deea,1.0
Deeana,1.0
Deeandra,1.0
Deeann,1.0
Deeanna,1.0
Deeanne,1.0
Deeba,1.0
Deelilah,1.0
Deeda,1.0
Deeddra,1.0
Deede,1.0
Deedee,1.0
Deedgra,1.0
Deedie,1.0
Deedra,1.0
Deedre,1.0
Deedy,1.0
Deeksha,1.0
Deekshitha,1.0
Deelda,1.0
Deboraa,1.0
Debooah,1.0
Deadre,1.0
Debony,1.0
Deangelia,1.0
Deangelis,1.0
Deani,1.0
Deania,1.0
Deanine,1.0
Deanise,1.0
Deann,1.0
Deannah,1.0
Deanndra,1.0
Deannea,1.0
Deannette,1.0
Deannia,1.0
Deannie,1.0
Deanza,1.0
Deara,1.0
Deardra,1.0
Dearia,1.0
Deariah,1.0
Dearie,1.0
Dearii,1.0
Deariyah,1.0
Dearra,1.0
Dearrah,1.0
Dearri,1.0
Dearria,1.0
Deasha,1.0
Deashia,1.0
Deangela,1.0
Deangel,1.0
Deanette,1.0
Deajanae,1.0
Deadria,1.0
Deah,1.0
Deahna,1.0
Deaija,1.0
Deaijah,1.0
Deaira,1.0
Deairah,1.0
Deairra,1.0
Deaisa,1.0
Deaisha,1.0
Deaja,1.0
Deajah,1.0
Deajane,1.0
Deanesha,1.0
Deajha,1.0
Deajia,1.0
Dealia,1.0
Dealie,1.0
Dealva,1.0
Deamber,1.0
Deambra,1.0
Deanah,1.0
Deanca,1.0
Deanda,1.0
Deandria,1.0
Deaneen,1.0
Deashley,1.0
Deasia,1.0
Deasiah,1.0
Debbra,1.0
Debarah,1.0
Debarh,1.0
Debaroh,1.0
Debb,1.0
Debbe,1.0
Debbee,1.0
Debbera,1.0
Debbey,1.0
Debbi,1.0
Debbora,1.0
Debborah,1.0
Debborrah,1.0
Debbrah,1.0
Debar,1.0
Debby,1.0
Debbye,1.0
Debe,1.0
Debera,1.0
Deberah,1.0
Debhani,1.0
Debhora,1.0
Debhra,1.0
Debi,1.0
Debie,1.0
Deboah,1.0
Deboarh,1.0
Debara,1.0
Debany,1.0
Deasja,1.0
Deavian,1.0
Deasya,1.0
Deatra,1.0
Deatria,1.0
Deatrice,1.0
Deatta,1.0
Deaudra,1.0
Deaun,1.0
Deauna,1.0
Deaundria,1.0
Deaunna,1.0
Deauri,1.0
Deava,1.0
Deavionne,1.0
Debani,1.0
Deavyn,1.0
Deawn,1.0
Deayla,1.0
Deayra,1.0
Deaysha,1.0
Deaysia,1.0
Deazia,1.0
Deb,1.0
Deba,1.0
Debahni,1.0
Debanhi,1.0
Debanhy,1.0
Denishia,1.0
Denissa,1.0
Datavia,1.0
Diellza,1.0
Dilcia,1.0
Dilek,1.0
Dilenny,1.0
Dileydi,1.0
Dilia,1.0
Diliana,1.0
Dililah,1.0
Dilla,1.0
Dillie,1.0
Dillynn,1.0
Dilma,1.0
Dilnoor,1.0
Dilnura,1.0
Dilreet,1.0
Dilyla,1.0
Dilylah,1.0
Dilys,1.0
Dim,1.0
Dimesha,1.0
Dimetra,1.0
Dimia,1.0
Dimitra,1.0
Dimitria,1.0
Dimond,1.0
Dimonique,1.0
Dimple,1.0
Dimples,1.0
Dilayla,1.0
Dilay,1.0
Dilara,1.0
Digna,1.0
Dienna,1.0
Dienne,1.0
Diera,1.0
Dierdra,1.0
Dierdre,1.0
Dierra,1.0
Diesha,1.0
Dietra,1.0
Dietta,1.0
Dieu,1.0
Dieynaba,1.0
Digiannia,1.0
Dihanna,1.0
Dilany,1.0
Dija,1.0
Dijana,1.0
Dijonae,1.0
Dijonay,1.0
Dijone,1.0
Dijonna,1.0
Dijonnae,1.0
Dijonnaise,1.0
Diksha,1.0
Dila,1.0
Dilana,1.0
Dilani,1.0
Dimya,1.0
Dinae,1.0
Dinah,1.0
Diori,1.0
Diona,1.0
Dionah,1.0
Dionca,1.0
Diondria,1.0
Dionicia,1.0
Dionisia,1.0
Dionnah,1.0
Dionni,1.0
Dionnie,1.0
Dionysia,1.0
Dionza,1.0
Diora,1.0
Diosa,1.0
Diocelina,1.0
Dioselin,1.0
Dioselina,1.0
Dioseline,1.0
Dioselyn,1.0
Dipa,1.0
Dipali,1.0
Dipti,1.0
Dira,1.0
Diretha,1.0
Diriany,1.0
Dirinda,1.0
Disa,1.0
Diolinda,1.0
Diny,1.0
Dinahlee,1.0
Dinese,1.0
Dinalee,1.0
Dinamarie,1.0
Dinara,1.0
Dinasia,1.0
Dinasti,1.0
Dinasty,1.0
Dindi,1.0
Dinean,1.0
Dineen,1.0
Dineisha,1.0
Dinelle,1.0
Dinene,1.0
Dinesha,1.0
Dinorah,1.0
Dineshia,1.0
Dinetta,1.0
Dini,1.0
Dinia,1.0
Dinise,1.0
Dinisha,1.0
Dinita,1.0
Dinna,1.0
Dinnah,1.0
Dinneen,1.0
Dinnia,1.0
Dinora,1.0
Diena,1.0
Diella,1.0
Diseree,1.0
Diedri,1.0
Dhruvi,1.0
Dhruvika,1.0
Dhvani,1.0
Dhwani,1.0
Dhyana,1.0
Dhyani,1.0
Diadra,1.0
Diahann,1.0
Diahanna,1.0
Diahn,1.0
Diaja,1.0
Diajah,1.0
Diala,1.0
Diamani,1.0
Diamantina,1.0
Diamonde,1.0
Diamondique,1.0
Diamondnique,1.0
Diamonds,1.0
Diamone,1.0
Diamoni,1.0
Diamonique,1.0
Diamyn,1.0
Dianah,1.0
Dianalaura,1.0
Dianalee,1.0
Dianaliz,1.0
Dhruti,1.0
Dhruthi,1.0
Dhriya,1.0
Dharti,1.0
Dhaani,1.0
Dhakirah,1.0
Dhalia,1.0
Dhamar,1.0
Dhana,1.0
Dhanna,1.0
Dhanvi,1.0
Dhanvika,1.0
Dhanya,1.0
Dhara,1.0
Dharani,1.0
Dharshini,1.0
Dharvi,1.0
Dhritireddy,1.0
Dhasia,1.0
Dhatri,1.0
Dhea,1.0
Dheeksha,1.0
Dhemilly,1.0
Dhiti,1.0
Dhivya,1.0
Dhiya,1.0
Dhream,1.0
Dhrisha,1.0
Dhrithi,1.0
Dhriti,1.0
Dianalynn,1.0
Dianalys,1.0
Dianamarie,1.0
Diba,1.0
Dianthia,1.0
Diany,1.0
Diara,1.0
Diaraye,1.0
Diari,1.0
Diary,1.0
Diasha,1.0
Diasia,1.0
Diasy,1.0
Diaundra,1.0
Diavione,1.0
Diavionne,1.0
Dibanhi,1.0
Diantha,1.0
Dibbie,1.0
Dicey,1.0
Dichelle,1.0
Dicie,1.0
Dicki,1.0
Dicksie,1.0
Dicy,1.0
Didi,1.0
Didra,1.0
Dieatra,1.0
Diedra,1.0
Diedre,1.0
Dianthe,1.0
Dianny,1.0
Dianara,1.0
Dianetta,1.0
Dianca,1.0
Diandra,1.0
Diandrea,1.0
Diandria,1.0
Dianela,1.0
Dianeli,1.0
Dianelis,1.0
Dianeliz,1.0
Dianelly,1.0
Dianely,1.0
Dianelys,1.0
Dianet,1.0
Dianette,1.0
Diannie,1.0
Dianey,1.0
Diangela,1.0
Diani,1.0
Diania,1.0
Dianie,1.0
Dianira,1.0
Dianita,1.0
Diann,1.0
Diannah,1.0
Dianney,1.0
Dianni,1.0
Diannia,1.0
Disaya,1.0
Disha,1.0
Dezyre,1.0
Doloria,1.0
Domonica,1.0
Domonigue,1.0
Domonque,1.0
Domynique,1.0
Donabelle,1.0
Donaciana,1.0
Donagene,1.0
Donah,1.0
Donajean,1.0
Donaji,1.0
Donalda,1.0
Donaldeen,1.0
Donaldine,1.0
Donalee,1.0
Donaleen,1.0
Donalene,1.0
Donalyn,1.0
Donalynn,1.0
Donamarie,1.0
Donashia,1.0
Donasia,1.0
Donata,1.0
Donatella,1.0
Doncella,1.0
Donda,1.0
Dondee,1.0
Dondie,1.0
Dommonique,1.0
Domitila,1.0
Domita,1.0
Domie,1.0
Doloris,1.0
Dolorita,1.0
Doloros,1.0
Dolorosa,1.0
Dolorous,1.0
Dolorse,1.0
Dolphine,1.0
Dolres,1.0
Domeeka,1.0
Domenica,1.0
Domica,1.0
Domicella,1.0
Domina,1.0
Dominoe,1.0
Dominae,1.0
Dominee,1.0
Dominesha,1.0
Domini,1.0
Dominica,1.0
Dominice,1.0
Dominicia,1.0
Dominicka,1.0
Dominika,1.0
Dominiqu,1.0
Dominiqua,1.0
Dominisha,1.0
Dondria,1.0
Donecia,1.0
Doneen,1.0
Donnalou,1.0
Doniyah,1.0
Donja,1.0
Donjanae,1.0
Donmonique,1.0
Donnabel,1.0
Donnabell,1.0
Donnabelle,1.0
Donnae,1.0
Donnah,1.0
Donnajean,1.0
Donnajo,1.0
Donnalee,1.0
Donnalyn,1.0
Donivee,1.0
Donnalynn,1.0
Donnamae,1.0
Donnamaria,1.0
Donnamarie,1.0
Donnarae,1.0
Donnas,1.0
Donnasia,1.0
Donnay,1.0
Donneisha,1.0
Donnella,1.0
Donnesha,1.0
Donneshia,1.0
Doniya,1.0
Donitta,1.0
Doneisha,1.0
Doneva,1.0
Doneka,1.0
Donelda,1.0
Donelia,1.0
Donella,1.0
Donene,1.0
Donese,1.0
Donesha,1.0
Doneshia,1.0
Donesia,1.0
Doneta,1.0
Donetta,1.0
Donette,1.0
Donia,1.0
Donitra,1.0
Donica,1.0
Donice,1.0
Donicia,1.0
Doniece,1.0
Doniell,1.0
Doniesha,1.0
Donika,1.0
Doniqua,1.0
Donise,1.0
Donisha,1.0
Donishia,1.0
Donita,1.0
Dolories,1.0
Dolorez,1.0
Disheka,1.0
Dolorese,1.0
Diyaa,1.0
Diyala,1.0
Diyana,1.0
Diyanna,1.0
Diyara,1.0
Diyonna,1.0
Diyora,1.0
Djamila,1.0
Djana,1.0
Djanae,1.0
Djellza,1.0
Djenaba,1.0
Djenabou,1.0
Djene,1.0
Djeneba,1.0
Djenne,1.0
Djuana,1.0
Djuanna,1.0
Djuna,1.0
Dkayla,1.0
Dlana,1.0
Dlaney,1.0
Dlani,1.0
Dlayah,1.0
Dlayna,1.0
Dlila,1.0
Dlilah,1.0
Dixy,1.0
Dixielynn,1.0
Dixielee,1.0
Diviana,1.0
Dishita,1.0
Disiree,1.0
Dissie,1.0
Distiny,1.0
Dita,1.0
Diti,1.0
Ditya,1.0
Ditza,1.0
Diva,1.0
Divany,1.0
Divi,1.0
Divia,1.0
Divija,1.0
Dixianna,1.0
Divika,1.0
Divina,1.0
Divinity,1.0
Divisha,1.0
Divleen,1.0
Divyana,1.0
Divyanka,1.0
Divyanshi,1.0
Divyne,1.0
Dixee,1.0
Dixi,1.0
Dixiana,1.0
Dlinda,1.0
Dlisa,1.0
Dliyah,1.0
Dolena,1.0
Dnylah,1.0
Doaa,1.0
Doba,1.0
Doborah,1.0
Docia,1.0
Docie,1.0
Doddie,1.0
Dodie,1.0
Dody,1.0
Doe,1.0
Dola,1.0
Dolce,1.0
Dolene,1.0
Dnyia,1.0
Doletha,1.0
Dolleen,1.0
Dollena,1.0
Dollene,1.0
Dolley,1.0
Dolli,1.0
Dollicia,1.0
Dollinda,1.0
Dolline,1.0
Dollye,1.0
Dolora,1.0
Doloras,1.0
Dnyla,1.0
Dnyah,1.0
Dlorah,1.0
Dnaielle,1.0
Dlyla,1.0
Dlylah,1.0
Dlynn,1.0
Dmaria,1.0
Dmaya,1.0
Dmia,1.0
Dmiracle,1.0
Dmiya,1.0
Dmiyah,1.0
Dmya,1.0
Dmyah,1.0
Dnae,1.0
Dnaja,1.0
Dnya,1.0
Dnajah,1.0
Dnasia,1.0
Dnaya,1.0
Dneisha,1.0
Dnesha,1.0
Dnia,1.0
Dniah,1.0
Dnielle,1.0
Dnijah,1.0
Dnisha,1.0
Dniya,1.0
Dniyah,1.0
Dezzarae,1.0
Dezyrae,1.0
Denisse,1.0
Derrianna,1.0
Deserea,1.0
Deseree,1.0
Deseret,1.0
Deserey,1.0
Deseri,1.0
Deseria,1.0
Deserie,1.0
Desery,1.0
Deshai,1.0
Deshaila,1.0
Deshala,1.0
Deshana,1.0
Deshanae,1.0
Deshanay,1.0
Deshanda,1.0
Deshandra,1.0
Deshanique,1.0
Deshanna,1.0
Deshanta,1.0
Deshanti,1.0
Deshara,1.0
Deshauna,1.0
Deshaunda,1.0
Deshaundra,1.0
Deshaunta,1.0
Deshawna,1.0
Deshawnda,1.0
Desere,1.0
Deseray,1.0
Deserai,1.0
Desara,1.0
Derricka,1.0
Derrielle,1.0
Derrika,1.0
Derriona,1.0
Derrionna,1.0
Derrisha,1.0
Derriyah,1.0
Derya,1.0
Derykah,1.0
Desa,1.0
Desales,1.0
Desandra,1.0
Desarae,1.0
Deserae,1.0
Desarai,1.0
Desaray,1.0
Desaraye,1.0
Desare,1.0
Desarea,1.0
Desaree,1.0
Desarey,1.0
Desari,1.0
Desarie,1.0
Desda,1.0
Desdemona,1.0
Desera,1.0
Deshawnna,1.0
Deshaya,1.0
Deshayla,1.0
Deslie,1.0
Desirey,1.0
Desiri,1.0
Desirie,1.0
Desirrae,1.0
Desirre,1.0
Desirree,1.0
Desitny,1.0
Desiya,1.0
Desiyah,1.0
Desja,1.0
Desjah,1.0
Desjambra,1.0
Deslyn,1.0
Desirea,1.0
Deslynn,1.0
Desma,1.0
Desmariah,1.0
Desmarie,1.0
Desmona,1.0
Desmonique,1.0
Desnee,1.0
Despena,1.0
Despina,1.0
Desra,1.0
Desrae,1.0
Desray,1.0
Desireah,1.0
Desiraye,1.0
Desheena,1.0
Deshonna,1.0
Desheila,1.0
Deshelia,1.0
Deshell,1.0
Deshera,1.0
Deshia,1.0
Deshira,1.0
Deshiya,1.0
Deshna,1.0
Deshona,1.0
Deshonda,1.0
Deshondra,1.0
Deshonia,1.0
Deshonta,1.0
Desiray,1.0
Deshuna,1.0
Deshunda,1.0
Deshundra,1.0
Deshya,1.0
Desia,1.0
Desieree,1.0
Desilyn,1.0
Desinae,1.0
Desira,1.0
Desirae,1.0
Desiraee,1.0
Desirai,1.0
Derrica,1.0
Derriana,1.0
Desriee,1.0
Derriah,1.0
Denyell,1.0
Denyelle,1.0
Denyia,1.0
Denyla,1.0
Denylah,1.0
Denyse,1.0
Denysha,1.0
Denysse,1.0
Deobrah,1.0
Deola,1.0
Deolinda,1.0
Deona,1.0
Deonca,1.0
Deonda,1.0
Deondria,1.0
Deoni,1.0
Deonia,1.0
Deonica,1.0
Deonie,1.0
Deonka,1.0
Deonn,1.0
Deonni,1.0
Deonnie,1.0
Deonsha,1.0
Deonshay,1.0
Deonza,1.0
Deora,1.0
Denyel,1.0
Denyce,1.0
Denyah,1.0
Dennetta,1.0
Denita,1.0
Denitra,1.0
Denitta,1.0
Deniya,1.0
Deniyah,1.0
Denize,1.0
Denna,1.0
Dennae,1.0
Denne,1.0
Dennen,1.0
Dennese,1.0
Dennesly,1.0
Dennette,1.0
Denya,1.0
Dennhi,1.0
Dennia,1.0
Dennice,1.0
Dennielle,1.0
Dennine,1.0
Dennisha,1.0
Dennishia,1.0
Dennisse,1.0
Dennita,1.0
Denora,1.0
Denotra,1.0
Densie,1.0
Deosha,1.0
Deotha,1.0
Deovian,1.0
Derise,1.0
Deriana,1.0
Derianna,1.0
Deriany,1.0
Derica,1.0
Dericka,1.0
Deridre,1.0
Derielle,1.0
Derika,1.0
Derina,1.0
Derinda,1.0
Deriona,1.0
Derionna,1.0
Derisha,1.0
Deria,1.0
Derita,1.0
Derith,1.0
Deriya,1.0
Deriyah,1.0
Derlene,1.0
Derna,1.0
Deronda,1.0
Deronna,1.0
Derotha,1.0
Derra,1.0
Derri,1.0
Derria,1.0
Deriah,1.0
Deri,1.0
Deprise,1.0
Deralyn,1.0
Deqa,1.0
Dequana,1.0
Dequanda,1.0
Dequandra,1.0
Dequanna,1.0
Dequasha,1.0
Dequesha,1.0
Dequilla,1.0
Dequisha,1.0
Dequita,1.0
Der,1.0
Dera,1.0
Derba,1.0
Derhonda,1.0
Dereka,1.0
Derekia,1.0
Derelys,1.0
Derena,1.0
Derenda,1.0
Derene,1.0
Dereona,1.0
Dereonna,1.0
Deresa,1.0
Deresha,1.0
Dereth,1.0
Deretha,1.0
Desree,1.0
Dessa,1.0
Dezyah,1.0
Devki,1.0
Dewanna,1.0
Dewayna,1.0
Dewetta,1.0
Dewi,1.0
Dewilla,1.0
Dexiree,1.0
Deya,1.0
Deyadira,1.0
Deyala,1.0
Deyana,1.0
Deyanara,1.0
Deyaneira,1.0
Deyani,1.0
Deyanira,1.0
Deyanna,1.0
Deyannah,1.0
Deyanne,1.0
Deyanni,1.0
Deyci,1.0
Deycy,1.0
Deyja,1.0
Deyjah,1.0
Deyla,1.0
Deylani,1.0
Deyli,1.0
Deymi,1.0
Deyna,1.0
Dewanda,1.0
Dewana,1.0
Dewa,1.0
Devonna,1.0
Devna,1.0
Devoiry,1.0
Devola,1.0
Devona,1.0
Devonae,1.0
Devonda,1.0
Devondra,1.0
Devonee,1.0
Devoney,1.0
Devoni,1.0
Devonia,1.0
Devonie,1.0
Devony,1.0
Devynne,1.0
Devonya,1.0
Devora,1.0
Devorah,1.0
Devoria,1.0
Devory,1.0
Devota,1.0
Devra,1.0
Devree,1.0
Devri,1.0
Devrie,1.0
Devy,1.0
Devyani,1.0
Deyona,1.0
Deyonna,1.0
Deyonne,1.0
Dezlynn,1.0
Dezia,1.0
Dezira,1.0
Dezirae,1.0
Deziray,1.0
Deziraye,1.0
Dezirea,1.0
Deziree,1.0
Dezirey,1.0
Deziya,1.0
Deziyah,1.0
Dezja,1.0
Dezlyn,1.0
Dezmariah,1.0
Dezhanae,1.0
Dezmarie,1.0
Dezra,1.0
Dezrae,1.0
Dezree,1.0
Dezstany,1.0
Deztany,1.0
Deztinee,1.0
Deztiney,1.0
Deztini,1.0
Deztiny,1.0
Deztyni,1.0
Dezya,1.0
Dezhane,1.0
Dezha,1.0
Deyonni,1.0
Dezare,1.0
Deyra,1.0
Deysha,1.0
Deysi,1.0
Deysia,1.0
Deyssi,1.0
Deysy,1.0
Deza,1.0
Dezani,1.0
Dezarae,1.0
Dezarai,1.0
Dezaray,1.0
Dezaraye,1.0
Dezarea,1.0
Dezerey,1.0
Dezaree,1.0
Dezarey,1.0
Dezaria,1.0
Dezariah,1.0
Dezariyah,1.0
Dezera,1.0
Dezerae,1.0
Dezerai,1.0
Dezeray,1.0
Dezere,1.0
Dezerea,1.0
Dezeree,1.0
Devlynn,1.0
Devita,1.0
Dessarae,1.0
Devisha,1.0
Destinei,1.0
Destiney,1.0
Desting,1.0
Destini,1.0
Destinie,1.0
Destinii,1.0
Destinique,1.0
Destinni,1.0
Destinnie,1.0
Destinny,1.0
Destinyann,1.0
Destinye,1.0
Destinymarie,1.0
Destinyrose,1.0
Destney,1.0
Destoni,1.0
Destony,1.0
Destyne,1.0
Destynee,1.0
Destyni,1.0
Destynie,1.0
Destyny,1.0
Desyrae,1.0
Desyre,1.0
Desyree,1.0
Deta,1.0
Detisha,1.0
Destinee,1.0
Destinea,1.0
Destinay,1.0
Destanee,1.0
Dessel,1.0
Dessence,1.0
Desseray,1.0
Dessi,1.0
Dessia,1.0
Dessica,1.0
Dessirae,1.0
Dessire,1.0
Dessiree,1.0
Desta,1.0
Destainy,1.0
Destane,1.0
Destaney,1.0
Destinae,1.0
Destani,1.0
Destanie,1.0
Destannie,1.0
Destany,1.0
Destene,1.0
Destenee,1.0
Desteney,1.0
Desteni,1.0
Destenie,1.0
Desteny,1.0
Destiany,1.0
Destina,1.0
Detoya,1.0
Detra,1.0
Detri,1.0
Devetta,1.0
Deveda,1.0
Develyn,1.0
Devena,1.0
Deveney,1.0
Deveni,1.0
Devenny,1.0
Deveny,1.0
Devera,1.0
Deverie,1.0
Deverly,1.0
Deveshi,1.0
Deveta,1.0
Devette,1.0
Devayah,1.0
Devi,1.0
Devia,1.0
Deviana,1.0
Devida,1.0
Devie,1.0
Devika,1.0
Devina,1.0
Devinee,1.0
Devinity,1.0
Devinne,1.0
Deviny,1.0
Devionna,1.0
Deveah,1.0
Devaya,1.0
Detria,1.0
Devanae,1.0
Detrica,1.0
Detrice,1.0
Detricia,1.0
Detrina,1.0
Detta,1.0
Dette,1.0
Detzani,1.0
Deundria,1.0
Devaeh,1.0
Devahni,1.0
Devaki,1.0
Devana,1.0
Devanee,1.0
Devara,1.0
Devaney,1.0
Devanhi,1.0
Devanhy,1.0
Devani,1.0
Devanie,1.0
Devanna,1.0
Devanne,1.0
Devanni,1.0
Devannie,1.0
Devanny,1.0
Devanshi,1.0
Devany,1.0
Datha,1.0
Dasya,1.0
Cidnie,1.0
Corrinne,1.0
Corynne,1.0
Cosandra,1.0
Cosetta,1.0
Cosette,1.0
Cosha,1.0
Cosie,1.0
Cosima,1.0
Cosma,1.0
Cossandra,1.0
Cossette,1.0
Costella,1.0
Cotenia,1.0
Cotha,1.0
Cotina,1.0
Cotrina,1.0
Cottie,1.0
Coua,1.0
Coula,1.0
Coulette,1.0
Coumba,1.0
Countess,1.0
Countney,1.0
Couri,1.0
Courney,1.0
Courntey,1.0
Courtany,1.0
Courteny,1.0
Corynn,1.0
Coryne,1.0
Coryna,1.0
Cortisha,1.0
Corrissa,1.0
Corryn,1.0
Corryne,1.0
Corsandra,1.0
Corsha,1.0
Corsica,1.0
Cortana,1.0
Cortasia,1.0
Cortavia,1.0
Cortazia,1.0
Corteney,1.0
Cortina,1.0
Cortlynn,1.0
Coryn,1.0
Cortne,1.0
Cortnee,1.0
Cortnei,1.0
Cortni,1.0
Cortnie,1.0
Cortny,1.0
Corutney,1.0
Corvetta,1.0
Corvette,1.0
Corvina,1.0
Coryana,1.0
Coryann,1.0
Courtlynn,1.0
Courtne,1.0
Courtnei,1.0
Crisbell,1.0
Crestina,1.0
Creta,1.0
Crete,1.0
Cretia,1.0
Crettie,1.0
Cricket,1.0
Crickett,1.0
Crimsyn,1.0
Crisann,1.0
Crisanna,1.0
Crisanta,1.0
Crisbel,1.0
Criscia,1.0
Cressie,1.0
Crisel,1.0
Criselda,1.0
Criselle,1.0
Crisette,1.0
Crisha,1.0
Crisinda,1.0
Crisleidy,1.0
Crisly,1.0
Crislyn,1.0
Crislynn,1.0
Crisma,1.0
Crisol,1.0
Cresta,1.0
Cressida,1.0
Courtneyann,1.0
Cozette,1.0
Courtni,1.0
Courtnie,1.0
Courtnye,1.0
Coutney,1.0
Couture,1.0
Covie,1.0
Cowana,1.0
Cowanda,1.0
Coya,1.0
Coyla,1.0
Cozella,1.0
Cozetta,1.0
Cozie,1.0
Cressa,1.0
Crea,1.0
Creasie,1.0
Creda,1.0
Creola,1.0
Creolia,1.0
Creosha,1.0
Crescencia,1.0
Crescent,1.0
Crescentia,1.0
Cresencia,1.0
Cresha,1.0
Cresie,1.0
Corrisa,1.0
Corrinna,1.0
Crissa,1.0
Corrinn,1.0
Cordilia,1.0
Cordula,1.0
Corea,1.0
Corean,1.0
Coreatha,1.0
Coreen,1.0
Coreena,1.0
Coreene,1.0
Corella,1.0
Corelle,1.0
Corena,1.0
Corene,1.0
Corenia,1.0
Corenna,1.0
Corenne,1.0
Corenthia,1.0
Coreta,1.0
Coretha,1.0
Coretta,1.0
Corette,1.0
Coreyana,1.0
Coreyanna,1.0
Coreyona,1.0
Coreyonna,1.0
Coriah,1.0
Coriana,1.0
Coriann,1.0
Cordia,1.0
Cordeshia,1.0
Cordellia,1.0
Coraly,1.0
Coraleigh,1.0
Coralena,1.0
Coralene,1.0
Coralia,1.0
Coralie,1.0
Coralin,1.0
Coralina,1.0
Coraline,1.0
Coralis,1.0
Coralito,1.0
Coraliz,1.0
Coralline,1.0
Coralyn,1.0
Cordella,1.0
Coralyne,1.0
Coralynn,1.0
Coralynne,1.0
Coralys,1.0
Coramae,1.0
Corayma,1.0
Corazon,1.0
Corbi,1.0
Corbynn,1.0
Cordasia,1.0
Cordeja,1.0
Cordelia,1.0
Corianna,1.0
Corianne,1.0
Corielle,1.0
Corraine,1.0
Corneshia,1.0
Cornesia,1.0
Cornetta,1.0
Cornia,1.0
Cornisha,1.0
Corniya,1.0
Corniyah,1.0
Corolyn,1.0
Corona,1.0
Coronda,1.0
Corra,1.0
Corrah,1.0
Correan,1.0
Cornellia,1.0
Corree,1.0
Correen,1.0
Correena,1.0
Correna,1.0
Correne,1.0
Corretta,1.0
Corriana,1.0
Corrianna,1.0
Corrida,1.0
Corrina,1.0
Corrinda,1.0
Corrine,1.0
Cornesha,1.0
Cornella,1.0
Coriene,1.0
Corissa,1.0
Corienne,1.0
Corii,1.0
Corina,1.0
Corinda,1.0
Corinn,1.0
Corinna,1.0
Corinth,1.0
Corintha,1.0
Corinthia,1.0
Corionna,1.0
Corisa,1.0
Corisha,1.0
Corita,1.0
Corneisha,1.0
Coriyah,1.0
Corla,1.0
Corlee,1.0
Corleen,1.0
Corleigh,1.0
Corlene,1.0
Corless,1.0
Corletta,1.0
Corlette,1.0
Corlyn,1.0
Corma,1.0
Cornecia,1.0
Crispina,1.0
Crissandra,1.0
Coraleen,1.0
Cyanni,1.0
Cymani,1.0
Cymantha,1.0
Cymbre,1.0
Cymone,1.0
Cymphonique,1.0
Cymphony,1.0
Cyn,1.0
Cynae,1.0
Cynai,1.0
Cynamon,1.0
Cynara,1.0
Cynarra,1.0
Cynda,1.0
Cyndal,1.0
Cynde,1.0
Cyndee,1.0
Cyndel,1.0
Cyndi,1.0
Cyndia,1.0
Cyndie,1.0
Cyndil,1.0
Cyndle,1.0
Cyndra,1.0
Cyndy,1.0
Cynequa,1.0
Cynetha,1.0
Cynethia,1.0
Cylvia,1.0
Cylinda,1.0
Cylie,1.0
Cydni,1.0
Cyara,1.0
Cyarah,1.0
Cyarra,1.0
Cyasia,1.0
Cybele,1.0
Cybelle,1.0
Cybil,1.0
Cybill,1.0
Cyd,1.0
Cydne,1.0
Cydnee,1.0
Cydnei,1.0
Cydnie,1.0
Cylia,1.0
Cydny,1.0
Cyenna,1.0
Cyenthia,1.0
Cyera,1.0
Cyerah,1.0
Cyerra,1.0
Cyinthia,1.0
Cyla,1.0
Cylah,1.0
Cylee,1.0
Cyleigh,1.0
Cylena,1.0
Cynia,1.0
Cyniah,1.0
Cynii,1.0
Cystal,1.0
Cyrene,1.0
Cyrenity,1.0
Cyrenna,1.0
Cyria,1.0
Cyriah,1.0
Cyriana,1.0
Cyrielle,1.0
Cyrilla,1.0
Cyrina,1.0
Cyrine,1.0
Cyrita,1.0
Cyrstal,1.0
Cythia,1.0
Cyrelle,1.0
Cythina,1.0
Cythnia,1.0
Cytlali,1.0
Cytlalli,1.0
Cytlaly,1.0
Cytnhia,1.0
Czaria,1.0
Czarina,1.0
Czeslawa,1.0
Daaimah,1.0
Daaiyah,1.0
Daana,1.0
Cyrena,1.0
Cyrah,1.0
Cynita,1.0
Cynthi,1.0
Cynitha,1.0
Cynithia,1.0
Cyniya,1.0
Cyniyah,1.0
Cynnamon,1.0
Cynne,1.0
Cynniah,1.0
Cynnthia,1.0
Cynteria,1.0
Cyntha,1.0
Cynthea,1.0
Cyntheia,1.0
Cynthiaa,1.0
Cyra,1.0
Cynthiaann,1.0
Cynthiana,1.0
Cynthie,1.0
Cynthina,1.0
Cynthis,1.0
Cynthnia,1.0
Cynthya,1.0
Cyntia,1.0
Cyntoria,1.0
Cyntrell,1.0
Cyonna,1.0
Cypris,1.0
Cyanthia,1.0
Cyanne,1.0
Crissey,1.0
Cyanna,1.0
Cristyl,1.0
Cristyle,1.0
Cristyn,1.0
Cristyna,1.0
Crmen,1.0
Croia,1.0
Crol,1.0
Crosbie,1.0
Crosslyn,1.0
Crstal,1.0
Crucita,1.0
Crusita,1.0
Crustal,1.0
Cruzita,1.0
Crys,1.0
Crysal,1.0
Crysania,1.0
Crysany,1.0
Crysta,1.0
Crystabel,1.0
Crystalann,1.0
Crystale,1.0
Crystalee,1.0
Crystalgayle,1.0
Crystalin,1.0
Crystalina,1.0
Crystaline,1.0
Cristol,1.0
Cristle,1.0
Cristinia,1.0
Cristeen,1.0
Crissi,1.0
Crissie,1.0
Crisslyn,1.0
Crissy,1.0
Crista,1.0
Cristabel,1.0
Cristabella,1.0
Cristalina,1.0
Cristalle,1.0
Cristaly,1.0
Cristalyn,1.0
Cristee,1.0
Cristel,1.0
Cristine,1.0
Cristela,1.0
Cristell,1.0
Cristella,1.0
Cristelle,1.0
Cristena,1.0
Cristene,1.0
Cristhel,1.0
Cristi,1.0
Cristia,1.0
Cristiana,1.0
Cristianna,1.0
Cristie,1.0
Crystall,1.0
Crystalle,1.0
Crystallee,1.0
Curtisa,1.0
Cuma,1.0
Cumi,1.0
Cura,1.0
Curie,1.0
Curissa,1.0
Curlene,1.0
Curstin,1.0
Curstyn,1.0
Curteria,1.0
Curtesha,1.0
Curtia,1.0
Curtina,1.0
Curtisha,1.0
Cula,1.0
Curtissa,1.0
Curtistine,1.0
Curtney,1.0
Curtrina,1.0
Cushena,1.0
Cutina,1.0
Cya,1.0
Cyaira,1.0
Cyana,1.0
Cyane,1.0
Cyani,1.0
Cyann,1.0
Culleen,1.0
Cuca,1.0
Crystallynn,1.0
Crystianna,1.0
Crystalmarie,1.0
Crystalrose,1.0
Crystalyn,1.0
Crystalynn,1.0
Crystan,1.0
Crystel,1.0
Crystell,1.0
Crystella,1.0
Crystelle,1.0
Crysten,1.0
Crysti,1.0
Crystiana,1.0
Crystie,1.0
Cubia,1.0
Crystil,1.0
Crystin,1.0
Crystina,1.0
Crystine,1.0
Crystl,1.0
Crystle,1.0
Crystol,1.0
Crystral,1.0
Crystyl,1.0
Crystyle,1.0
Crytal,1.0
Csilla,1.0
Coralei,1.0
Coralee,1.0
Daania,1.0
Clairese,1.0
Claressa,1.0
Claretha,1.0
Claretta,1.0
Clarette,1.0
Claria,1.0
Claribel,1.0
Claribell,1.0
Claribelle,1.0
Clarica,1.0
Clarie,1.0
Clariece,1.0
Clarina,1.0
Clarinda,1.0
Clarine,1.0
Clarisa,1.0
Clarise,1.0
Clarisha,1.0
Clarisse,1.0
Clarissia,1.0
Claristine,1.0
Clarita,1.0
Claritha,1.0
Claritsa,1.0
Clarity,1.0
Claritza,1.0
Clarivel,1.0
Clarixa,1.0
Clarese,1.0
Claresa,1.0
Clarene,1.0
Claraliz,1.0
Clairice,1.0
Clairissa,1.0
Clairity,1.0
Clancie,1.0
Claraann,1.0
Clarabel,1.0
Clarabell,1.0
Clarabella,1.0
Clarabelle,1.0
Clarabeth,1.0
Clarah,1.0
Clarajane,1.0
Claramae,1.0
Clarenda,1.0
Claranell,1.0
Clarann,1.0
Claranne,1.0
Clararose,1.0
Clarcie,1.0
Clareatha,1.0
Clarece,1.0
Claree,1.0
Clareen,1.0
Clareese,1.0
Clarena,1.0
Clarencia,1.0
Clariza,1.0
Clarkie,1.0
Clarra,1.0
Clementene,1.0
Cleda,1.0
Cledia,1.0
Cleetus,1.0
Cleidy,1.0
Cleissy,1.0
Clela,1.0
Clelia,1.0
Clella,1.0
Clema,1.0
Clematine,1.0
Clemencia,1.0
Clementeen,1.0
Clementina,1.0
Cleatrice,1.0
Clementine,1.0
Clemetine,1.0
Clemintine,1.0
Clemma,1.0
Clemontine,1.0
Cleobella,1.0
Cleoda,1.0
Cleodora,1.0
Cleola,1.0
Cleoma,1.0
Cleona,1.0
Cleonia,1.0
Cleavie,1.0
Cleata,1.0
Clarrisa,1.0
Claudeen,1.0
Clarrissa,1.0
Clarsie,1.0
Claryce,1.0
Clarys,1.0
Claryssa,1.0
Classie,1.0
Classy,1.0
Clata,1.0
Clatie,1.0
Clauda,1.0
Claudea,1.0
Claudean,1.0
Claudelle,1.0
Cleara,1.0
Claudene,1.0
Claudeth,1.0
Claudett,1.0
Claudetta,1.0
Claudiajoy,1.0
Claudina,1.0
Claudinette,1.0
Claudya,1.0
Clayre,1.0
Claytie,1.0
Cleada,1.0
Cleah,1.0
Clairessa,1.0
Clairene,1.0
Cleopatria,1.0
Clairemarie,1.0
Cimora,1.0
Cina,1.0
Cinamon,1.0
Cind,1.0
Cinda,1.0
Cindal,1.0
Cinde,1.0
Cindee,1.0
Cindel,1.0
Cindell,1.0
Cinder,1.0
Cinderella,1.0
Cindey,1.0
Cindi,1.0
Cindia,1.0
Cindie,1.0
Cindra,1.0
Cindya,1.0
Cindyann,1.0
Cindye,1.0
Cindylee,1.0
Cindylou,1.0
Cing,1.0
Ciniya,1.0
Ciniyah,1.0
Cinnamin,1.0
Cinnamon,1.0
Cimone,1.0
Cimberly,1.0
Cimara,1.0
Cierah,1.0
Cidra,1.0
Cie,1.0
Cieana,1.0
Cieanna,1.0
Cieara,1.0
Ciearra,1.0
Ciela,1.0
Cielita,1.0
Ciella,1.0
Cielle,1.0
Ciena,1.0
Cienna,1.0
Cieria,1.0
Cilla,1.0
Cierrah,1.0
Cierre,1.0
Cierria,1.0
Ciersten,1.0
Cieyana,1.0
Cigi,1.0
Ciin,1.0
Cija,1.0
Ciji,1.0
Ciley,1.0
Cilia,1.0
Cilicia,1.0
Cinthya,1.0
Cintia,1.0
Cintra,1.0
Cittlaly,1.0
Citally,1.0
Cithlali,1.0
Cithlaly,1.0
Citialli,1.0
Citlali,1.0
Citlalic,1.0
Citlalli,1.0
Citlally,1.0
Citlaly,1.0
Citori,1.0
Citrine,1.0
Cittlali,1.0
Civona,1.0
Citali,1.0
Ciya,1.0
Ciyah,1.0
Ciyana,1.0
Ciyanna,1.0
Ciyona,1.0
Cladie,1.0
Clady,1.0
Claira,1.0
Clairabelle,1.0
Clairah,1.0
Clairann,1.0
Clairece,1.0
Citalli,1.0
Cita,1.0
Cintya,1.0
Cirena,1.0
Cinya,1.0
Cinzia,1.0
Ciomara,1.0
Ciona,1.0
Cionna,1.0
Cionne,1.0
Cionni,1.0
Cipriana,1.0
Ciprianna,1.0
Cira,1.0
Circe,1.0
Cirel,1.0
Cirenia,1.0
Cissy,1.0
Cireya,1.0
Ciri,1.0
Ciria,1.0
Cirice,1.0
Cirila,1.0
Cirilla,1.0
Cirra,1.0
Cirsten,1.0
Cisely,1.0
Cisne,1.0
Cisse,1.0
Cissie,1.0
Cleopatra,1.0
Cleopha,1.0
Coralea,1.0
Coleena,1.0
Columba,1.0
Columbine,1.0
Colynn,1.0
Comaneci,1.0
Comeka,1.0
Comekia,1.0
Comelia,1.0
Comesha,1.0
Comfort,1.0
Comilla,1.0
Comisha,1.0
Cona,1.0
Concepsion,1.0
Conception,1.0
Concettina,1.0
Concha,1.0
Conchata,1.0
Concheta,1.0
Conchetta,1.0
Conchita,1.0
Condace,1.0
Condol,1.0
Condola,1.0
Condoleezza,1.0
Condra,1.0
Conelia,1.0
Conesha,1.0
Collyns,1.0
Collynns,1.0
Colline,1.0
Colinda,1.0
Coleeta,1.0
Coleigh,1.0
Colena,1.0
Colene,1.0
Colesha,1.0
Coleta,1.0
Coletha,1.0
Coletta,1.0
Colette,1.0
Colibri,1.0
Colicia,1.0
Colina,1.0
Coline,1.0
Collette,1.0
Colisa,1.0
Colisha,1.0
Colista,1.0
Colita,1.0
Colleena,1.0
Colleene,1.0
Collena,1.0
Collene,1.0
Collenn,1.0
Collete,1.0
Collett,1.0
Colletta,1.0
Conferina,1.0
Congetta,1.0
Coni,1.0
Conya,1.0
Conswello,1.0
Contance,1.0
Contenia,1.0
Content,1.0
Contesa,1.0
Contessa,1.0
Contessia,1.0
Contina,1.0
Continia,1.0
Contrella,1.0
Contrena,1.0
Contrina,1.0
Conzuelo,1.0
Conswala,1.0
Conzy,1.0
Cookie,1.0
Copelynn,1.0
Corabel,1.0
Corabell,1.0
Corabella,1.0
Corabelle,1.0
Corabeth,1.0
Corah,1.0
Coraima,1.0
Coraine,1.0
Coralai,1.0
Conswella,1.0
Consuello,1.0
Conie,1.0
Conquista,1.0
Conisha,1.0
Conita,1.0
Conjetta,1.0
Conleigh,1.0
Conna,1.0
Conne,1.0
Connee,1.0
Conni,1.0
Connice,1.0
Connstance,1.0
Connye,1.0
Conola,1.0
Conrada,1.0
Consuella,1.0
Consandra,1.0
Consetta,1.0
Consiglia,1.0
Constanc,1.0
Constancia,1.0
Constande,1.0
Constandina,1.0
Constantina,1.0
Constanza,1.0
Constence,1.0
Constina,1.0
Consuela,1.0
Coleene,1.0
Coleen,1.0
Cleora,1.0
Colee,1.0
Cliona,1.0
Clione,1.0
Clista,1.0
Clister,1.0
Clo,1.0
Cloa,1.0
Cloda,1.0
Clodagh,1.0
Clodean,1.0
Clodie,1.0
Cloee,1.0
Cloetta,1.0
Cloey,1.0
Cloi,1.0
Cloie,1.0
Cloma,1.0
Clora,1.0
Cloree,1.0
Clorene,1.0
Cloretta,1.0
Cloria,1.0
Clorice,1.0
Clorie,1.0
Clorinda,1.0
Clorine,1.0
Cloris,1.0
Clorisa,1.0
Clintonia,1.0
Clintona,1.0
Clinique,1.0
Cleta,1.0
Cleoria,1.0
Cleota,1.0
Cleotilde,1.0
Clera,1.0
Clercie,1.0
Clerissa,1.0
Clero,1.0
Clesha,1.0
Clessie,1.0
Clesta,1.0
Cleste,1.0
Clestine,1.0
Cletha,1.0
Clinetta,1.0
Cletta,1.0
Cletys,1.0
Cleva,1.0
Clevette,1.0
Clevia,1.0
Clhoe,1.0
Clida,1.0
Clidie,1.0
Clidy,1.0
Cliffie,1.0
Cliftina,1.0
Clinesha,1.0
Clorise,1.0
Clorissa,1.0
Clota,1.0
Cniyah,1.0
Clydette,1.0
Clydia,1.0
Clydine,1.0
Clysta,1.0
Clyta,1.0
Clytee,1.0
Clytia,1.0
Clytie,1.0
Cmone,1.0
Cmya,1.0
Cne,1.0
Cniya,1.0
Cnya,1.0
Clydene,1.0
Cnythia,1.0
Cobina,1.0
Coco,1.0
Cocoa,1.0
Coella,1.0
Coeta,1.0
Coetta,1.0
Coffy,1.0
Coila,1.0
Colanda,1.0
Colandra,1.0
Colean,1.0
Clydetta,1.0
Clydel,1.0
Clote,1.0
Clotine,1.0
Cloteal,1.0
Clotee,1.0
Cloteen,1.0
Clotell,1.0
Clotene,1.0
Clothilda,1.0
Clothilde,1.0
Clotie,1.0
Clotiel,1.0
Clotilda,1.0
Clotilde,1.0
Clotile,1.0
Cloudia,1.0
Clydeen,1.0
Cloudy,1.0
Clova,1.0
Clove,1.0
Clovia,1.0
Clovie,1.0
Clowey,1.0
Clowie,1.0
Cloye,1.0
Cludia,1.0
Clura,1.0
Clyda,1.0
Clydean,1.0
Daani,1.0
Daanvi,1.0
Dassy,1.0
Dannaly,1.0
Dannyelle,1.0
Dannylynn,1.0
Danova,1.0
Dantasia,1.0
Dantoinette,1.0
Danuta,1.0
Danute,1.0
Danyae,1.0
Danyah,1.0
Danyail,1.0
Danyall,1.0
Danyalle,1.0
Danyca,1.0
Danyea,1.0
Danyeal,1.0
Danyeil,1.0
Danyela,1.0
Danyele,1.0
Danyella,1.0
Danyetta,1.0
Danyette,1.0
Danyia,1.0
Danyiah,1.0
Danyiel,1.0
Danyielle,1.0
Danyka,1.0
Danykah,1.0
Dannyell,1.0
Dannya,1.0
Dannita,1.0
Dannia,1.0
Dannan,1.0
Dannapaola,1.0
Dannay,1.0
Dannea,1.0
Dannee,1.0
Dannelle,1.0
Dannely,1.0
Dannesha,1.0
Danneth,1.0
Dannett,1.0
Dannetta,1.0
Dannette,1.0
Dannica,1.0
Dannisha,1.0
Dannicka,1.0
Danniela,1.0
Danniele,1.0
Danniell,1.0
Danniella,1.0
Dannielle,1.0
Dannielyn,1.0
Dannielynn,1.0
Dannika,1.0
Dannille,1.0
Dannilyn,1.0
Dannilynn,1.0
Danyla,1.0
Danylah,1.0
Danyle,1.0
Darcella,1.0
Daralyn,1.0
Daralynn,1.0
Darann,1.0
Darathy,1.0
Daraya,1.0
Darbee,1.0
Darbey,1.0
Darbi,1.0
Darbie,1.0
Darcas,1.0
Darce,1.0
Darcee,1.0
Darcelle,1.0
Daralene,1.0
Darchell,1.0
Darchelle,1.0
Darci,1.0
Darcia,1.0
Darcie,1.0
Dardanella,1.0
Dardenella,1.0
Dardi,1.0
Darea,1.0
Dareese,1.0
Dareka,1.0
Darelene,1.0
Daraly,1.0
Daralee,1.0
Danyll,1.0
Daphnee,1.0
Danylle,1.0
Danyne,1.0
Danyra,1.0
Danysha,1.0
Danytza,1.0
Daonna,1.0
Daphane,1.0
Daphanie,1.0
Daphen,1.0
Daphene,1.0
Daphine,1.0
Daphna,1.0
Daphney,1.0
Darah,1.0
Daphni,1.0
Daphnie,1.0
Daphny,1.0
Daphyne,1.0
Daquana,1.0
Daquanda,1.0
Daquanna,1.0
Daquasha,1.0
Daquasia,1.0
Daquesha,1.0
Daquisha,1.0
Daquita,1.0
Dannalyn,1.0
Dannalee,1.0
Darelin,1.0
Dannaka,1.0
Danelys,1.0
Danene,1.0
Danequa,1.0
Danera,1.0
Danerys,1.0
Danesa,1.0
Danese,1.0
Danesha,1.0
Daneshia,1.0
Danesia,1.0
Danessa,1.0
Danet,1.0
Danetra,1.0
Danetria,1.0
Danett,1.0
Danetta,1.0
Danette,1.0
Daneya,1.0
Daneyah,1.0
Daneysha,1.0
Dangela,1.0
Daniah,1.0
Daniale,1.0
Danialle,1.0
Daniana,1.0
Daniaya,1.0
Danica,1.0
Danely,1.0
Danelly,1.0
Danelli,1.0
Daneika,1.0
Dandi,1.0
Dandria,1.0
Danea,1.0
Daneah,1.0
Danean,1.0
Daneca,1.0
Danecia,1.0
Danee,1.0
Daneeka,1.0
Daneen,1.0
Daneesha,1.0
Daneida,1.0
Daneila,1.0
Danella,1.0
Daneille,1.0
Daneiris,1.0
Daneisha,1.0
Daneisy,1.0
Daneja,1.0
Daneka,1.0
Danela,1.0
Danele,1.0
Daneli,1.0
Danelia,1.0
Danelis,1.0
Daneliya,1.0
Danicah,1.0
Danice,1.0
Danicia,1.0
Danitra,1.0
Danina,1.0
Danine,1.0
Daniqua,1.0
Danique,1.0
Danira,1.0
Danisa,1.0
Danise,1.0
Danisha,1.0
Danishia,1.0
Danissa,1.0
Danit,1.0
Danita,1.0
Danity,1.0
Danilyn,1.0
Danitza,1.0
Danixa,1.0
Danixsa,1.0
Daniya,1.0
Daniyah,1.0
Daniyla,1.0
Daniylah,1.0
Daniza,1.0
Danja,1.0
Danka,1.0
Dannae,1.0
Dannah,1.0
Danilynn,1.0
Danillie,1.0
Danicka,1.0
Danielynn,1.0
Daniece,1.0
Danieka,1.0
Danielee,1.0
Danielia,1.0
Danielis,1.0
Danieliz,1.0
Daniellah,1.0
Daniellemarie,1.0
Daniellerose,1.0
Daniellie,1.0
Danielly,1.0
Daniely,1.0
Danielys,1.0
Danille,1.0
Daniesha,1.0
Daniette,1.0
Danija,1.0
Danijah,1.0
Danijela,1.0
Danika,1.0
Danikah,1.0
Danikka,1.0
Danilah,1.0
Danilee,1.0
Danileigh,1.0
Danilla,1.0
Dareli,1.0
Darelis,1.0
Dancy,1.0
Darnise,1.0
Darshana,1.0
Darshanna,1.0
Darshay,1.0
Darshea,1.0
Darshell,1.0
Darshelle,1.0
Darshi,1.0
Darshini,1.0
Darsi,1.0
Darsie,1.0
Darsy,1.0
Dartanya,1.0
Dartha,1.0
Darthea,1.0
Darthie,1.0
Darthula,1.0
Darthy,1.0
Dartisha,1.0
Darvi,1.0
Darya,1.0
Daryah,1.0
Daryana,1.0
Daryann,1.0
Daryanna,1.0
Daryiah,1.0
Daryla,1.0
Darylann,1.0
Darshae,1.0
Darsha,1.0
Darsey,1.0
Darria,1.0
Darnishia,1.0
Darnita,1.0
Darolyn,1.0
Daronda,1.0
Darothy,1.0
Darquisha,1.0
Darra,1.0
Darrah,1.0
Darrellyn,1.0
Darrelyn,1.0
Darresha,1.0
Darri,1.0
Darriah,1.0
Darrylin,1.0
Darriana,1.0
Darriane,1.0
Darrianna,1.0
Darrica,1.0
Darricka,1.0
Darrielle,1.0
Darrika,1.0
Darrilyn,1.0
Darriona,1.0
Darrionna,1.0
Darrisha,1.0
Darriyah,1.0
Darylene,1.0
Daryna,1.0
Darynne,1.0
Dashonte,1.0
Dashiah,1.0
Dashima,1.0
Dashira,1.0
Dashiya,1.0
Dashiyah,1.0
Dashley,1.0
Dashly,1.0
Dashlyn,1.0
Dashna,1.0
Dashona,1.0
Dashonda,1.0
Dashonna,1.0
Dashya,1.0
Dashely,1.0
Dashyia,1.0
Dashyra,1.0
Dasia,1.0
Dasianae,1.0
Dasie,1.0
Dasiya,1.0
Dasiyah,1.0
Dasja,1.0
Dasjah,1.0
Dasjia,1.0
Dassie,1.0
Dassine,1.0
Dashia,1.0
Dashelly,1.0
Dasa,1.0
Dashanta,1.0
Dasanii,1.0
Dasany,1.0
Dascha,1.0
Dasha,1.0
Dashai,1.0
Dashana,1.0
Dashanae,1.0
Dashanay,1.0
Dashanda,1.0
Dashani,1.0
Dashanique,1.0
Dashanna,1.0
Dashanti,1.0
Dashelle,1.0
Dashara,1.0
Dashari,1.0
Dasharia,1.0
Dashauna,1.0
Dashawna,1.0
Dashawnda,1.0
Dashawnna,1.0
Dashaya,1.0
Dashayla,1.0
Dashea,1.0
Dasheena,1.0
Dasheika,1.0
Darnisha,1.0
Darnika,1.0
Darely,1.0
Darniesha,1.0
Dariene,1.0
Darienne,1.0
Darihanna,1.0
Darii,1.0
Darika,1.0
Darilyn,1.0
Darilynn,1.0
Darina,1.0
Darinda,1.0
Darine,1.0
Darinesha,1.0
Darinka,1.0
Dariona,1.0
Darionna,1.0
Darise,1.0
Darisha,1.0
Darisley,1.0
Darissa,1.0
Darita,1.0
Daritza,1.0
Dariya,1.0
Dariyah,1.0
Dariyana,1.0
Dariyelle,1.0
Darlah,1.0
Darlaine,1.0
Darlana,1.0
Darielys,1.0
Dariely,1.0
Darielle,1.0
Dariane,1.0
Darelyn,1.0
Darelys,1.0
Darena,1.0
Darenda,1.0
Darene,1.0
Dareona,1.0
Daresha,1.0
Daretha,1.0
Daretta,1.0
Darhonda,1.0
Dariah,1.0
Dariana,1.0
Dariani,1.0
Dariella,1.0
Dariann,1.0
Darianna,1.0
Darianne,1.0
Darianny,1.0
Dariannys,1.0
Dariany,1.0
Darianys,1.0
Darica,1.0
Darie,1.0
Dariean,1.0
Dariela,1.0
Darielis,1.0
Darlane,1.0
Darlean,1.0
Darleane,1.0
Darnae,1.0
Darlisha,1.0
Darliss,1.0
Darlita,1.0
Darlyene,1.0
Darlynda,1.0
Darlyne,1.0
Darlyng,1.0
Darlynn,1.0
Darlynne,1.0
Darlys,1.0
Darma,1.0
Darmesha,1.0
Darnaja,1.0
Darlisa,1.0
Darnasia,1.0
Darnecia,1.0
Darneisha,1.0
Darnella,1.0
Darnese,1.0
Darnesha,1.0
Darneshia,1.0
Darnetha,1.0
Darnetta,1.0
Darnette,1.0
Darnice,1.0
Darniece,1.0
Darlise,1.0
Darlis,1.0
Darlee,1.0
Darlet,1.0
Darleen,1.0
Darleena,1.0
Darleene,1.0
Darlen,1.0
Darlena,1.0
Darleni,1.0
Darlenis,1.0
Darlenne,1.0
Darleny,1.0
Darlenys,1.0
Darles,1.0
Darlesha,1.0
Darleta,1.0
Darline,1.0
Darleth,1.0
Darletha,1.0
Darlett,1.0
Darletta,1.0
Darlette,1.0
Darlia,1.0
Darlicia,1.0
Darlie,1.0
Darlien,1.0
Darliene,1.0
Darlina,1.0
Darlinda,1.0
Dandelion,1.0
Dancia,1.0
Daanya,1.0
Daionna,1.0
Daiva,1.0
Daivi,1.0
Daivy,1.0
Daiya,1.0
Daiyah,1.0
Daiyana,1.0
Daiza,1.0
Daizah,1.0
Daizee,1.0
Daizha,1.0
Daizhane,1.0
Daizia,1.0
Daizie,1.0
Daizja,1.0
Daizjah,1.0
Daizlynn,1.0
Daizsa,1.0
Daizy,1.0
Daja,1.0
Dajae,1.0
Dajaha,1.0
Dajahnae,1.0
Dajahnay,1.0
Dajai,1.0
Dajana,1.0
Dajanae,1.0
Dajanai,1.0
Daityn,1.0
Daisymarie,1.0
Daisymae,1.0
Daishana,1.0
Daira,1.0
Dairian,1.0
Dairin,1.0
Dairra,1.0
Dairy,1.0
Dairyn,1.0
Daisa,1.0
Daise,1.0
Daisee,1.0
Daisey,1.0
Daisha,1.0
Daishae,1.0
Daishanae,1.0
Daisylynn,1.0
Daishanay,1.0
Daishia,1.0
Daisi,1.0
Daisia,1.0
Daisie,1.0
Daisja,1.0
Daisjah,1.0
Daislyn,1.0
Daislynn,1.0
Daissy,1.0
Daisya,1.0
Daisye,1.0
Dajanay,1.0
Dajane,1.0
Dajanea,1.0
Dalahni,1.0
Dakisha,1.0
Dakita,1.0
Dakiya,1.0
Dakiyah,1.0
Daksha,1.0
Dakya,1.0
Dakyah,1.0
Dakyla,1.0
Dakylah,1.0
Dakyra,1.0
Dakyrah,1.0
Dala,1.0
Dalai,1.0
Dakia,1.0
Dalaia,1.0
Dalaila,1.0
Dalailah,1.0
Dalaina,1.0
Dalaine,1.0
Dalainee,1.0
Dalainey,1.0
Dalaiyah,1.0
Dalajah,1.0
Dalal,1.0
Dalana,1.0
Dalane,1.0
Dakira,1.0
Dakhia,1.0
Dajanee,1.0
Dajonae,1.0
Dajanique,1.0
Dajauna,1.0
Dajavette,1.0
Daje,1.0
Dajea,1.0
Dajee,1.0
Dajha,1.0
Dajhia,1.0
Dajia,1.0
Dajiah,1.0
Dajiana,1.0
Dajona,1.0
Dajonique,1.0
Dakesha,1.0
Dajonna,1.0
Dajsha,1.0
Dajshia,1.0
Dajua,1.0
Dajuana,1.0
Dajza,1.0
Dakara,1.0
Dakaria,1.0
Dakayla,1.0
Dakeisha,1.0
Dakera,1.0
Dakeria,1.0
Daiquiri,1.0
Daiona,1.0
Dalaney,1.0
Dainty,1.0
Daena,1.0
Daenarys,1.0
Daenna,1.0
Daeonna,1.0
Daesha,1.0
Daeshawna,1.0
Daeshia,1.0
Daesia,1.0
Daesy,1.0
Daeun,1.0
Daeyonna,1.0
Daezha,1.0
Daffany,1.0
Daffie,1.0
Daffne,1.0
Daffney,1.0
Daffy,1.0
Dafina,1.0
Dafna,1.0
Dafne,1.0
Dafnee,1.0
Dafney,1.0
Dafni,1.0
Dafnne,1.0
Dafny,1.0
Dagmar,1.0
Dagmara,1.0
Daely,1.0
Daelani,1.0
Daela,1.0
Daciana,1.0
Daarina,1.0
Daasia,1.0
Dabne,1.0
Dabria,1.0
Dabrielle,1.0
Dacee,1.0
Dacey,1.0
Dache,1.0
Dachelle,1.0
Dachia,1.0
Daci,1.0
Dacia,1.0
Dacy,1.0
Daejia,1.0
Dadne,1.0
Dadra,1.0
Dadriana,1.0
Dadrianna,1.0
Daebreona,1.0
Daedra,1.0
Daeisha,1.0
Daeja,1.0
Daejah,1.0
Daejanae,1.0
Daejanay,1.0
Daejha,1.0
Dagne,1.0
Dagney,1.0
Dagny,1.0
Daileen,1.0
Daijana,1.0
Daijanae,1.0
Daijanay,1.0
Daijha,1.0
Daijia,1.0
Daijiah,1.0
Daijsha,1.0
Daila,1.0
Dailah,1.0
Dailani,1.0
Dailany,1.0
Dailee,1.0
Daileigh,1.0
Daija,1.0
Dailene,1.0
Daileny,1.0
Daileth,1.0
Dailynne,1.0
Daimarely,1.0
Daimond,1.0
Dainara,1.0
Dainelle,1.0
Dainera,1.0
Dainette,1.0
Dainna,1.0
Daintry,1.0
Daijah,1.0
Daielle,1.0
Dahab,1.0
Dahlila,1.0
Dahabo,1.0
Dahana,1.0
Dahia,1.0
Dahiana,1.0
Dahianna,1.0
Dahila,1.0
Dahira,1.0
Dahja,1.0
Dahlani,1.0
Dahlia,1.0
Dahliah,1.0
Dahliana,1.0
Dahlilah,1.0
Daidre,1.0
Dahlya,1.0
Dahlyla,1.0
Dahna,1.0
Dahnya,1.0
Daia,1.0
Daiah,1.0
Daiana,1.0
Daianera,1.0
Daianna,1.0
Daiara,1.0
Daicy,1.0
Daidra,1.0
Dalanee,1.0
Dalanie,1.0
Danazia,1.0
Damali,1.0
Damiana,1.0
Damianna,1.0
Damica,1.0
Damielle,1.0
Damiesha,1.0
Damika,1.0
Damila,1.0
Damina,1.0
Damini,1.0
Damionna,1.0
Damira,1.0
Damiracle,1.0
Damirah,1.0
Damisha,1.0
Damishia,1.0
Damita,1.0
Damitra,1.0
Damiya,1.0
Damiyah,1.0
Damla,1.0
Damne,1.0
Damona,1.0
Damonica,1.0
Damonique,1.0
Damor,1.0
Damora,1.0
Damya,1.0
Damiah,1.0
Damia,1.0
Dami,1.0
Damber,1.0
Damariah,1.0
Damariana,1.0
Damariona,1.0
Damariya,1.0
Damariz,1.0
Damarria,1.0
Damary,1.0
Damarys,1.0
Damaya,1.0
Damayah,1.0
Damayanti,1.0
Damayia,1.0
Damecia,1.0
Dametrice,1.0
Dameika,1.0
Dameisha,1.0
Dameka,1.0
Damekia,1.0
Dameli,1.0
Damera,1.0
Dameria,1.0
Damesha,1.0
Dameshia,1.0
Dameta,1.0
Dametra,1.0
Dametria,1.0
Damyah,1.0
Damyia,1.0
Damyiah,1.0
Danay,1.0
Danalyn,1.0
Danalynn,1.0
Danamarie,1.0
Danapaola,1.0
Danara,1.0
Danaria,1.0
Danariah,1.0
Danasha,1.0
Danashia,1.0
Danasia,1.0
Danautica,1.0
Danavia,1.0
Danaya,1.0
Danali,1.0
Danayah,1.0
Danayara,1.0
Danaye,1.0
Danayia,1.0
Danayja,1.0
Danayjah,1.0
Danayla,1.0
Danaysha,1.0
Danayshia,1.0
Danaysia,1.0
Danaysy,1.0
Danazha,1.0
Danaly,1.0
Danalee,1.0
Damyla,1.0
Danaica,1.0
Damylah,1.0
Damyra,1.0
Damyrah,1.0
Damyria,1.0
Danaca,1.0
Danaeja,1.0
Danaejah,1.0
Danaelle,1.0
Danah,1.0
Danahe,1.0
Danahi,1.0
Danaia,1.0
Danaija,1.0
Danaka,1.0
Danaijah,1.0
Danaira,1.0
Danais,1.0
Danaisa,1.0
Danaisha,1.0
Danait,1.0
Danaiya,1.0
Danaiyah,1.0
Danaja,1.0
Danajah,1.0
Danajha,1.0
Danajia,1.0
Damara,1.0
Damaiya,1.0
Dalanii,1.0
Damaiah,1.0
Daleena,1.0
Daleesa,1.0
Daleia,1.0
Daleigh,1.0
Daleila,1.0
Daleisa,1.0
Daleisha,1.0
Daleiza,1.0
Dalena,1.0
Dalene,1.0
Dalenna,1.0
Daleny,1.0
Dalerie,1.0
Dalery,1.0
Dalesa,1.0
Dalesha,1.0
Daleshia,1.0
Dalesia,1.0
Dalet,1.0
Daleth,1.0
Dalett,1.0
Dalette,1.0
Daletzy,1.0
Dalexa,1.0
Dalexi,1.0
Dalexia,1.0
Daleya,1.0
Daleen,1.0
Dalee,1.0
Dalecia,1.0
Dalayjah,1.0
Dalanna,1.0
Dalanni,1.0
Dalany,1.0
Dalari,1.0
Dalarie,1.0
Dalary,1.0
Dalasha,1.0
Dalasia,1.0
Dalay,1.0
Dalaya,1.0
Dalayah,1.0
Dalayiah,1.0
Dalayla,1.0
Daleah,1.0
Dalaylah,1.0
Dalayna,1.0
Dalaynee,1.0
Dalayni,1.0
Dalaynie,1.0
Dalaysa,1.0
Dalaysha,1.0
Dalayshia,1.0
Dalaysia,1.0
Dalayssa,1.0
Dalayza,1.0
Dalea,1.0
Daleyah,1.0
Daleyla,1.0
Daleyni,1.0
Dalores,1.0
Dallanara,1.0
Dallary,1.0
Dallee,1.0
Dallene,1.0
Dalli,1.0
Dally,1.0
Dallyce,1.0
Dallys,1.0
Dallyss,1.0
Dalma,1.0
Dalonda,1.0
Dalonna,1.0
Daloris,1.0
Daliza,1.0
Dalpha,1.0
Dalphine,1.0
Dalva,1.0
Dalya,1.0
Dalyah,1.0
Dalyce,1.0
Dalyla,1.0
Dalylah,1.0
Dalyssa,1.0
Dalyza,1.0
Dalzary,1.0
Dama,1.0
Dallana,1.0
Daliylah,1.0
Daleysa,1.0
Dalicia,1.0
Daleysha,1.0
Daleysi,1.0
Daleyssa,1.0
Daleyza,1.0
Daleyzah,1.0
Daleyzza,1.0
Dalhia,1.0
Daliah,1.0
Dalialah,1.0
Daliana,1.0
Dalianna,1.0
Dalice,1.0
Dalida,1.0
Daliyla,1.0
Dalijah,1.0
Dalila,1.0
Dalilah,1.0
Dalina,1.0
Dalinda,1.0
Dalisa,1.0
Dalisha,1.0
Dalisia,1.0
Dalissa,1.0
Dalit,1.0
Daliya,1.0
Daliyah,1.0
Bethlyn,1.0
Bethine,1.0
Donnett,1.0
Alleria,1.0
Allicyn,1.0
Allida,1.0
Allieana,1.0
Allieanna,1.0
Alliee,1.0
Alliegrace,1.0
Alliemae,1.0
Allien,1.0
Alliene,1.0
Allimae,1.0
Allina,1.0
Allinah,1.0
Alline,1.0
Allinson,1.0
Alliona,1.0
Allionna,1.0
Allira,1.0
Allis,1.0
Allisa,1.0
Allisan,1.0
Allisandra,1.0
Allise,1.0
Allisen,1.0
Allisha,1.0
Allishia,1.0
Allisia,1.0
Allisin,1.0
Allicia,1.0
Allicen,1.0
Allice,1.0
Allexandria,1.0
Allese,1.0
Allesha,1.0
Alleshia,1.0
Allesia,1.0
Alleson,1.0
Allessa,1.0
Allessandra,1.0
Alleta,1.0
Alletha,1.0
Alletta,1.0
Allexa,1.0
Allexandra,1.0
Allexia,1.0
Alliannah,1.0
Allexis,1.0
Allexus,1.0
Allexys,1.0
Alleya,1.0
Alleyah,1.0
Alleyna,1.0
Alleyne,1.0
Allia,1.0
Alliah,1.0
Alliana,1.0
Allianah,1.0
Allianna,1.0
Allissa,1.0
Allissia,1.0
Allisson,1.0
Allysandra,1.0
Allycia,1.0
Allye,1.0
Allyiah,1.0
Allyna,1.0
Allyne,1.0
Allynn,1.0
Allyonna,1.0
Allyra,1.0
Allyria,1.0
Allysa,1.0
Allysah,1.0
Allysan,1.0
Allyse,1.0
Allyannah,1.0
Allysen,1.0
Allysha,1.0
Allyshia,1.0
Allysia,1.0
Allysin,1.0
Allyssa,1.0
Allyssah,1.0
Allysse,1.0
Allyssia,1.0
Allysson,1.0
Allysun,1.0
Allysyn,1.0
Allyce,1.0
Allyanna,1.0
Allisun,1.0
Allona,1.0
Allisyn,1.0
Allita,1.0
Allivia,1.0
Allix,1.0
Alliya,1.0
Alliyah,1.0
Alliyana,1.0
Alliyiah,1.0
Allizae,1.0
Allize,1.0
Allizon,1.0
Allizzon,1.0
Allonah,1.0
Allyanah,1.0
Allondra,1.0
Allora,1.0
Allorah,1.0
Allory,1.0
Alloura,1.0
Allsion,1.0
Allson,1.0
Alluka,1.0
Allura,1.0
Allya,1.0
Allyah,1.0
Allyana,1.0
Allesandra,1.0
Allera,1.0
Allyza,1.0
Allenna,1.0
Aliyanah,1.0
Aliyani,1.0
Aliyanna,1.0
Aliyannah,1.0
Aliye,1.0
Aliyha,1.0
Aliyia,1.0
Aliyiah,1.0
Aliylah,1.0
Aliyna,1.0
Aliyonna,1.0
Aliysha,1.0
Aliyssa,1.0
Aliyya,1.0
Aliyyah,1.0
Aliyza,1.0
Aliz,1.0
Alizabella,1.0
Alizabeth,1.0
Alizai,1.0
Alizandra,1.0
Alizaya,1.0
Alizayah,1.0
Alizaye,1.0
Alizea,1.0
Alizeah,1.0
Alizee,1.0
Aliyana,1.0
Aliyahna,1.0
Aliyahmarie,1.0
Alivya,1.0
Alitza,1.0
Alitzah,1.0
Alitzel,1.0
Aliva,1.0
Alivea,1.0
Aliveah,1.0
Aliveya,1.0
Aliviah,1.0
Aliviana,1.0
Alivianna,1.0
Aliviya,1.0
Aliviyah,1.0
Alivyah,1.0
Aliyaha,1.0
Alixa,1.0
Alixandra,1.0
Alixandrea,1.0
Alixandria,1.0
Alixe,1.0
Alixia,1.0
Alixis,1.0
Alixon,1.0
Alixx,1.0
Alixzandria,1.0
Aliya,1.0
Aliyaah,1.0
Alizeh,1.0
Alizet,1.0
Alizeth,1.0
Allee,1.0
Allaya,1.0
Allayah,1.0
Allayna,1.0
Allaynah,1.0
Allayne,1.0
Alle,1.0
Allea,1.0
Alleah,1.0
Allean,1.0
Alleana,1.0
Alleane,1.0
Allecia,1.0
Alleen,1.0
Allasia,1.0
Alleena,1.0
Alleene,1.0
Allegra,1.0
Alleia,1.0
Alleigh,1.0
Alleigha,1.0
Alleine,1.0
Alleisha,1.0
Allejah,1.0
Allena,1.0
Allenah,1.0
Allenis,1.0
Allaura,1.0
Allara,1.0
Alizette,1.0
Alka,1.0
Alizey,1.0
Alizeya,1.0
Alizia,1.0
Aliziah,1.0
Alizon,1.0
Alizza,1.0
Alizzon,1.0
Aljawhara,1.0
Aljawharah,1.0
Aljean,1.0
Aljohara,1.0
Aljoharah,1.0
Alkeria,1.0
Allany,1.0
Allahna,1.0
Allahni,1.0
Allaia,1.0
Allaina,1.0
Allaire,1.0
Allana,1.0
Allanah,1.0
Allandra,1.0
Allani,1.0
Allanie,1.0
Allanna,1.0
Allannah,1.0
Allyx,1.0
Allyzon,1.0
Alithia,1.0
Altoria,1.0
Alveta,1.0
Alvetta,1.0
Alvida,1.0
Alvilda,1.0
Alvilde,1.0
Alvinia,1.0
Alvira,1.0
Alvita,1.0
Alvonia,1.0
Alwayne,1.0
Alwilda,1.0
Alwillie,1.0
Alwina,1.0
Alwine,1.0
Alxis,1.0
Alya,1.0
Alyaa,1.0
Alyaanah,1.0
Alyah,1.0
Alyamamah,1.0
Alyana,1.0
Alyanah,1.0
Alyani,1.0
Alyanis,1.0
Alyanna,1.0
Alyannah,1.0
Alyasia,1.0
Alvesta,1.0
Alvertia,1.0
Alverta,1.0
Alvania,1.0
Altovese,1.0
Altovise,1.0
Altrice,1.0
Altrina,1.0
Alua,1.0
Aluel,1.0
Aluna,1.0
Alundra,1.0
Aluney,1.0
Alura,1.0
Alvada,1.0
Alvana,1.0
Alvaretta,1.0
Alvernia,1.0
Alveda,1.0
Alveena,1.0
Alveera,1.0
Alvena,1.0
Alvene,1.0
Alvenia,1.0
Alvera,1.0
Alverda,1.0
Alveretta,1.0
Alveria,1.0
Alverna,1.0
Alverne,1.0
Alyca,1.0
Alyce,1.0
Alycea,1.0
Alysa,1.0
Alynia,1.0
Alynn,1.0
Alynna,1.0
Alynnah,1.0
Alynne,1.0
Alyona,1.0
Alyonna,1.0
Alyra,1.0
Alyrah,1.0
Alyria,1.0
Alyrica,1.0
Alys,1.0
Alysabeth,1.0
Alynda,1.0
Alysah,1.0
Alysan,1.0
Alysandra,1.0
Alyscia,1.0
Alyse,1.0
Alysea,1.0
Alysen,1.0
Alysha,1.0
Alyshea,1.0
Alyshia,1.0
Alysia,1.0
Alysiah,1.0
Alyne,1.0
Alyncia,1.0
Alycee,1.0
Alyeska,1.0
Alyceia,1.0
Alycen,1.0
Alycia,1.0
Alyciah,1.0
Alyciana,1.0
Alyda,1.0
Alydia,1.0
Alye,1.0
Alyea,1.0
Alyena,1.0
Alyene,1.0
Alyese,1.0
Alyessa,1.0
Alynah,1.0
Alyha,1.0
Alyia,1.0
Alyiah,1.0
Alyiana,1.0
Alyicia,1.0
Alyisa,1.0
Alyissa,1.0
Alyka,1.0
Alyla,1.0
Alylah,1.0
Alympia,1.0
Alyna,1.0
Altouise,1.0
Altonya,1.0
Almaas,1.0
Altonette,1.0
Almina,1.0
Almira,1.0
Almitra,1.0
Almudena,1.0
Almyra,1.0
Alna,1.0
Alneisha,1.0
Alnesha,1.0
Alnetia,1.0
Alnisa,1.0
Alnisha,1.0
Alnita,1.0
Alnora,1.0
Aloa,1.0
Aloah,1.0
Alodie,1.0
Aloe,1.0
Aloha,1.0
Alohalani,1.0
Alohilani,1.0
Alohna,1.0
Aloisa,1.0
Aloma,1.0
Alona,1.0
Alonah,1.0
Alonda,1.0
Alondrea,1.0
Almila,1.0
Almida,1.0
Almetter,1.0
Almeda,1.0
Almadelia,1.0
Almae,1.0
Almanda,1.0
Almaree,1.0
Almarene,1.0
Almarie,1.0
Almarine,1.0
Almarosa,1.0
Almatine,1.0
Almaz,1.0
Almeada,1.0
Almeater,1.0
Almedia,1.0
Almetta,1.0
Almedina,1.0
Almee,1.0
Almena,1.0
Almendra,1.0
Almenia,1.0
Almera,1.0
Almeria,1.0
Almerinda,1.0
Almeta,1.0
Almeter,1.0
Almetia,1.0
Almetra,1.0
Alondria,1.0
Alondyn,1.0
Aloni,1.0
Altamese,1.0
Alruna,1.0
Alsa,1.0
Alsace,1.0
Alsatia,1.0
Alsha,1.0
Alsie,1.0
Alsiha,1.0
Alsion,1.0
Altagracia,1.0
Altaira,1.0
Altamae,1.0
Altamease,1.0
Altana,1.0
Alreem,1.0
Altee,1.0
Altermease,1.0
Althaea,1.0
Altheda,1.0
Altheia,1.0
Althelia,1.0
Althena,1.0
Althera,1.0
Altheria,1.0
Althia,1.0
Altia,1.0
Altina,1.0
Alrita,1.0
Alpine,1.0
Alonia,1.0
Aloria,1.0
Alonie,1.0
Alonii,1.0
Alonna,1.0
Alonnah,1.0
Alonni,1.0
Alonnie,1.0
Alonya,1.0
Alora,1.0
Aloragrace,1.0
Alorah,1.0
Alore,1.0
Alori,1.0
Alorra,1.0
Alphonsine,1.0
Alouette,1.0
Alouise,1.0
Aloura,1.0
Aloy,1.0
Aloyse,1.0
Aloysia,1.0
Alpa,1.0
Alpharetta,1.0
Alphea,1.0
Alphia,1.0
Alphild,1.0
Alphine,1.0
Alitia,1.0
Alithea,1.0
Alysianna,1.0
Alektra,1.0
Alescia,1.0
Alese,1.0
Alesea,1.0
Aleshanee,1.0
Aleshea,1.0
Aleshia,1.0
Aleshka,1.0
Alesi,1.0
Alesia,1.0
Alesiram,1.0
Aleska,1.0
Alessa,1.0
Alessandra,1.0
Alessandria,1.0
Alessia,1.0
Alessie,1.0
Alessondra,1.0
Alessy,1.0
Alessya,1.0
Alesya,1.0
Aleta,1.0
Aletha,1.0
Alethea,1.0
Aletheia,1.0
Alethia,1.0
Aletia,1.0
Aletra,1.0
Alesandra,1.0
Alesana,1.0
Alesa,1.0
Alenia,1.0
Alekya,1.0
Alekza,1.0
Alekzandra,1.0
Alela,1.0
Aleli,1.0
Alelia,1.0
Alely,1.0
Alena,1.0
Alenah,1.0
Alencia,1.0
Alenda,1.0
Aleni,1.0
Alenis,1.0
Alery,1.0
Alenka,1.0
Alenna,1.0
Alennah,1.0
Alenni,1.0
Alenny,1.0
Aleny,1.0
Aleona,1.0
Alera,1.0
Alerah,1.0
Aleria,1.0
Alerie,1.0
Alero,1.0
Aletris,1.0
Aletse,1.0
Aletta,1.0
Alexiah,1.0
Alexavia,1.0
Alexcia,1.0
Alexcya,1.0
Alexe,1.0
Alexea,1.0
Alexeah,1.0
Alexee,1.0
Alexeia,1.0
Alexendra,1.0
Alexendria,1.0
Alexeus,1.0
Alexeya,1.0
Alexiana,1.0
Alexaundrea,1.0
Alexianna,1.0
Alexias,1.0
Alexica,1.0
Alexicia,1.0
Alexiea,1.0
Alexies,1.0
Alexina,1.0
Alexine,1.0
Alexiona,1.0
Alexionna,1.0
Alexious,1.0
Alexisa,1.0
Alexaundria,1.0
Alexaundra,1.0
Alette,1.0
Alexandrea,1.0
Aletza,1.0
Alevia,1.0
Alexadra,1.0
Alexah,1.0
Alexamarie,1.0
Alexana,1.0
Alexanda,1.0
Alexandera,1.0
Alexanderia,1.0
Alexandia,1.0
Alexandira,1.0
Alexandrah,1.0
Alexandreia,1.0
Alexas,1.0
Alexandriah,1.0
Alexandrina,1.0
Alexandrine,1.0
Alexandrya,1.0
Alexani,1.0
Alexann,1.0
Alexanna,1.0
Alexanndra,1.0
Alexanne,1.0
Alexanra,1.0
Alexarae,1.0
Alexaray,1.0
Alekxa,1.0
Aleksia,1.0
Alexisjade,1.0
Aleksandria,1.0
Alecsis,1.0
Alectra,1.0
Alecxa,1.0
Alecxia,1.0
Aleczandria,1.0
Aleda,1.0
Aledra,1.0
Aleea,1.0
Aleeah,1.0
Aleeana,1.0
Aleece,1.0
Aleecia,1.0
Aleecya,1.0
Aleeha,1.0
Aleeka,1.0
Aleela,1.0
Aleema,1.0
Aleemah,1.0
Aleen,1.0
Aleena,1.0
Aleenah,1.0
Aleene,1.0
Aleera,1.0
Aleesa,1.0
Aleese,1.0
Aleesha,1.0
Aleeshia,1.0
Alecsandra,1.0
Alecsa,1.0
Aleciram,1.0
Aleata,1.0
Aleana,1.0
Aleanah,1.0
Aleandra,1.0
Aleane,1.0
Aleanna,1.0
Aleany,1.0
Aleara,1.0
Aleasa,1.0
Alease,1.0
Aleasha,1.0
Aleashia,1.0
Aleasia,1.0
Aleatha,1.0
Alecia,1.0
Aleathea,1.0
Aleathia,1.0
Aleatra,1.0
Aleaya,1.0
Aleayah,1.0
Aleca,1.0
Aleccia,1.0
Alece,1.0
Alecea,1.0
Aleceia,1.0
Alecha,1.0
Alechia,1.0
Aleesi,1.0
Aleesia,1.0
Aleeta,1.0
Aleita,1.0
Aleily,1.0
Aleina,1.0
Aleinad,1.0
Aleinah,1.0
Aleine,1.0
Aleiny,1.0
Aleira,1.0
Aleisa,1.0
Aleise,1.0
Aleisha,1.0
Aleishia,1.0
Aleissa,1.0
Aleitha,1.0
Aleijah,1.0
Aleithia,1.0
Aleiya,1.0
Aleiyah,1.0
Aleiza,1.0
Aleja,1.0
Alejah,1.0
Alejandria,1.0
Alejandrina,1.0
Aleka,1.0
Alekhya,1.0
Aleksah,1.0
Aleksandra,1.0
Aleila,1.0
Aleiha,1.0
Aleeya,1.0
Alei,1.0
Aleeyah,1.0
Aleeza,1.0
Aleezah,1.0
Aleezay,1.0
Alegaci,1.0
Alegacy,1.0
Alegandra,1.0
Alegna,1.0
Alegra,1.0
Alegria,1.0
Aleha,1.0
Alehia,1.0
Aleia,1.0
Aleighya,1.0
Aleiah,1.0
Aleiana,1.0
Aleicia,1.0
Aleida,1.0
Aleidy,1.0
Aleigh,1.0
Aleigha,1.0
Aleighana,1.0
Aleighanna,1.0
Aleighia,1.0
Aleighna,1.0
Aleighsha,1.0
Alexisia,1.0
Alexismarie,1.0
Alitha,1.0
Aliceann,1.0
Aliena,1.0
Aliene,1.0
Alienna,1.0
Alienor,1.0
Aliera,1.0
Aliesa,1.0
Aliese,1.0
Aliesha,1.0
Alieshia,1.0
Aliette,1.0
Alieya,1.0
Alieyah,1.0
Alieza,1.0
Aliezah,1.0
Alifa,1.0
Aliha,1.0
Aliia,1.0
Aliina,1.0
Aliisa,1.0
Aliiyah,1.0
Alijana,1.0
Alijandra,1.0
Alikah,1.0
Alike,1.0
Aliki,1.0
Alila,1.0
Alilah,1.0
Alien,1.0
Aliegha,1.0
Alieen,1.0
Aliciana,1.0
Alicemae,1.0
Alicemarie,1.0
Alicen,1.0
Alicent,1.0
Aliceson,1.0
Aliceteen,1.0
Aliceyn,1.0
Alicha,1.0
Alichia,1.0
Aliciah,1.0
Aliciamarie,1.0
Alician,1.0
Alicianna,1.0
Aliee,1.0
Aliciya,1.0
Alicja,1.0
Alicya,1.0
Alicyn,1.0
Alida,1.0
Alidia,1.0
Alidiya,1.0
Aliea,1.0
Alieah,1.0
Aliece,1.0
Aliecia,1.0
Alieda,1.0
Alilet,1.0
Alileth,1.0
Alilia,1.0
Alissabeth,1.0
Alishaba,1.0
Alishba,1.0
Alishea,1.0
Alishia,1.0
Alishka,1.0
Alishya,1.0
Alisi,1.0
Alisia,1.0
Alisiah,1.0
Alisiana,1.0
Aliska,1.0
Aliss,1.0
Alissah,1.0
Alisen,1.0
Alissandra,1.0
Alisse,1.0
Alissha,1.0
Alissia,1.0
Alissondra,1.0
Alissya,1.0
Alista,1.0
Alisun,1.0
Alisya,1.0
Alisyn,1.0
Alisynn,1.0
Alita,1.0
Alish,1.0
Alisea,1.0
Aliliana,1.0
Aliona,1.0
Alilyana,1.0
Alima,1.0
Alimae,1.0
Alimah,1.0
Alimatou,1.0
Alina,1.0
Alinah,1.0
Alinda,1.0
Alinea,1.0
Alinna,1.0
Alinne,1.0
Alinson,1.0
Alionna,1.0
Alise,1.0
Alira,1.0
Alirah,1.0
Alisabeth,1.0
Alisah,1.0
Alisaie,1.0
Alisan,1.0
Alisana,1.0
Alisande,1.0
Alisandra,1.0
Alisanne,1.0
Alischa,1.0
Aliscia,1.0
Aliceia,1.0
Alicea,1.0
Alexisnicole,1.0
Aliccia,1.0
Alexyz,1.0
Alexz,1.0
Alexza,1.0
Alexzandra,1.0
Alexzandrea,1.0
Alexzandria,1.0
Alexzandrya,1.0
Alexzia,1.0
Alexzis,1.0
Aleya,1.0
Aleyah,1.0
Aleyana,1.0
Aleycia,1.0
Aleyda,1.0
Aleydis,1.0
Aleyha,1.0
Aleyia,1.0
Aleyiah,1.0
Aleyla,1.0
Aleyna,1.0
Aleynah,1.0
Aleynna,1.0
Aleysa,1.0
Aleyse,1.0
Aleysha,1.0
Aleyshka,1.0
Aleysia,1.0
Alexyss,1.0
Alexyia,1.0
Alexyanna,1.0
Alexsondra,1.0
Alexisrose,1.0
Alexiya,1.0
Alexiyah,1.0
Alexiyana,1.0
Alexnadra,1.0
Alexondra,1.0
Alexondria,1.0
Alexous,1.0
Alexsa,1.0
Alexsandra,1.0
Alexsandria,1.0
Alexsia,1.0
Alexssa,1.0
Alexya,1.0
Alexsus,1.0
Alexsys,1.0
Alexuis,1.0
Alexusia,1.0
Alexuss,1.0
Alexxa,1.0
Alexxandra,1.0
Alexxandria,1.0
Alexxes,1.0
Alexxia,1.0
Alexxus,1.0
Alexxys,1.0
Aleyssa,1.0
Aleyza,1.0
Aleyzah,1.0
Alianna,1.0
Alia,1.0
Aliaa,1.0
Aliah,1.0
Aliaha,1.0
Aliahna,1.0
Aliana,1.0
Alianah,1.0
Aliandra,1.0
Aliani,1.0
Alianie,1.0
Alianis,1.0
Alianiz,1.0
Aliannah,1.0
Alhena,1.0
Alianne,1.0
Alianni,1.0
Aliannie,1.0
Alianny,1.0
Aliannys,1.0
Aliany,1.0
Alianys,1.0
Aliauna,1.0
Aliaya,1.0
Aliayah,1.0
Alica,1.0
Alicai,1.0
Alhia,1.0
Alheli,1.0
Aleza,1.0
Alfiya,1.0
Alezae,1.0
Alezai,1.0
Alezandra,1.0
Alezandria,1.0
Alezay,1.0
Alezia,1.0
Alfair,1.0
Alfanette,1.0
Alfaretta,1.0
Alferetta,1.0
Alfhild,1.0
Alfia,1.0
Alfonsina,1.0
Alhanouf,1.0
Alfreada,1.0
Alfredia,1.0
Alfreeda,1.0
Alfreida,1.0
Alfretta,1.0
Alfrida,1.0
Alfrieda,1.0
Algean,1.0
Algeria,1.0
Algerine,1.0
Algertha,1.0
Alhana,1.0
Alysiana,1.0
Alysin,1.0
Aleali,1.0
Anabelen,1.0
Anaee,1.0
Anaeja,1.0
Anaejah,1.0
Anaeli,1.0
Anaelisa,1.0
Anaelise,1.0
Anaelle,1.0
Anaely,1.0
Anagabriel,1.0
Anagabriela,1.0
Anagha,1.0
Anagrace,1.0
Anah,1.0
Anahat,1.0
Anahera,1.0
Anahia,1.0
Anahid,1.0
Anahie,1.0
Anahii,1.0
Anahis,1.0
Anahit,1.0
Anahita,1.0
Anahla,1.0
Anahli,1.0
Anahlia,1.0
Anahly,1.0
Anahy,1.0
Anae,1.0
Anadia,1.0
Anadelia,1.0
Anacaona,1.0
Anabelia,1.0
Anabell,1.0
Anabella,1.0
Anabelle,1.0
Anabelli,1.0
Anaberta,1.0
Anabeth,1.0
Anabia,1.0
Anabiya,1.0
Anabrenda,1.0
Anacamila,1.0
Anacani,1.0
Anacaren,1.0
Anadela,1.0
Anacarina,1.0
Anacarolina,1.0
Anacecilia,1.0
Anaceli,1.0
Anacelia,1.0
Anacelis,1.0
Anacely,1.0
Anachristina,1.0
Anacia,1.0
Anaclara,1.0
Anacristina,1.0
Anadalay,1.0
Anahya,1.0
Anai,1.0
Anaia,1.0
Analea,1.0
Anajia,1.0
Anajulia,1.0
Anaka,1.0
Anakah,1.0
Anakaren,1.0
Anakarina,1.0
Anala,1.0
Analah,1.0
Analaia,1.0
Analaura,1.0
Analaya,1.0
Analayah,1.0
Analeah,1.0
Anajae,1.0
Analecia,1.0
Analee,1.0
Analeece,1.0
Analeesa,1.0
Analeese,1.0
Analei,1.0
Analeia,1.0
Analeiah,1.0
Analeigh,1.0
Analeigha,1.0
Analeise,1.0
Analeiya,1.0
Anajah,1.0
Anaja,1.0
Anaica,1.0
Anaily,1.0
Anaid,1.0
Anaida,1.0
Anaie,1.0
Anaih,1.0
Anaiis,1.0
Anaija,1.0
Anaijah,1.0
Anaika,1.0
Anaila,1.0
Anailah,1.0
Anaile,1.0
Anaili,1.0
Anaira,1.0
Anaizah,1.0
Anairis,1.0
Anaisa,1.0
Anaisabel,1.0
Anaisabella,1.0
Anaise,1.0
Anaisha,1.0
Anaisia,1.0
Anaissa,1.0
Anaiya,1.0
Anaiyah,1.0
Anaiz,1.0
Anaiza,1.0
Anabeli,1.0
Anabele,1.0
Analena,1.0
Anabela,1.0
Amoraa,1.0
Amorae,1.0
Amorah,1.0
Amoray,1.0
Amorea,1.0
Amoree,1.0
Amoreena,1.0
Amoret,1.0
Amorette,1.0
Amoria,1.0
Amoriah,1.0
Amoriana,1.0
Amoriel,1.0
Amorina,1.0
Amorita,1.0
Amorra,1.0
Amorrah,1.0
Amoura,1.0
Amouraa,1.0
Amourah,1.0
Amoure,1.0
Amouria,1.0
Amoy,1.0
Amoya,1.0
Ample,1.0
Amra,1.0
Amrah,1.0
Amora,1.0
Amonnie,1.0
Amonni,1.0
Amnah,1.0
Ammaarah,1.0
Ammanda,1.0
Ammara,1.0
Ammarah,1.0
Ammarie,1.0
Ammber,1.0
Amme,1.0
Ammelia,1.0
Ammerie,1.0
Ammi,1.0
Ammy,1.0
Amna,1.0
Amneet,1.0
Amonii,1.0
Amneh,1.0
Amneris,1.0
Amnesty,1.0
Amni,1.0
Amogha,1.0
Amoha,1.0
Amoi,1.0
Amolika,1.0
Amonda,1.0
Amone,1.0
Amonee,1.0
Amonie,1.0
Amree,1.0
Amreen,1.0
Amreet,1.0
Amyrical,1.0
Amyliah,1.0
Amylyn,1.0
Amylynn,1.0
Amymarie,1.0
Amyna,1.0
Amynah,1.0
Amyra,1.0
Amyracle,1.0
Amyrah,1.0
Amyree,1.0
Amyria,1.0
Amyriah,1.0
Amyrie,1.0
Amylee,1.0
Amyrikal,1.0
Amysue,1.0
Amythest,1.0
Amythyst,1.0
Amyya,1.0
Amzee,1.0
Anaahat,1.0
Anaalicia,1.0
Anaam,1.0
Anaaya,1.0
Anab,1.0
Anabeatriz,1.0
Amylia,1.0
Amylea,1.0
Amrie,1.0
Amulya,1.0
Amriel,1.0
Amrielle,1.0
Amrin,1.0
Amris,1.0
Amrita,1.0
Amritha,1.0
Amruta,1.0
Amrutha,1.0
Amry,1.0
Amsey,1.0
Amsi,1.0
Amukta,1.0
Amunet,1.0
Amylah,1.0
Amunique,1.0
Amvi,1.0
Amya,1.0
Amyah,1.0
Amyann,1.0
Amybeth,1.0
Amye,1.0
Amyha,1.0
Amyia,1.0
Amyiah,1.0
Amyjo,1.0
Amyla,1.0
Analeiyah,1.0
Analese,1.0
Amla,1.0
Anastatia,1.0
Anayaliz,1.0
Anayanci,1.0
Anayancy,1.0
Anayansi,1.0
Anayat,1.0
Anayeli,1.0
Anayelis,1.0
Anayelli,1.0
Anayelly,1.0
Anayely,1.0
Anayha,1.0
Anayi,1.0
Anayia,1.0
Anayiah,1.0
Anayis,1.0
Anayjah,1.0
Anayka,1.0
Anayla,1.0
Anaylah,1.0
Anayli,1.0
Anayra,1.0
Anays,1.0
Anaysa,1.0
Anaysha,1.0
Anayshia,1.0
Anaysia,1.0
Anayssa,1.0
Anayalee,1.0
Anayah,1.0
Anayaa,1.0
Anautica,1.0
Anastazia,1.0
Anastazja,1.0
Anastin,1.0
Anaston,1.0
Anastyn,1.0
Anat,1.0
Anatalia,1.0
Anatasia,1.0
Anathea,1.0
Anatolia,1.0
Anaum,1.0
Anauri,1.0
Anavae,1.0
Anaya,1.0
Anavaeh,1.0
Anavah,1.0
Anavay,1.0
Anaveah,1.0
Anavel,1.0
Anavela,1.0
Anavey,1.0
Anavi,1.0
Anavia,1.0
Anaviah,1.0
Anavictoria,1.0
Anavrin,1.0
Anazia,1.0
Anber,1.0
Anberlin,1.0
Andreea,1.0
Andraia,1.0
Andralyn,1.0
Andranae,1.0
Andranette,1.0
Andranique,1.0
Andraya,1.0
Andreah,1.0
Andreal,1.0
Andreamarie,1.0
Andreana,1.0
Andreanna,1.0
Andreca,1.0
Andreena,1.0
Andora,1.0
Andreia,1.0
Andreika,1.0
Andreita,1.0
Andreka,1.0
Andrekia,1.0
Andrella,1.0
Andrelle,1.0
Andrena,1.0
Andrenae,1.0
Andrene,1.0
Andrenette,1.0
Andrenika,1.0
Andraea,1.0
Andonia,1.0
Anberly,1.0
Andalynn,1.0
Anberlyn,1.0
Anberlynn,1.0
Anbria,1.0
Anchal,1.0
Anchita,1.0
Ancika,1.0
Ancy,1.0
Anda,1.0
Andaiye,1.0
Andalasia,1.0
Andalucia,1.0
Andalyn,1.0
Andea,1.0
Andjoua,1.0
Andela,1.0
Andelin,1.0
Andella,1.0
Andelyn,1.0
Andelynn,1.0
Anderea,1.0
Anderia,1.0
Andia,1.0
Andice,1.0
Andilyn,1.0
Andilynn,1.0
Andjela,1.0
Anastaysia,1.0
Anastasya,1.0
Analeshia,1.0
Anastassia,1.0
Analize,1.0
Analleli,1.0
Anallely,1.0
Anally,1.0
Analucia,1.0
Analuisa,1.0
Analuiza,1.0
Analuna,1.0
Analuz,1.0
Analy,1.0
Analya,1.0
Analyah,1.0
Analyce,1.0
Analycia,1.0
Analydia,1.0
Analyiah,1.0
Analyn,1.0
Analynn,1.0
Analys,1.0
Analysa,1.0
Analyse,1.0
Analysia,1.0
Analyss,1.0
Analyssa,1.0
Analysse,1.0
Analyssia,1.0
Analyz,1.0
Analiza,1.0
Analiz,1.0
Analiyah,1.0
Analiesa,1.0
Analexis,1.0
Analey,1.0
Analeya,1.0
Analeyah,1.0
Anali,1.0
Analia,1.0
Analiah,1.0
Analice,1.0
Analicia,1.0
Analidia,1.0
Analie,1.0
Analiegh,1.0
Analiese,1.0
Analiya,1.0
Analiha,1.0
Analilia,1.0
Analily,1.0
Analin,1.0
Analina,1.0
Analis,1.0
Analisa,1.0
Analise,1.0
Analisha,1.0
Analisia,1.0
Analissa,1.0
Analisse,1.0
Anam,1.0
Anamae,1.0
Anamar,1.0
Anasol,1.0
Anarii,1.0
Anariya,1.0
Anariyah,1.0
Anarosa,1.0
Anarose,1.0
Anaruth,1.0
Anasa,1.0
Anasha,1.0
Anashe,1.0
Anashia,1.0
Anasia,1.0
Anasofia,1.0
Anasophia,1.0
Anariah,1.0
Anassa,1.0
Anastacia,1.0
Anastaisa,1.0
Anastaisha,1.0
Anastaja,1.0
Anastajia,1.0
Anastasha,1.0
Anastashia,1.0
Anastasi,1.0
Anastasiia,1.0
Anastasija,1.0
Anastasiya,1.0
Anarie,1.0
Anaria,1.0
Anamari,1.0
Anandita,1.0
Anamaria,1.0
Anamarie,1.0
Anamaris,1.0
Anamary,1.0
Anamda,1.0
Anami,1.0
Anamia,1.0
Anamika,1.0
Anamile,1.0
Anamta,1.0
Anana,1.0
Anandi,1.0
Ananiah,1.0
Anarely,1.0
Anannya,1.0
Anansa,1.0
Ananshi,1.0
Ananyaa,1.0
Anapaola,1.0
Anapatricia,1.0
Anapaula,1.0
Anara,1.0
Anarae,1.0
Anarah,1.0
Anareidy,1.0
Anareli,1.0
Amma,1.0
Amiyrah,1.0
Alyss,1.0
Amande,1.0
Amariana,1.0
Amariani,1.0
Amarianna,1.0
Amariauna,1.0
Amariea,1.0
Amariee,1.0
Amariel,1.0
Amariella,1.0
Amarielle,1.0
Amarigrace,1.0
Amarilis,1.0
Amarillis,1.0
Amarillys,1.0
Amarily,1.0
Amarilys,1.0
Amarina,1.0
Amariona,1.0
Amarionna,1.0
Amarirose,1.0
Amarisa,1.0
Amarise,1.0
Amariss,1.0
Amarissa,1.0
Amariya,1.0
Amariyae,1.0
Amariyah,1.0
Amariyana,1.0
Amarhi,1.0
Amareya,1.0
Amareona,1.0
Amany,1.0
Amandine,1.0
Amandra,1.0
Amandy,1.0
Amane,1.0
Amanee,1.0
Amania,1.0
Amanii,1.0
Amanita,1.0
Amannda,1.0
Amanni,1.0
Amanoa,1.0
Amantha,1.0
Amarachi,1.0
Amarelys,1.0
Amarachukwu,1.0
Amarae,1.0
Amarah,1.0
Amaralee,1.0
Amaranta,1.0
Amaranth,1.0
Amarantha,1.0
Amareah,1.0
Amareigh,1.0
Amareli,1.0
Amarelis,1.0
Amarely,1.0
Amariyanna,1.0
Amariz,1.0
Amarley,1.0
Amberia,1.0
Amayrah,1.0
Amayrani,1.0
Amayrany,1.0
Amazen,1.0
Amazyn,1.0
Amba,1.0
Ambee,1.0
Ambellina,1.0
Ambera,1.0
Amberann,1.0
Amberdawn,1.0
Ambere,1.0
Amberjo,1.0
Amaylee,1.0
Amberle,1.0
Amberlea,1.0
Amberlee,1.0
Amberleigh,1.0
Amberley,1.0
Amberli,1.0
Amberlie,1.0
Amberlin,1.0
Amberly,1.0
Amberlyn,1.0
Amberlynn,1.0
Amberlynne,1.0
Amayra,1.0
Amayla,1.0
Amarpreet,1.0
Amarys,1.0
Amarra,1.0
Amarrah,1.0
Amarria,1.0
Amarrie,1.0
Amarya,1.0
Amaryah,1.0
Amaryana,1.0
Amarye,1.0
Amaryia,1.0
Amarylis,1.0
Amaryllis,1.0
Amaryn,1.0
Amaryss,1.0
Amayiah,1.0
Amata,1.0
Amathyst,1.0
Amatullah,1.0
Amaura,1.0
Amauria,1.0
Amauriah,1.0
Amayah,1.0
Amayalee,1.0
Amayalynn,1.0
Amayarose,1.0
Amayha,1.0
Amayia,1.0
Amandia,1.0
Amandarose,1.0
Ambernicole,1.0
Amandarae,1.0
Alyzabeth,1.0
Alyzae,1.0
Alyzah,1.0
Alyze,1.0
Alyzea,1.0
Alyzia,1.0
Alyzon,1.0
Alyzza,1.0
Alyzzah,1.0
Alza,1.0
Alzada,1.0
Alzahra,1.0
Alzain,1.0
Alzata,1.0
Alzena,1.0
Alzenia,1.0
Alzie,1.0
Alzina,1.0
Alzira,1.0
Alzonia,1.0
Alzora,1.0
Ama,1.0
Amaal,1.0
Amaani,1.0
Amaara,1.0
Amaaya,1.0
Amabel,1.0
Alyza,1.0
Alyxus,1.0
Alyxis,1.0
Alyssia,1.0
Alyssaann,1.0
Alyssabeth,1.0
Alyssah,1.0
Alyssamae,1.0
Alyssamarie,1.0
Alyssandra,1.0
Alyssanicole,1.0
Alyssarae,1.0
Alyssarose,1.0
Alysse,1.0
Alyssea,1.0
Alyssha,1.0
Alysson,1.0
Alyxia,1.0
Alyssum,1.0
Alyssya,1.0
Alysta,1.0
Alysun,1.0
Alythia,1.0
Alyvea,1.0
Alyvia,1.0
Alyviah,1.0
Alyxa,1.0
Alyxandra,1.0
Alyxandrea,1.0
Alyxandria,1.0
Amabella,1.0
Amabelle,1.0
Amada,1.0
Amamda,1.0
Amalia,1.0
Amaliah,1.0
Amalie,1.0
Amalin,1.0
Amalina,1.0
Amaliya,1.0
Amaliyah,1.0
Amalthea,1.0
Amaly,1.0
Amalya,1.0
Amalyah,1.0
Amalyn,1.0
Amana,1.0
Amaleigh,1.0
Amanada,1.0
Amanah,1.0
Amanat,1.0
Amand,1.0
Amandah,1.0
Amandajean,1.0
Amandajo,1.0
Amandalee,1.0
Amandaleigh,1.0
Amandalyn,1.0
Amandalynn,1.0
Amandamarie,1.0
Amali,1.0
Amalee,1.0
Amadea,1.0
Amaila,1.0
Amadia,1.0
Amadita,1.0
Amaeva,1.0
Amagine,1.0
Amahia,1.0
Amahle,1.0
Amahni,1.0
Amahya,1.0
Amaia,1.0
Amaiah,1.0
Amaiia,1.0
Amaijah,1.0
Amaira,1.0
Amaleah,1.0
Amairah,1.0
Amairani,1.0
Amairany,1.0
Amaiya,1.0
Amaiyah,1.0
Amaja,1.0
Amajah,1.0
Amajesty,1.0
Amaka,1.0
Amala,1.0
Amalah,1.0
Amalea,1.0
Ambermarie,1.0
Ambernique,1.0
Amiyra,1.0
Ameriyah,1.0
Amii,1.0
Amiia,1.0
Amiina,1.0
Amiira,1.0
Amiirah,1.0
Amiiyah,1.0
Amija,1.0
Amijah,1.0
Amika,1.0
Amila,1.0
Amilah,1.0
Amilda,1.0
Amilea,1.0
Amileah,1.0
Amilee,1.0
Amiley,1.0
Amilia,1.0
Amiliah,1.0
Amiliana,1.0
Amilianna,1.0
Amilie,1.0
Amiliya,1.0
Amiliyah,1.0
Amiliyana,1.0
Amilla,1.0
Amilli,1.0
Amillia,1.0
Amihan,1.0
Amierah,1.0
Amiera,1.0
Amia,1.0
Ameryst,1.0
Amesha,1.0
Ameshia,1.0
Ametra,1.0
Ametria,1.0
Ameyaa,1.0
Ameyah,1.0
Ameyali,1.0
Ameyalli,1.0
Ameyia,1.0
Amgela,1.0
Amhara,1.0
Amiaa,1.0
Amiena,1.0
Amiah,1.0
Amiaha,1.0
Amiaya,1.0
Amiayah,1.0
Amica,1.0
Amicia,1.0
Amida,1.0
Amidala,1.0
Amiee,1.0
Amiela,1.0
Amielia,1.0
Amielle,1.0
Amilliah,1.0
Amilliana,1.0
Amillianna,1.0
Amissa,1.0
Amirianna,1.0
Amiriya,1.0
Amiriyah,1.0
Amirra,1.0
Amirrah,1.0
Amirya,1.0
Amiryah,1.0
Amirykal,1.0
Amisa,1.0
Amisaday,1.0
Amisha,1.0
Amishi,1.0
Amista,1.0
Amiriah,1.0
Amita,1.0
Amitha,1.0
Amitiel,1.0
Amitis,1.0
Amity,1.0
Amiya,1.0
Amiyaah,1.0
Amiyah,1.0
Amiyha,1.0
Amiyiah,1.0
Amiyla,1.0
Amiylah,1.0
Amiriana,1.0
Amiria,1.0
Amillie,1.0
Aminat,1.0
Amilliona,1.0
Amillya,1.0
Amily,1.0
Amilya,1.0
Amilyah,1.0
Amilyn,1.0
Amilynn,1.0
Amima,1.0
Amina,1.0
Aminaa,1.0
Aminah,1.0
Aminarose,1.0
Aminata,1.0
Amirh,1.0
Aminatou,1.0
Aminda,1.0
Amineh,1.0
Aminna,1.0
Amino,1.0
Aminta,1.0
Amiraa,1.0
Amiracle,1.0
Amirah,1.0
Amirakle,1.0
Amiralynn,1.0
Amirea,1.0
Amerra,1.0
Ameriya,1.0
Amberrae,1.0
Amerissa,1.0
Ambrosia,1.0
Ambry,1.0
Ambur,1.0
Amby,1.0
Ambyr,1.0
Amdanda,1.0
Amdrea,1.0
Amea,1.0
Ameah,1.0
Ameara,1.0
Amecia,1.0
Amee,1.0
Ameela,1.0
Ameelah,1.0
Ameelia,1.0
Ameena,1.0
Ameenah,1.0
Ameera,1.0
Ameerah,1.0
Ameeria,1.0
Ameesha,1.0
Ameeya,1.0
Ameeyah,1.0
Amei,1.0
Ameia,1.0
Ameiah,1.0
Ameika,1.0
Ambrosha,1.0
Ambrielle,1.0
Ambriella,1.0
Ambreal,1.0
Amberrose,1.0
Ambert,1.0
Ambi,1.0
Ambika,1.0
Ambir,1.0
Ambla,1.0
Ambor,1.0
Ambr,1.0
Ambra,1.0
Ambrasia,1.0
Ambre,1.0
Ambrea,1.0
Ambreanna,1.0
Ambriel,1.0
Ambree,1.0
Ambreen,1.0
Ambreia,1.0
Ambresha,1.0
Ambrey,1.0
Ambri,1.0
Ambria,1.0
Ambriah,1.0
Ambriana,1.0
Ambrianna,1.0
Ambrie,1.0
Ambriehl,1.0
Ameila,1.0
Ameilia,1.0
Ameillia,1.0
Amenah,1.0
Amelita,1.0
Ameliya,1.0
Ameliyah,1.0
Amella,1.0
Amelle,1.0
Amellia,1.0
Amely,1.0
Amelya,1.0
Amelyah,1.0
Amelyn,1.0
Amelys,1.0
Amena,1.0
Amenata,1.0
Amelinda,1.0
Amenda,1.0
Amenia,1.0
Amera,1.0
Amerah,1.0
Ameria,1.0
Ameriah,1.0
Ameriana,1.0
Americas,1.0
Amerie,1.0
Ameriie,1.0
Amerika,1.0
Amerikiss,1.0
Ameline,1.0
Amelina,1.0
Ameilya,1.0
Ameleah,1.0
Ameina,1.0
Ameira,1.0
Ameirah,1.0
Ameisha,1.0
Ameiya,1.0
Ameiyah,1.0
Ameka,1.0
Amekia,1.0
Amela,1.0
Amelah,1.0
Amelda,1.0
Amelea,1.0
Amelee,1.0
Amelie,1.0
Ameli,1.0
Ameliagrace,1.0
Ameliah,1.0
Ameliajames,1.0
Ameliajane,1.0
Ameliajoy,1.0
Ameliamae,1.0
Ameliamarie,1.0
Ameliana,1.0
Amelianna,1.0
Ameliarae,1.0
Ameliarose,1.0
Alean,1.0
Alealani,1.0
Andrenique,1.0
Addaleigh,1.0
Addieson,1.0
Addilee,1.0
Addileigh,1.0
Addiley,1.0
Addiline,1.0
Addilyna,1.0
Addilyne,1.0
Addilynn,1.0
Addilynne,1.0
Addine,1.0
Addisan,1.0
Addisin,1.0
Addisson,1.0
Addiston,1.0
Addisun,1.0
Addisyn,1.0
Addisynn,1.0
Addle,1.0
Addlee,1.0
Addleigh,1.0
Addley,1.0
Addlie,1.0
Addlyn,1.0
Addlynn,1.0
Addriana,1.0
Addrianna,1.0
Addrienne,1.0
Addiemae,1.0
Addielynn,1.0
Addicyn,1.0
Addelaide,1.0
Addalia,1.0
Addalie,1.0
Addalin,1.0
Addalina,1.0
Addaline,1.0
Addallee,1.0
Addaly,1.0
Addalyn,1.0
Addalyne,1.0
Addalynn,1.0
Addalynne,1.0
Addasyn,1.0
Addelin,1.0
Addiah,1.0
Addelina,1.0
Addeline,1.0
Addell,1.0
Addelyn,1.0
Addelyne,1.0
Addelynn,1.0
Addelynne,1.0
Addeson,1.0
Addesyn,1.0
Addey,1.0
Addi,1.0
Addia,1.0
Addsion,1.0
Addylan,1.0
Addylen,1.0
Adelayne,1.0
Adelaila,1.0
Adelaina,1.0
Adelaine,1.0
Adelais,1.0
Adelane,1.0
Adelani,1.0
Adelany,1.0
Adelay,1.0
Adelaya,1.0
Adelayda,1.0
Adelayde,1.0
Adelayna,1.0
Adelea,1.0
Adelaida,1.0
Adelean,1.0
Adelee,1.0
Adeleen,1.0
Adelei,1.0
Adeleia,1.0
Adeleigh,1.0
Adeleine,1.0
Adelen,1.0
Adelena,1.0
Adelene,1.0
Adeley,1.0
Adelfa,1.0
Adelaide,1.0
Adelaid,1.0
Addylin,1.0
Adebisi,1.0
Addyline,1.0
Addylyn,1.0
Addylynn,1.0
Addysan,1.0
Addysen,1.0
Addysin,1.0
Addysn,1.0
Addysun,1.0
Addysyn,1.0
Adea,1.0
Adeana,1.0
Adeanna,1.0
Adecyn,1.0
Adelai,1.0
Adee,1.0
Adeeba,1.0
Adeena,1.0
Adeera,1.0
Adeeva,1.0
Adeja,1.0
Adejah,1.0
Adekemi,1.0
Adela,1.0
Adelade,1.0
Adelae,1.0
Adelah,1.0
Addaley,1.0
Addalee,1.0
Adelheid,1.0
Addah,1.0
Adalett,1.0
Adalette,1.0
Adaley,1.0
Adaleya,1.0
Adaleyza,1.0
Adalhi,1.0
Adalia,1.0
Adaliah,1.0
Adalicia,1.0
Adalida,1.0
Adalie,1.0
Adaliene,1.0
Adalin,1.0
Adalina,1.0
Adalind,1.0
Adalinda,1.0
Adaline,1.0
Adalinn,1.0
Adalinna,1.0
Adalinne,1.0
Adalis,1.0
Adalisa,1.0
Adalise,1.0
Adalisse,1.0
Adaliya,1.0
Adaliyah,1.0
Adaliz,1.0
Adaleth,1.0
Adalet,1.0
Adalene,1.0
Adalayde,1.0
Adajane,1.0
Adaku,1.0
Adala,1.0
Adalade,1.0
Adalae,1.0
Adalai,1.0
Adalaide,1.0
Adalaina,1.0
Adalaine,1.0
Adalay,1.0
Adalaya,1.0
Adalayah,1.0
Adalayna,1.0
Adalena,1.0
Adale,1.0
Adalea,1.0
Adaleah,1.0
Adalee,1.0
Adaleen,1.0
Adaleena,1.0
Adalei,1.0
Adaleia,1.0
Adaleigh,1.0
Adaleigha,1.0
Adaleine,1.0
Adalen,1.0
Adalize,1.0
Adallyn,1.0
Adaly,1.0
Adasyn,1.0
Adaolisa,1.0
Adaora,1.0
Adara,1.0
Adarah,1.0
Adareli,1.0
Adarely,1.0
Adaria,1.0
Adasha,1.0
Adashia,1.0
Adasia,1.0
Adassa,1.0
Adassah,1.0
Adasynn,1.0
Adanya,1.0
Adau,1.0
Adaugo,1.0
Adaure,1.0
Adavia,1.0
Adaya,1.0
Adayah,1.0
Adayana,1.0
Adayla,1.0
Adaysha,1.0
Adayshia,1.0
Adaysia,1.0
Adda,1.0
Adaobi,1.0
Adannaya,1.0
Adalya,1.0
Adamari,1.0
Adalye,1.0
Adalyn,1.0
Adalyna,1.0
Adalynd,1.0
Adalyne,1.0
Adalynn,1.0
Adalynna,1.0
Adalynne,1.0
Adalynnrose,1.0
Adalys,1.0
Adalyse,1.0
Adamae,1.0
Adamarie,1.0
Adanna,1.0
Adamaris,1.0
Adamariz,1.0
Adamary,1.0
Adamarys,1.0
Adamina,1.0
Adamma,1.0
Adana,1.0
Adanary,1.0
Adanaya,1.0
Adaneli,1.0
Adanelly,1.0
Adanely,1.0
Adelfina,1.0
Adelheide,1.0
Adajah,1.0
Adlee,1.0
Adorn,1.0
Adra,1.0
Adrainne,1.0
Adraya,1.0
Adrea,1.0
Adreana,1.0
Adreann,1.0
Adreanna,1.0
Adreanne,1.0
Adreauna,1.0
Adree,1.0
Adreena,1.0
Adreina,1.0
Adreinne,1.0
Adrena,1.0
Adrene,1.0
Adreona,1.0
Adreonna,1.0
Adrey,1.0
Adreyona,1.0
Adriah,1.0
Adriahna,1.0
Adrialis,1.0
Adrialys,1.0
Adrianah,1.0
Adriannah,1.0
Adrianny,1.0
Adoria,1.0
Adori,1.0
Adorah,1.0
Adn,1.0
Adleigh,1.0
Adlemi,1.0
Adlen,1.0
Adlena,1.0
Adlene,1.0
Adlie,1.0
Adlih,1.0
Adlin,1.0
Adlina,1.0
Adline,1.0
Adlyn,1.0
Adlynn,1.0
Adnrea,1.0
Adorae,1.0
Adoline,1.0
Adolpha,1.0
Adolphine,1.0
Adona,1.0
Adoncia,1.0
Adonia,1.0
Adonica,1.0
Adonna,1.0
Adonya,1.0
Adora,1.0
Adorabella,1.0
Adorable,1.0
Adriany,1.0
Adriauna,1.0
Adriaunna,1.0
Adwitiya,1.0
Adryanah,1.0
Adryann,1.0
Adryanna,1.0
Adryauna,1.0
Adryonna,1.0
Adut,1.0
Advaita,1.0
Advaitha,1.0
Advika,1.0
Advita,1.0
Advitha,1.0
Adwita,1.0
Adwoa,1.0
Adry,1.0
Ady,1.0
Adya,1.0
Adyanna,1.0
Adylan,1.0
Adylee,1.0
Adyleigh,1.0
Adylen,1.0
Adylene,1.0
Adylenne,1.0
Adylin,1.0
Adylina,1.0
Adyline,1.0
Adryana,1.0
Adriyanna,1.0
Adrie,1.0
Adrieonna,1.0
Adrieana,1.0
Adrieanna,1.0
Adrieanne,1.0
Adriela,1.0
Adriella,1.0
Adrielle,1.0
Adrielly,1.0
Adriely,1.0
Adrielys,1.0
Adriena,1.0
Adrienna,1.0
Adriennie,1.0
Adrihana,1.0
Adriyana,1.0
Adrihanna,1.0
Adrija,1.0
Adrijana,1.0
Adrika,1.0
Adrina,1.0
Adrinna,1.0
Adrinne,1.0
Adriona,1.0
Adrionna,1.0
Adrita,1.0
Adriti,1.0
Adriunna,1.0
Adlei,1.0
Adlean,1.0
Adeli,1.0
Adlea,1.0
Adely,1.0
Adelya,1.0
Adelyna,1.0
Adelynd,1.0
Adelyne,1.0
Adelynn,1.0
Adelynna,1.0
Adelynne,1.0
Adelys,1.0
Adelyse,1.0
Adena,1.0
Adene,1.0
Adenike,1.0
Adepa,1.0
Ader,1.0
Adera,1.0
Aderinsola,1.0
Adero,1.0
Aderonke,1.0
Aderyn,1.0
Adesewa,1.0
Adesha,1.0
Adesina,1.0
Adesire,1.0
Adesola,1.0
Adessa,1.0
Adesuwa,1.0
Adeluna,1.0
Adelphia,1.0
Adelola,1.0
Adelinne,1.0
Adelia,1.0
Adeliah,1.0
Adelice,1.0
Adelicia,1.0
Adelie,1.0
Adeliene,1.0
Adelilah,1.0
Adelin,1.0
Adelina,1.0
Adelinah,1.0
Adelind,1.0
Adelinn,1.0
Adelis,1.0
Adelmira,1.0
Adelisa,1.0
Adelise,1.0
Adelita,1.0
Adeliz,1.0
Adeliza,1.0
Adella,1.0
Adelle,1.0
Adellia,1.0
Adelline,1.0
Adellyn,1.0
Adellynn,1.0
Adelma,1.0
Adeva,1.0
Adey,1.0
Adeya,1.0
Adisyn,1.0
Adilyn,1.0
Adilyne,1.0
Adilynn,1.0
Adilynne,1.0
Adina,1.0
Adinah,1.0
Adine,1.0
Adior,1.0
Adira,1.0
Adirah,1.0
Adisen,1.0
Adisha,1.0
Adisynn,1.0
Adilia,1.0
Adisynne,1.0
Adithi,1.0
Adithri,1.0
Aditi,1.0
Aditri,1.0
Adiva,1.0
Adiya,1.0
Adiyah,1.0
Adja,1.0
Adji,1.0
Adjoa,1.0
Adjua,1.0
Adiline,1.0
Adiley,1.0
Adeyah,1.0
Adianna,1.0
Adhara,1.0
Adhira,1.0
Adhithi,1.0
Adhley,1.0
Adhvika,1.0
Adhya,1.0
Adia,1.0
Adiah,1.0
Adiam,1.0
Adiana,1.0
Adianey,1.0
Adianez,1.0
Adiba,1.0
Adileny,1.0
Adiela,1.0
Adiella,1.0
Adielle,1.0
Adijah,1.0
Adila,1.0
Adilah,1.0
Adilee,1.0
Adileigh,1.0
Adilen,1.0
Adilena,1.0
Adileni,1.0
Adilenne,1.0
Adajames,1.0
Adaja,1.0
Adylyn,1.0
Aalysia,1.0
Aanijah,1.0
Aanika,1.0
Aanisah,1.0
Aaniya,1.0
Aaniyah,1.0
Aaniylah,1.0
Aanshi,1.0
Aanvi,1.0
Aanya,1.0
Aanyah,1.0
Aanyla,1.0
Aapri,1.0
Aara,1.0
Aarabella,1.0
Aarabhi,1.0
Aaradhana,1.0
Aaradhya,1.0
Aaral,1.0
Aaralyn,1.0
Aaralynn,1.0
Aaranya,1.0
Aaratrika,1.0
Aaravi,1.0
Aaraya,1.0
Aareona,1.0
Aaria,1.0
Aariaani,1.0
Aaniah,1.0
Aania,1.0
Aani,1.0
Aaminah,1.0
Aalyvia,1.0
Aamanda,1.0
Aamanee,1.0
Aamani,1.0
Aamara,1.0
Aamaya,1.0
Aamber,1.0
Aamena,1.0
Aami,1.0
Aamia,1.0
Aamilah,1.0
Aamina,1.0
Aamira,1.0
Aanchal,1.0
Aamirah,1.0
Aamiya,1.0
Aamiyah,1.0
Aamna,1.0
Aamoni,1.0
Aamora,1.0
Aamorah,1.0
Aamori,1.0
Aamya,1.0
Aamyah,1.0
Aana,1.0
Aanaya,1.0
Aariah,1.0
Aariana,1.0
Aarianna,1.0
Aarza,1.0
Aaruhi,1.0
Aarunya,1.0
Aarushi,1.0
Aarvi,1.0
Aarvika,1.0
Aaryah,1.0
Aaryahi,1.0
Aaryana,1.0
Aaryanna,1.0
Aaryiah,1.0
Aarynn,1.0
Aaryona,1.0
Aarzu,1.0
Aarthi,1.0
Aasha,1.0
Aashana,1.0
Aashi,1.0
Aashia,1.0
Aashika,1.0
Aashini,1.0
Aashirya,1.0
Aashita,1.0
Aashiyana,1.0
Aashka,1.0
Aashna,1.0
Aashni,1.0
Aarti,1.0
Aarshiya,1.0
Aarica,1.0
Aariyana,1.0
Aarie,1.0
Aariel,1.0
Aariella,1.0
Aarielle,1.0
Aarika,1.0
Aarilyn,1.0
Aarilynn,1.0
Aarini,1.0
Aariona,1.0
Aarionna,1.0
Aariya,1.0
Aariyah,1.0
Aariyanna,1.0
Aarshi,1.0
Aariyona,1.0
Aariyonna,1.0
Aarna,1.0
Aarnavi,1.0
Aarnika,1.0
Aarohi,1.0
Aarolyn,1.0
Aarona,1.0
Aaronae,1.0
Aaronda,1.0
Aaronette,1.0
Aaronisha,1.0
Aalyssa,1.0
Aalyna,1.0
Aashritha,1.0
Aalyiah,1.0
Aahliyah,1.0
Aahna,1.0
Aaila,1.0
Aailani,1.0
Aailiyah,1.0
Aailyah,1.0
Aaima,1.0
Aaina,1.0
Aaira,1.0
Aairah,1.0
Aaisha,1.0
Aaishah,1.0
Aaiyana,1.0
Aaiza,1.0
Aaja,1.0
Aajah,1.0
Aajaylah,1.0
Aakanksha,1.0
Aakifah,1.0
Aakilah,1.0
Aakira,1.0
Aakiyah,1.0
Aakriti,1.0
Aala,1.0
Aalaiya,1.0
Aalaiyah,1.0
Aalana,1.0
Aahlani,1.0
Aaheli,1.0
Aahana,1.0
Aadison,1.0
Aabriella,1.0
Aada,1.0
Aadaya,1.0
Aadhini,1.0
Aadhira,1.0
Aadhirai,1.0
Aadhvi,1.0
Aadhvika,1.0
Aadhya,1.0
Aadhyareddy,1.0
Aadhyasri,1.0
Aadilynn,1.0
Aaditri,1.0
Aagya,1.0
Aadiya,1.0
Aadrika,1.0
Aadriti,1.0
Aadvi,1.0
Aadvika,1.0
Aadya,1.0
Aafia,1.0
Aafiya,1.0
Aafiyah,1.0
Aafreen,1.0
Aagna,1.0
Aagot,1.0
Aalanah,1.0
Aalani,1.0
Aalasia,1.0
Aaliyahmarie,1.0
Aaliha,1.0
Aalilah,1.0
Aalimah,1.0
Aalin,1.0
Aalina,1.0
Aalinah,1.0
Aalisa,1.0
Aalisha,1.0
Aalivia,1.0
Aaliya,1.0
Aaliyaa,1.0
Aaliyaha,1.0
Aaliyahrose,1.0
Aalicia,1.0
Aaliyana,1.0
Aaliyanna,1.0
Aaliyha,1.0
Aaliyiah,1.0
Aalliyah,1.0
Aallyah,1.0
Aaloni,1.0
Aalya,1.0
Aalyah,1.0
Aalycia,1.0
Aalyha,1.0
Aalyia,1.0
Aalieyah,1.0
Aaliayh,1.0
Aalaya,1.0
Aaleeyah,1.0
Aalayah,1.0
Aalayiah,1.0
Aalayjah,1.0
Aalayna,1.0
Aalaysha,1.0
Aalaysia,1.0
Aalea,1.0
Aaleah,1.0
Aaleahya,1.0
Aaleayah,1.0
Aaleena,1.0
Aaleeya,1.0
Aaleia,1.0
Aaliayah,1.0
Aaleiah,1.0
Aaleigha,1.0
Aaleiya,1.0
Aaleiyah,1.0
Aalena,1.0
Aalexis,1.0
Aalexus,1.0
Aaleya,1.0
Aaleyah,1.0
Aalia,1.0
Aaliah,1.0
Aaliana,1.0
Aashrita,1.0
Aashriya,1.0
Adaiyah,1.0
Abihail,1.0
Abria,1.0
Abriah,1.0
Abrial,1.0
Abriana,1.0
Abrianna,1.0
Abriannah,1.0
Abrianne,1.0
Abrie,1.0
Abriela,1.0
Abriele,1.0
Abriella,1.0
Abrielle,1.0
Abrienne,1.0
Abrigail,1.0
Abrihet,1.0
Abrille,1.0
Abrina,1.0
Abriona,1.0
Abrionna,1.0
Abrish,1.0
Abriya,1.0
Abriyah,1.0
Abriyana,1.0
Abry,1.0
Abryana,1.0
Abryanna,1.0
Abryella,1.0
Abri,1.0
Abreya,1.0
Abrey,1.0
Abla,1.0
Abilgail,1.0
Abilyn,1.0
Abilynn,1.0
Abinaya,1.0
Abiona,1.0
Abira,1.0
Abirami,1.0
Abisag,1.0
Abish,1.0
Abisha,1.0
Abisola,1.0
Abiya,1.0
Ablakat,1.0
Abreonna,1.0
Ablessyn,1.0
Abony,1.0
Abra,1.0
Abrah,1.0
Abranda,1.0
Abraya,1.0
Abrea,1.0
Abreana,1.0
Abreanna,1.0
Abree,1.0
Abreia,1.0
Abreona,1.0
Abryelle,1.0
Abryl,1.0
Absalat,1.0
Adahli,1.0
Acquanette,1.0
Acsa,1.0
Acura,1.0
Adabel,1.0
Adabella,1.0
Adabelle,1.0
Adacia,1.0
Adaela,1.0
Adaelyn,1.0
Adaeze,1.0
Adagrace,1.0
Adah,1.0
Adahlia,1.0
Acia,1.0
Adahlynn,1.0
Adai,1.0
Adaia,1.0
Adaija,1.0
Adaijah,1.0
Adailyn,1.0
Adaira,1.0
Adaire,1.0
Adairis,1.0
Adaisha,1.0
Adaisia,1.0
Adaiya,1.0
Acquanetta,1.0
Achsah,1.0
Absidy,1.0
Accacia,1.0
Abuk,1.0
Abundance,1.0
Abyade,1.0
Abygael,1.0
Abygail,1.0
Abygaile,1.0
Abygale,1.0
Abygayle,1.0
Abyssinia,1.0
Acacia,1.0
Acadia,1.0
Acasia,1.0
Accalia,1.0
Achsa,1.0
Acela,1.0
Acelee,1.0
Acelia,1.0
Acelynn,1.0
Achaia,1.0
Achan,1.0
Achante,1.0
Achanti,1.0
Achara,1.0
Achazia,1.0
Achel,1.0
Achol,1.0
Abilene,1.0
Abiha,1.0
Aashvi,1.0
Abigiya,1.0
Abagale,1.0
Abagayle,1.0
Abaigael,1.0
Abaigail,1.0
Abaigeal,1.0
Abbagail,1.0
Abbagale,1.0
Abbagayle,1.0
Abbe,1.0
Abbee,1.0
Abbegail,1.0
Abbegale,1.0
Abbegayle,1.0
Abbeygail,1.0
Abbeygale,1.0
Abbi,1.0
Abbiegail,1.0
Abbiegale,1.0
Abbiegayle,1.0
Abbigael,1.0
Abbigaile,1.0
Abbigal,1.0
Abbigale,1.0
Abbigayl,1.0
Abbigayle,1.0
Abbilyn,1.0
Abbra,1.0
Abagaile,1.0
Abagail,1.0
Abagael,1.0
Aaya,1.0
Aashvireddy,1.0
Aasia,1.0
Aasiya,1.0
Aasiyah,1.0
Aastha,1.0
Aathira,1.0
Aatikah,1.0
Aava,1.0
Aavah,1.0
Aavani,1.0
Aavni,1.0
Aavya,1.0
Aayah,1.0
Aaziyah,1.0
Aayana,1.0
Aayanah,1.0
Aayanna,1.0
Aayara,1.0
Aayat,1.0
Aayla,1.0
Aaylah,1.0
Aayliah,1.0
Aayra,1.0
Aayusha,1.0
Aayushi,1.0
Aazeen,1.0
Abbrianna,1.0
Abbriella,1.0
Abbrielle,1.0
Abigai,1.0
Abhirami,1.0
Abia,1.0
Abiageal,1.0
Abianna,1.0
Abibail,1.0
Abida,1.0
Abidah,1.0
Abiegail,1.0
Abiela,1.0
Abiella,1.0
Abigaelle,1.0
Abigahil,1.0
Abigaile,1.0
Abhigna,1.0
Abigailgrace,1.0
Abigailjoy,1.0
Abigaille,1.0
Abigailmarie,1.0
Abigailrose,1.0
Abigal,1.0
Abigale,1.0
Abigayil,1.0
Abigayl,1.0
Abigeal,1.0
Abigel,1.0
Abigial,1.0
Abhinaya,1.0
Abhaya,1.0
Abbye,1.0
Abegale,1.0
Abbygael,1.0
Abbygail,1.0
Abbygaile,1.0
Abbygale,1.0
Abbygayl,1.0
Abbygayle,1.0
Abbylynn,1.0
Abcde,1.0
Abdia,1.0
Abeeha,1.0
Abeera,1.0
Abegail,1.0
Abegayle,1.0
Abha,1.0
Abela,1.0
Abelina,1.0
Abeline,1.0
Abella,1.0
Abelyn,1.0
Abena,1.0
Abeni,1.0
Aber,1.0
Aberdeen,1.0
Abernathy,1.0
Abery,1.0
Abgail,1.0
Adylinn,1.0
Adylynn,1.0
Aleahya,1.0
Ajuni,1.0
Akaylee,1.0
Akaylia,1.0
Akaysha,1.0
Akaysia,1.0
Akea,1.0
Akeara,1.0
Akeba,1.0
Akebia,1.0
Akeda,1.0
Akeela,1.0
Akeelah,1.0
Akeema,1.0
Akeena,1.0
Akeera,1.0
Akeesha,1.0
Akeeyla,1.0
Akeia,1.0
Akeiba,1.0
Akeila,1.0
Akeilah,1.0
Akeira,1.0
Akeisha,1.0
Akeiya,1.0
Akelah,1.0
Akelia,1.0
Akemy,1.0
Akena,1.0
Akaylah,1.0
Akayla,1.0
Akayda,1.0
Akaja,1.0
Ajwan,1.0
Akacia,1.0
Akadia,1.0
Akaela,1.0
Akaia,1.0
Akaiah,1.0
Akaila,1.0
Akailah,1.0
Akaisha,1.0
Akaiya,1.0
Akaiyah,1.0
Akaiza,1.0
Akala,1.0
Akaycia,1.0
Akali,1.0
Akame,1.0
Akane,1.0
Akanesi,1.0
Akanksha,1.0
Akansha,1.0
Akara,1.0
Akaria,1.0
Akasha,1.0
Akashia,1.0
Akasia,1.0
Akaya,1.0
Akendra,1.0
Akenya,1.0
Akenzie,1.0
Akita,1.0
Akila,1.0
Akilah,1.0
Akilia,1.0
Akima,1.0
Akimi,1.0
Akina,1.0
Akirah,1.0
Akire,1.0
Akiria,1.0
Akirra,1.0
Akisha,1.0
Akishia,1.0
Akiya,1.0
Akiesha,1.0
Akiyah,1.0
Akiylah,1.0
Akiyra,1.0
Akora,1.0
Akosha,1.0
Akosita,1.0
Akosua,1.0
Akoya,1.0
Akria,1.0
Akriti,1.0
Aksa,1.0
Aksana,1.0
Akiko,1.0
Akierra,1.0
Akerah,1.0
Akeyia,1.0
Akeria,1.0
Akeriah,1.0
Akerra,1.0
Akerria,1.0
Akesha,1.0
Akeshia,1.0
Aketzali,1.0
Aketzalli,1.0
Aketzaly,1.0
Akevia,1.0
Akeya,1.0
Akeyah,1.0
Akeyla,1.0
Akiera,1.0
Akeylah,1.0
Akeyra,1.0
Akeza,1.0
Akhia,1.0
Akhila,1.0
Akhira,1.0
Akhirah,1.0
Akhiya,1.0
Akiah,1.0
Akiana,1.0
Akieba,1.0
Akiela,1.0
Ajwa,1.0
Ajua,1.0
Akshada,1.0
Ajsha,1.0
Aitiana,1.0
Aitlin,1.0
Aittana,1.0
Aitza,1.0
Aiunii,1.0
Aiva,1.0
Aivah,1.0
Aivery,1.0
Aivi,1.0
Aivley,1.0
Aivree,1.0
Aivry,1.0
Aivy,1.0
Aivyn,1.0
Aixa,1.0
Aiya,1.0
Aiyah,1.0
Aiyahna,1.0
Aiyana,1.0
Aiyanah,1.0
Aiyani,1.0
Aiyanna,1.0
Aiyannah,1.0
Aiyla,1.0
Aiylah,1.0
Aiyona,1.0
Aiyonna,1.0
Aithanna,1.0
Aithana,1.0
Aitanna,1.0
Aisleen,1.0
Aishia,1.0
Aishini,1.0
Aishleen,1.0
Aishlin,1.0
Aishling,1.0
Aishlyn,1.0
Aishvi,1.0
Aishwarya,1.0
Aisia,1.0
Aisja,1.0
Aisla,1.0
Aislee,1.0
Aisleigh,1.0
Aitana,1.0
Aisley,1.0
Aislin,1.0
Aisling,1.0
Aislinn,1.0
Aislyn,1.0
Aislynn,1.0
Aislynne,1.0
Aisosa,1.0
Aissa,1.0
Aissata,1.0
Aissatou,1.0
Aisya,1.0
Aiysha,1.0
Aiza,1.0
Aizah,1.0
Ajita,1.0
Ajea,1.0
Ajeenah,1.0
Ajena,1.0
Ajenae,1.0
Ajeya,1.0
Ajha,1.0
Ajhane,1.0
Aji,1.0
Ajia,1.0
Ajiah,1.0
Ajiana,1.0
Ajianna,1.0
Ajiya,1.0
Ajaysia,1.0
Ajiyah,1.0
Ajla,1.0
Ajna,1.0
Ajooni,1.0
Ajori,1.0
Ajorie,1.0
Ajournee,1.0
Ajournei,1.0
Ajourney,1.0
Ajourni,1.0
Ajournie,1.0
Ajsa,1.0
Aje,1.0
Ajaylah,1.0
Aizal,1.0
Ajala,1.0
Aizha,1.0
Aizlee,1.0
Aizleigh,1.0
Aizley,1.0
Aizlyn,1.0
Aizlynn,1.0
Aizza,1.0
Ajacia,1.0
Ajada,1.0
Ajah,1.0
Ajahnae,1.0
Ajahnay,1.0
Ajalae,1.0
Ajayla,1.0
Ajana,1.0
Ajanae,1.0
Ajanai,1.0
Ajanay,1.0
Ajane,1.0
Ajanea,1.0
Ajanee,1.0
Ajanique,1.0
Ajasia,1.0
Ajaya,1.0
Ajayah,1.0
Ajaycia,1.0
Aksha,1.0
Akshadha,1.0
Aishe,1.0
Alaria,1.0
Alayia,1.0
Alayiah,1.0
Alayja,1.0
Alayjah,1.0
Alayjha,1.0
Alayjia,1.0
Alayjiah,1.0
Alayla,1.0
Alaylah,1.0
Alaynah,1.0
Alayne,1.0
Alayni,1.0
Alaynia,1.0
Alaynie,1.0
Alaynna,1.0
Alaynnah,1.0
Alaysa,1.0
Alaysha,1.0
Alayshia,1.0
Alaysia,1.0
Alaysiah,1.0
Alayssa,1.0
Alaythia,1.0
Alayza,1.0
Alayzah,1.0
Alayzha,1.0
Alayzhia,1.0
Alayhia,1.0
Alayha,1.0
Alayda,1.0
Alauni,1.0
Alarie,1.0
Alaris,1.0
Alasha,1.0
Alashia,1.0
Alasia,1.0
Alasiah,1.0
Alassandra,1.0
Alathea,1.0
Alaula,1.0
Alauna,1.0
Alaunah,1.0
Alaundra,1.0
Alaunie,1.0
Alaycia,1.0
Alaunna,1.0
Alaura,1.0
Alaurah,1.0
Alawna,1.0
Alaxandra,1.0
Alaxandria,1.0
Alaxis,1.0
Alaya,1.0
Alayaa,1.0
Alayah,1.0
Alayana,1.0
Alayasia,1.0
Alayzia,1.0
Alayziah,1.0
Alaza,1.0
Aldijana,1.0
Albria,1.0
Alcaria,1.0
Alcia,1.0
Alcina,1.0
Alcine,1.0
Alcy,1.0
Aldah,1.0
Aldana,1.0
Aldea,1.0
Aldeen,1.0
Aldena,1.0
Aldia,1.0
Aldina,1.0
Albree,1.0
Aldona,1.0
Aldonia,1.0
Aldonna,1.0
Aldora,1.0
Aldoris,1.0
Aldrena,1.0
Aldrina,1.0
Aldyth,1.0
Alea,1.0
Aleacia,1.0
Aleah,1.0
Aleaha,1.0
Albrey,1.0
Albirtha,1.0
Alazae,1.0
Albena,1.0
Alazah,1.0
Alazay,1.0
Alazaya,1.0
Alaze,1.0
Alazea,1.0
Alazhia,1.0
Alazia,1.0
Alaziah,1.0
Alazne,1.0
Albana,1.0
Albani,1.0
Albanie,1.0
Alberdia,1.0
Albirta,1.0
Alberteen,1.0
Albertha,1.0
Albertia,1.0
Albertie,1.0
Albertina,1.0
Albertine,1.0
Albesa,1.0
Albia,1.0
Albina,1.0
Albiona,1.0
Albirda,1.0
Albirdia,1.0
Alarice,1.0
Alari,1.0
Akshara,1.0
Alarah,1.0
Alaejah,1.0
Alaena,1.0
Alaetra,1.0
Alaeya,1.0
Alaeyah,1.0
Alafia,1.0
Alah,1.0
Alahia,1.0
Alahna,1.0
Alahni,1.0
Alahnna,1.0
Alahya,1.0
Alaiaa,1.0
Alaiah,1.0
Alaiarose,1.0
Alaida,1.0
Alaiha,1.0
Alaiia,1.0
Alaiiah,1.0
Alaija,1.0
Alaijha,1.0
Alaila,1.0
Alailah,1.0
Alainah,1.0
Alaine,1.0
Alainey,1.0
Alaini,1.0
Alaea,1.0
Alae,1.0
Aladrian,1.0
Akyah,1.0
Akshata,1.0
Akshaya,1.0
Akshita,1.0
Akshitha,1.0
Akshvi,1.0
Akua,1.0
Akuol,1.0
Akur,1.0
Akura,1.0
Akvira,1.0
Akwete,1.0
Akya,1.0
Akyia,1.0
Alacyia,1.0
Akyiah,1.0
Akyla,1.0
Akylah,1.0
Akyli,1.0
Akylie,1.0
Akyra,1.0
Akyrah,1.0
Akyria,1.0
Alaana,1.0
Alaaya,1.0
Alabama,1.0
Alacia,1.0
Alainie,1.0
Alainna,1.0
Alainnah,1.0
Alanni,1.0
Alandria,1.0
Alane,1.0
Alanea,1.0
Alanee,1.0
Alaney,1.0
Alania,1.0
Alanie,1.0
Alanii,1.0
Alanis,1.0
Alaniz,1.0
Alankrita,1.0
Alannah,1.0
Alannie,1.0
Alandra,1.0
Alannis,1.0
Alanny,1.0
Alannys,1.0
Alanood,1.0
Alanoud,1.0
Alanta,1.0
Alantis,1.0
Alantra,1.0
Alany,1.0
Alanya,1.0
Alanys,1.0
Alara,1.0
Alandrea,1.0
Alanda,1.0
Alainy,1.0
Alaja,1.0
Alair,1.0
Alaira,1.0
Alaire,1.0
Alaisa,1.0
Alaisha,1.0
Alaisia,1.0
Alaiya,1.0
Alaiyah,1.0
Alaiyna,1.0
Alaiza,1.0
Alaizah,1.0
Alaizha,1.0
Alajah,1.0
Alancia,1.0
Alajha,1.0
Alajhia,1.0
Alajia,1.0
Alajiah,1.0
Alala,1.0
Alalah,1.0
Alama,1.0
Alamae,1.0
Alamar,1.0
Alamea,1.0
Alameda,1.0
Alanah,1.0
Aishi,1.0
Aishatu,1.0
Adyra,1.0
Aginah,1.0
Ahilany,1.0
Ahilya,1.0
Ahilyn,1.0
Ahinara,1.0
Ahinoa,1.0
Ahira,1.0
Ahisha,1.0
Ahitana,1.0
Ahja,1.0
Ahjah,1.0
Ahjahnae,1.0
Ahjanae,1.0
Ahjanay,1.0
Ahkeelah,1.0
Ahlaam,1.0
Ahlai,1.0
Ahlaiyah,1.0
Ahlam,1.0
Ahlana,1.0
Ahlani,1.0
Ahlanie,1.0
Ahlanii,1.0
Ahlanna,1.0
Ahlanni,1.0
Ahlaya,1.0
Ahlayah,1.0
Ahlayla,1.0
Ahilani,1.0
Aheli,1.0
Ahed,1.0
Agnus,1.0
Aglaia,1.0
Agna,1.0
Agneda,1.0
Agnella,1.0
Agnesa,1.0
Agnese,1.0
Agness,1.0
Agnessa,1.0
Agneta,1.0
Agnia,1.0
Agnieszka,1.0
Agnita,1.0
Agostina,1.0
Ahdia,1.0
Agrima,1.0
Agripina,1.0
Agueda,1.0
Agustina,1.0
Ahaana,1.0
Ahadi,1.0
Ahado,1.0
Ahalya,1.0
Ahana,1.0
Ahava,1.0
Ahavah,1.0
Ahbree,1.0
Ahlayna,1.0
Ahlaysia,1.0
Ahlea,1.0
Ahmyah,1.0
Ahmiah,1.0
Ahmila,1.0
Ahmina,1.0
Ahmira,1.0
Ahmiracle,1.0
Ahmirah,1.0
Ahmiya,1.0
Ahmiyah,1.0
Ahmoni,1.0
Ahmonie,1.0
Ahmora,1.0
Ahmya,1.0
Ahmyiah,1.0
Ahmena,1.0
Ahmyla,1.0
Ahmylah,1.0
Ahmyra,1.0
Ahna,1.0
Ahnah,1.0
Ahnalee,1.0
Ahnaleigh,1.0
Ahnalia,1.0
Ahnalise,1.0
Ahnari,1.0
Ahnaya,1.0
Ahnesti,1.0
Ahmia,1.0
Ahmelia,1.0
Ahleah,1.0
Ahliya,1.0
Ahleena,1.0
Ahleeyah,1.0
Ahleigha,1.0
Ahlena,1.0
Ahlexis,1.0
Ahlexus,1.0
Ahley,1.0
Ahleyah,1.0
Ahlia,1.0
Ahliana,1.0
Ahlina,1.0
Ahlivia,1.0
Ahliyah,1.0
Ahmeira,1.0
Ahlona,1.0
Ahloni,1.0
Ahlonni,1.0
Ahlora,1.0
Ahlyana,1.0
Ahlyssa,1.0
Ahlyvia,1.0
Ahmara,1.0
Ahmaria,1.0
Ahmarie,1.0
Ahmarria,1.0
Ahmaya,1.0
Aglae,1.0
Agila,1.0
Ahni,1.0
Agigail,1.0
Aemma,1.0
Aenea,1.0
Aeona,1.0
Aeowyn,1.0
Aera,1.0
Aerabella,1.0
Aeralyn,1.0
Aeralynn,1.0
Aeri,1.0
Aeriana,1.0
Aerianna,1.0
Aerica,1.0
Aericka,1.0
Aerie,1.0
Aeriel,1.0
Aeriell,1.0
Aeriella,1.0
Aerielle,1.0
Aerika,1.0
Aerilyn,1.0
Aerilynn,1.0
Aeriona,1.0
Aerionna,1.0
Aeriss,1.0
Aerith,1.0
Aerolyn,1.0
Aerolynn,1.0
Aemilia,1.0
Aemelia,1.0
Aelynn,1.0
Aela,1.0
Adysan,1.0
Adysen,1.0
Adysin,1.0
Adysson,1.0
Adysun,1.0
Adysyn,1.0
Aeda,1.0
Aehlani,1.0
Aeilani,1.0
Aeiress,1.0
Aeisha,1.0
Aeja,1.0
Aelan,1.0
Aelyn,1.0
Aelani,1.0
Aeleen,1.0
Aelia,1.0
Aeliana,1.0
Aelianna,1.0
Aelicia,1.0
Aelin,1.0
Aelina,1.0
Aelisa,1.0
Aelish,1.0
Aelita,1.0
Aella,1.0
Aerowyn,1.0
Aeryal,1.0
Aeryana,1.0
Aftan,1.0
Afrah,1.0
Afreen,1.0
Africa,1.0
Africia,1.0
Afrika,1.0
Afrin,1.0
Afrodita,1.0
Afruza,1.0
Afsa,1.0
Afsana,1.0
Afsaneh,1.0
Afshan,1.0
Aften,1.0
Afra,1.0
Aftin,1.0
Aftyn,1.0
Afua,1.0
Agapita,1.0
Agata,1.0
Agatha,1.0
Agathe,1.0
Agda,1.0
Agela,1.0
Ageliki,1.0
Agena,1.0
Aggeliki,1.0
Afraa,1.0
Afomiya,1.0
Aeryanna,1.0
Aeyla,1.0
Aerynn,1.0
Aeryona,1.0
Aeryss,1.0
Aesa,1.0
Aesha,1.0
Aeshia,1.0
Aesira,1.0
Aetna,1.0
Aeva,1.0
Aevah,1.0
Aevry,1.0
Aevyn,1.0
Afaf,1.0
Afomia,1.0
Afeni,1.0
Aferdita,1.0
Affie,1.0
Affinity,1.0
Afi,1.0
Afia,1.0
Afifa,1.0
Afifah,1.0
Afina,1.0
Afiya,1.0
Afiyah,1.0
Afnaan,1.0
Ahnesty,1.0
Ahnia,1.0
Aishat,1.0
Ailea,1.0
Aily,1.0
Ailyah,1.0
Ailyn,1.0
Ailyne,1.0
Ailynn,1.0
Aima,1.0
Aimani,1.0
Aimara,1.0
Aimi,1.0
Aimie,1.0
Aimme,1.0
Aimslee,1.0
Aimsley,1.0
Aimy,1.0
Ain,1.0
Aina,1.0
Ainara,1.0
Aindrea,1.0
Aine,1.0
Ainhara,1.0
Ainhoa,1.0
Aini,1.0
Ainka,1.0
Ainnara,1.0
Aino,1.0
Ainoa,1.0
Ainoah,1.0
Ailuani,1.0
Ailsa,1.0
Aillene,1.0
Ailey,1.0
Ailean,1.0
Aileana,1.0
Ailed,1.0
Ailee,1.0
Aileena,1.0
Aileene,1.0
Aileigh,1.0
Ailena,1.0
Ailene,1.0
Aileny,1.0
Ailet,1.0
Aileth,1.0
Aili,1.0
Ailleen,1.0
Ailia,1.0
Ailiana,1.0
Ailiany,1.0
Ailie,1.0
Ailina,1.0
Ailine,1.0
Ailis,1.0
Ailisa,1.0
Ailise,1.0
Ailish,1.0
Ailiyah,1.0
Ailla,1.0
Ainoha,1.0
Ainslee,1.0
Ainslei,1.0
Airlene,1.0
Airial,1.0
Airian,1.0
Airiana,1.0
Airianna,1.0
Airica,1.0
Airicka,1.0
Airiel,1.0
Airiella,1.0
Airielle,1.0
Airika,1.0
Airiona,1.0
Airionna,1.0
Airlie,1.0
Aireyana,1.0
Airy,1.0
Airyana,1.0
Airyanna,1.0
Airyona,1.0
Airyonna,1.0
Airys,1.0
Airyss,1.0
Aisah,1.0
Aisatou,1.0
Aisel,1.0
Aishah,1.0
Aishani,1.0
Airi,1.0
Airess,1.0
Ainsleigh,1.0
Airalynn,1.0
Ainslie,1.0
Ainsly,1.0
Ainzlee,1.0
Ainzley,1.0
Aiona,1.0
Aionna,1.0
Aira,1.0
Airabella,1.0
Airabelle,1.0
Airah,1.0
Airalee,1.0
Airalyn,1.0
Airanna,1.0
Aireonna,1.0
Airareddy,1.0
Aireal,1.0
Aireana,1.0
Aireanna,1.0
Airee,1.0
Aireen,1.0
Aireka,1.0
Airel,1.0
Airella,1.0
Airelle,1.0
Airelyn,1.0
Aireona,1.0
Aileah,1.0
Aile,1.0
Ahniah,1.0
Ailauni,1.0
Ahryah,1.0
Ahsaki,1.0
Ahsha,1.0
Ahshanti,1.0
Ahsia,1.0
Ahslee,1.0
Ahsley,1.0
Ahsoka,1.0
Ahtyana,1.0
Ahtziri,1.0
Ahtziry,1.0
Ahuva,1.0
Ahva,1.0
Ahveya,1.0
Ahvi,1.0
Ahviana,1.0
Ahvianna,1.0
Ahyana,1.0
Ahyanna,1.0
Ahylin,1.0
Ahyoka,1.0
Ahyonna,1.0
Ahzani,1.0
Ahzara,1.0
Ahzari,1.0
Ahzaria,1.0
Ahzariah,1.0
Ahrya,1.0
Ahriyah,1.0
Ahriya,1.0
Ahona,1.0
Ahnika,1.0
Ahnisty,1.0
Ahniya,1.0
Ahniyah,1.0
Ahniyla,1.0
Ahnjayla,1.0
Ahnna,1.0
Ahnya,1.0
Ahnyah,1.0
Ahnyia,1.0
Ahnyla,1.0
Ahnylah,1.0
Ahonesti,1.0
Ahrin,1.0
Ahonesty,1.0
Ahraya,1.0
Ahrayah,1.0
Ahreanna,1.0
Ahri,1.0
Ahria,1.0
Ahriah,1.0
Ahriana,1.0
Ahrianna,1.0
Ahrie,1.0
Ahriel,1.0
Ahriella,1.0
Ahzhane,1.0
Ahziya,1.0
Ahziyah,1.0
Aikol,1.0
Aidy,1.0
Aiesha,1.0
Aieshia,1.0
Aife,1.0
Aigne,1.0
Aigner,1.0
Aigy,1.0
Aihnoa,1.0
Aija,1.0
Aijah,1.0
Aijha,1.0
Aika,1.0
Aila,1.0
Aidrianna,1.0
Ailah,1.0
Ailahni,1.0
Ailaina,1.0
Ailana,1.0
Ailanee,1.0
Ailanie,1.0
Ailanis,1.0
Ailanna,1.0
Ailanni,1.0
Ailanny,1.0
Ailany,1.0
Ailanys,1.0
Aidsa,1.0
Aidia,1.0
Ahzuri,1.0
Aidaly,1.0
Aia,1.0
Aiah,1.0
Aiana,1.0
Aianna,1.0
Aibhilin,1.0
Aibhlinn,1.0
Aibileen,1.0
Aicha,1.0
Aichatou,1.0
Aicia,1.0
Aidah,1.0
Aidaliz,1.0
Aidalyn,1.0
Aidette,1.0
Aidalynn,1.0
Aidana,1.0
Aidanna,1.0
Aide,1.0
Aided,1.0
Aidee,1.0
Aidel,1.0
Aidelis,1.0
Aideliz,1.0
Aidelyn,1.0
Aidet,1.0
Aideth,1.0
Andreniki,1.0
Andreona,1.0
Bethina,1.0
Auriyana,1.0
Auttum,1.0
Auttumn,1.0
Autum,1.0
Autume,1.0
Autumm,1.0
Autumne,1.0
Autumnmarie,1.0
Autumnn,1.0
Autumnrayne,1.0
Autumnrose,1.0
Autunm,1.0
Autym,1.0
Autymn,1.0
Auviana,1.0
Auvianna,1.0
Auzaria,1.0
Auzhane,1.0
Avaa,1.0
Avaah,1.0
Avaani,1.0
Avabella,1.0
Avabelle,1.0
Avaclaire,1.0
Avacyn,1.0
Avadna,1.0
Avae,1.0
Avaeah,1.0
Autra,1.0
Automn,1.0
Autom,1.0
Ausha,1.0
Auroragrace,1.0
Aurorah,1.0
Auroralee,1.0
Auroralynn,1.0
Aurorarose,1.0
Aurore,1.0
Auroura,1.0
Aurra,1.0
Aurya,1.0
Auryana,1.0
Auryanna,1.0
Auset,1.0
Ausia,1.0
Autmn,1.0
Auslynn,1.0
Austa,1.0
Austeja,1.0
Austi,1.0
Austie,1.0
Austina,1.0
Austria,1.0
Austynn,1.0
Autavia,1.0
Autherine,1.0
Autiana,1.0
Autianna,1.0
Avaeh,1.0
Avaelizabeth,1.0
Avaeya,1.0
Avalyn,1.0
Avali,1.0
Avalia,1.0
Avalie,1.0
Avaliese,1.0
Avalin,1.0
Avalina,1.0
Avaline,1.0
Avalinn,1.0
Avalise,1.0
Avalisse,1.0
Avaluna,1.0
Avaly,1.0
Avalyna,1.0
Avalene,1.0
Avalyne,1.0
Avalynn,1.0
Avalynne,1.0
Avalyse,1.0
Avamae,1.0
Avamaria,1.0
Avamarie,1.0
Avamay,1.0
Avamonroe,1.0
Avana,1.0
Avanah,1.0
Avanel,1.0
Avaley,1.0
Avalena,1.0
Avaeyah,1.0
Avajane,1.0
Avagail,1.0
Avagrace,1.0
Avah,1.0
Avahlyn,1.0
Avahlynn,1.0
Avahni,1.0
Avaia,1.0
Avaiah,1.0
Avaiya,1.0
Avaiyah,1.0
Avajade,1.0
Avajames,1.0
Avajean,1.0
Avaleigh,1.0
Avajo,1.0
Avajoy,1.0
Avakate,1.0
Avala,1.0
Avalani,1.0
Avalanna,1.0
Avalea,1.0
Avaleah,1.0
Avalee,1.0
Avaleen,1.0
Avaleena,1.0
Avalei,1.0
Auroara,1.0
Auriyah,1.0
Avanelle,1.0
Auriya,1.0
Augustina,1.0
Auja,1.0
Aujah,1.0
Aujanae,1.0
Aujanai,1.0
Aujane,1.0
Aukievah,1.0
Aula,1.0
Aulani,1.0
Aulbree,1.0
Aulbrey,1.0
Aulda,1.0
Aulelei,1.0
Aulene,1.0
Aulii,1.0
Auline,1.0
Aulona,1.0
Aulora,1.0
Aumya,1.0
Auna,1.0
Aunah,1.0
Aunalee,1.0
Aunaleigh,1.0
Aundraya,1.0
Aundreah,1.0
Aundreia,1.0
Aundreya,1.0
Audynn,1.0
Audrynna,1.0
Audryna,1.0
Audriella,1.0
Audreyna,1.0
Audreyonna,1.0
Audreyrose,1.0
Audri,1.0
Audria,1.0
Audriana,1.0
Audrianna,1.0
Audrianne,1.0
Audriauna,1.0
Audriaunna,1.0
Audrieana,1.0
Audrieanna,1.0
Audrielle,1.0
Audryanna,1.0
Audriena,1.0
Audrienna,1.0
Audrienne,1.0
Audrii,1.0
Audrina,1.0
Audrinah,1.0
Audrinna,1.0
Audriona,1.0
Audrionna,1.0
Audris,1.0
Audrone,1.0
Audryana,1.0
Aundria,1.0
Aune,1.0
Aunestee,1.0
Aureya,1.0
Aurelia,1.0
Aureliah,1.0
Aureliana,1.0
Aurelie,1.0
Aurella,1.0
Aurelle,1.0
Aurellia,1.0
Aurely,1.0
Aurelya,1.0
Aureon,1.0
Auretta,1.0
Aurey,1.0
Auria,1.0
Auree,1.0
Auriah,1.0
Auriana,1.0
Auriani,1.0
Aurianna,1.0
Auriela,1.0
Auriella,1.0
Aurielle,1.0
Aurieona,1.0
Auril,1.0
Aurilla,1.0
Auriona,1.0
Aurionna,1.0
Aureli,1.0
Aureanna,1.0
Aunesti,1.0
Aunya,1.0
Aunesty,1.0
Aungelique,1.0
Auni,1.0
Aunica,1.0
Aunika,1.0
Aunisti,1.0
Aunisty,1.0
Auniya,1.0
Aunjel,1.0
Aunna,1.0
Aunnika,1.0
Aunusti,1.0
Aunyae,1.0
Aureana,1.0
Aunye,1.0
Aunystee,1.0
Aunysti,1.0
Auora,1.0
Aurabella,1.0
Auraelia,1.0
Aurah,1.0
Auralee,1.0
Auralia,1.0
Auraya,1.0
Aurbree,1.0
Aurea,1.0
Avanell,1.0
Avangaline,1.0
Audreyann,1.0
Aviara,1.0
Aviva,1.0
Avivah,1.0
Aviya,1.0
Aviyah,1.0
Aviyana,1.0
Aviyanah,1.0
Aviyanna,1.0
Aviyonna,1.0
Avleen,1.0
Avlyn,1.0
Avlynn,1.0
Avnee,1.0
Avni,1.0
Avnoor,1.0
Avola,1.0
Avona,1.0
Avonda,1.0
Avonel,1.0
Avonell,1.0
Avonelle,1.0
Avoni,1.0
Avonlea,1.0
Avonlee,1.0
Avonleigh,1.0
Avonna,1.0
Avonne,1.0
Avonnie,1.0
Avital,1.0
Avita,1.0
Avishka,1.0
Avilee,1.0
Aviauna,1.0
Avice,1.0
Aviela,1.0
Aviella,1.0
Avienda,1.0
Aviendha,1.0
Avienna,1.0
Avienne,1.0
Avigail,1.0
Avigayil,1.0
Avika,1.0
Avila,1.0
Avilene,1.0
Avishi,1.0
Avilyn,1.0
Avilynn,1.0
Avina,1.0
Avinell,1.0
Aviona,1.0
Avionce,1.0
Avione,1.0
Avionna,1.0
Avionnah,1.0
Avira,1.0
Aviree,1.0
Avisha,1.0
Avor,1.0
Avoree,1.0
Avori,1.0
Ayaana,1.0
Awilda,1.0
Awna,1.0
Awo,1.0
Awtumn,1.0
Axa,1.0
Axara,1.0
Axia,1.0
Axie,1.0
Axiry,1.0
Axyla,1.0
Aya,1.0
Ayaa,1.0
Ayahna,1.0
Awbrey,1.0
Ayaina,1.0
Ayak,1.0
Ayaka,1.0
Ayako,1.0
Ayala,1.0
Ayalah,1.0
Ayalguu,1.0
Ayame,1.0
Ayami,1.0
Ayanah,1.0
Ayanami,1.0
Ayanda,1.0
Awi,1.0
Awbree,1.0
Avorie,1.0
Avryl,1.0
Avra,1.0
Avreen,1.0
Avreet,1.0
Avreigh,1.0
Avriana,1.0
Avrianna,1.0
Avriella,1.0
Avrielle,1.0
Avrill,1.0
Avrilyn,1.0
Avrilynn,1.0
Avrora,1.0
Avva,1.0
Awanda,1.0
Avya,1.0
Avyah,1.0
Avyana,1.0
Avyanah,1.0
Avyanna,1.0
Avyannah,1.0
Avynlee,1.0
Avyona,1.0
Avyonna,1.0
Avyukta,1.0
Avyuktha,1.0
Awa,1.0
Aviary,1.0
Avianny,1.0
Avangelene,1.0
Aviannie,1.0
Avayla,1.0
Avaylah,1.0
Ave,1.0
Avea,1.0
Aveah,1.0
Aveaha,1.0
Aveana,1.0
Aveanna,1.0
Aveayah,1.0
Aveda,1.0
Avee,1.0
Aveen,1.0
Aveena,1.0
Aveera,1.0
Aveia,1.0
Aveigha,1.0
Aveiyah,1.0
Aveleen,1.0
Avelene,1.0
Aveley,1.0
Avelia,1.0
Avelie,1.0
Avelin,1.0
Avelina,1.0
Aveline,1.0
Avelinn,1.0
Avella,1.0
Avayiah,1.0
Avayah,1.0
Avaya,1.0
Avantika,1.0
Avangelia,1.0
Avangelina,1.0
Avangeline,1.0
Avanicole,1.0
Avanie,1.0
Avanii,1.0
Avanna,1.0
Avannah,1.0
Avanni,1.0
Avanoelle,1.0
Avanthi,1.0
Avanthika,1.0
Avany,1.0
Avasophia,1.0
Avanya,1.0
Avarae,1.0
Avaree,1.0
Avareigh,1.0
Avareign,1.0
Avarenee,1.0
Avarey,1.0
Avaria,1.0
Avarie,1.0
Avariella,1.0
Avarielle,1.0
Avarose,1.0
Avellana,1.0
Avelle,1.0
Avellina,1.0
Avey,1.0
Averyann,1.0
Averyanna,1.0
Averygrace,1.0
Averykate,1.0
Averyl,1.0
Averylynn,1.0
Averymarie,1.0
Averyona,1.0
Averyonna,1.0
Averyrose,1.0
Aves,1.0
Avesta,1.0
Aveya,1.0
Averlyn,1.0
Aveyah,1.0
Avia,1.0
Aviah,1.0
Aviahna,1.0
Aviana,1.0
Avianah,1.0
Avianca,1.0
Aviani,1.0
Avianna,1.0
Aviannah,1.0
Avianne,1.0
Avianni,1.0
Averyana,1.0
Averly,1.0
Avely,1.0
Aveonna,1.0
Avelyn,1.0
Avelynn,1.0
Avemaria,1.0
Avena,1.0
Avenell,1.0
Avenelle,1.0
Avenlea,1.0
Avenlee,1.0
Avenleigh,1.0
Avenley,1.0
Avenly,1.0
Aveona,1.0
Aver,1.0
Averlie,1.0
Avera,1.0
Avereigh,1.0
Averiana,1.0
Averianna,1.0
Averiee,1.0
Averiella,1.0
Averielle,1.0
Averii,1.0
Averionna,1.0
Averlee,1.0
Averleigh,1.0
Averley,1.0
Audreyanna,1.0
Audreyana,1.0
Ayanfeoluwa,1.0
Ashonta,1.0
Asianna,1.0
Asiaonna,1.0
Asiha,1.0
Asija,1.0
Asijah,1.0
Asila,1.0
Asilee,1.0
Asima,1.0
Asimina,1.0
Asina,1.0
Asinat,1.0
Asira,1.0
Asiri,1.0
Asisha,1.0
Asiya,1.0
Asiye,1.0
Asja,1.0
Asjah,1.0
Asjha,1.0
Asjia,1.0
Aslean,1.0
Aslee,1.0
Asleigh,1.0
Asley,1.0
Aslhey,1.0
Aslhy,1.0
Asli,1.0
Asiane,1.0
Asianay,1.0
Asianah,1.0
Ashwaq,1.0
Ashonti,1.0
Ashrita,1.0
Ashritha,1.0
Ashriya,1.0
Ashtrid,1.0
Ashuna,1.0
Ashunta,1.0
Ashunte,1.0
Ashunti,1.0
Ashura,1.0
Ashvi,1.0
Ashvika,1.0
Ashwika,1.0
Asianae,1.0
Ashwini,1.0
Ashya,1.0
Ashyah,1.0
Ashyia,1.0
Ashyiah,1.0
Ashyla,1.0
Ashyra,1.0
Ashyria,1.0
Asialyn,1.0
Asialynn,1.0
Asiamarie,1.0
Asiana,1.0
Aslihan,1.0
Aslin,1.0
Aslinn,1.0
Astha,1.0
Assiya,1.0
Assma,1.0
Assunta,1.0
Assyria,1.0
Astacia,1.0
Astara,1.0
Astari,1.0
Astaria,1.0
Astasia,1.0
Astella,1.0
Astelle,1.0
Asteria,1.0
Asti,1.0
Assil,1.0
Astora,1.0
Astoria,1.0
Astou,1.0
Astra,1.0
Astraea,1.0
Astraia,1.0
Astraya,1.0
Astrea,1.0
Astreia,1.0
Astreya,1.0
Astri,1.0
Astria,1.0
Assitan,1.0
Assie,1.0
Asly,1.0
Asoni,1.0
Aslyn,1.0
Aslynn,1.0
Asma,1.0
Asmaa,1.0
Asmah,1.0
Asmahan,1.0
Asmara,1.0
Asmi,1.0
Asmira,1.0
Asmita,1.0
Asmitha,1.0
Asna,1.0
Aspacia,1.0
Assiatou,1.0
Aspasia,1.0
Aspenn,1.0
Aspin,1.0
Aspynn,1.0
Asra,1.0
Asrah,1.0
Asrar,1.0
Assa,1.0
Assandra,1.0
Assata,1.0
Assetou,1.0
Assia,1.0
Ashonte,1.0
Ashonna,1.0
Astrin,1.0
Ashonda,1.0
Ashaunie,1.0
Ashaunta,1.0
Ashauntae,1.0
Ashaunte,1.0
Ashauntee,1.0
Ashaunti,1.0
Ashaureah,1.0
Ashauria,1.0
Ashawna,1.0
Ashawni,1.0
Ashawnti,1.0
Ashaya,1.0
Ashayla,1.0
Ashea,1.0
Ashee,1.0
Asheena,1.0
Ashelee,1.0
Asheley,1.0
Asheli,1.0
Ashelle,1.0
Ashelly,1.0
Ashelyn,1.0
Ashelynn,1.0
Ashera,1.0
Asherah,1.0
Ashey,1.0
Ashgan,1.0
Ashauna,1.0
Asharri,1.0
Asharra,1.0
Ashantee,1.0
Ashana,1.0
Ashanae,1.0
Ashanda,1.0
Ashane,1.0
Ashanee,1.0
Ashani,1.0
Ashanique,1.0
Ashanna,1.0
Ashanni,1.0
Ashantae,1.0
Ashantai,1.0
Ashantay,1.0
Ashantey,1.0
Asharie,1.0
Ashantia,1.0
Ashantiana,1.0
Ashantianna,1.0
Ashantie,1.0
Ashantii,1.0
Ashantis,1.0
Ashanty,1.0
Ashara,1.0
Asharee,1.0
Ashari,1.0
Asharia,1.0
Ashariah,1.0
Ashi,1.0
Ashia,1.0
Ashiah,1.0
Ashliy,1.0
Ashleylynn,1.0
Ashleymae,1.0
Ashleymarie,1.0
Ashleyn,1.0
Ashleynicole,1.0
Ashleyrae,1.0
Ashleyrose,1.0
Ashli,1.0
Ashliegh,1.0
Ashlii,1.0
Ashling,1.0
Ashlinn,1.0
Ashlley,1.0
Ashleyelizabeth,1.0
Ashlly,1.0
Ashlye,1.0
Ashlynd,1.0
Ashlyne,1.0
Ashlynne,1.0
Ashmeet,1.0
Ashmi,1.0
Ashmita,1.0
Ashna,1.0
Ashney,1.0
Ashni,1.0
Ashnoor,1.0
Ashleykate,1.0
Ashleyanne,1.0
Ashiana,1.0
Ashka,1.0
Ashianna,1.0
Ashika,1.0
Ashilee,1.0
Ashiley,1.0
Ashima,1.0
Ashini,1.0
Ashira,1.0
Ashirah,1.0
Ashita,1.0
Ashiya,1.0
Ashiyah,1.0
Ashja,1.0
Ashla,1.0
Ashleyann,1.0
Ashlae,1.0
Ashlay,1.0
Ashle,1.0
Ashlea,1.0
Ashleah,1.0
Ashleeann,1.0
Ashleen,1.0
Ashleey,1.0
Ashleh,1.0
Ashlei,1.0
Ashlely,1.0
Ashlesha,1.0
Astride,1.0
Astry,1.0
Audreya,1.0
Atsuko,1.0
Aubreeanna,1.0
Aubreella,1.0
Aubreelynn,1.0
Aubreerose,1.0
Aubreey,1.0
Aubrei,1.0
Aubreigh,1.0
Aubrelle,1.0
Aubreona,1.0
Aubreonna,1.0
Aubreyana,1.0
Aubreyann,1.0
Aubreyanna,1.0
Aubreyella,1.0
Aubreyelle,1.0
Aubreyjo,1.0
Aubreylynn,1.0
Aubreyona,1.0
Aubreyonna,1.0
Aubreyrose,1.0
Aubria,1.0
Aubriahna,1.0
Aubriana,1.0
Aubrianah,1.0
Aubriann,1.0
Aubrianna,1.0
Aubriannah,1.0
Aubreeann,1.0
Aubreeana,1.0
Aubreauna,1.0
Atyana,1.0
Attalia,1.0
Attalie,1.0
Attallah,1.0
Attia,1.0
Attiana,1.0
Attica,1.0
Attie,1.0
Attison,1.0
Attiya,1.0
Attiyya,1.0
Attlee,1.0
Attoria,1.0
Atyanna,1.0
Aubreanna,1.0
Atyia,1.0
Atzari,1.0
Atzhiri,1.0
Atzhiry,1.0
Atzi,1.0
Atzimba,1.0
Atziri,1.0
Atziry,1.0
Aubray,1.0
Aubrea,1.0
Aubreah,1.0
Aubreana,1.0
Aubrianne,1.0
Aubriauna,1.0
Aubriaunna,1.0
Audray,1.0
Audell,1.0
Audella,1.0
Audene,1.0
Audery,1.0
Audette,1.0
Audia,1.0
Audiana,1.0
Audianna,1.0
Audine,1.0
Audna,1.0
Audrae,1.0
Audranna,1.0
Audraya,1.0
Audelia,1.0
Audrea,1.0
Audreana,1.0
Audreanna,1.0
Audreauna,1.0
Audree,1.0
Audreena,1.0
Audrei,1.0
Audreigh,1.0
Audrena,1.0
Audrene,1.0
Audreona,1.0
Audresha,1.0
Audelina,1.0
Audee,1.0
Aubrie,1.0
Aubrina,1.0
Aubrieana,1.0
Aubrieanna,1.0
Aubriee,1.0
Aubriegh,1.0
Aubriel,1.0
Aubriela,1.0
Aubriell,1.0
Aubriella,1.0
Aubrielle,1.0
Aubrii,1.0
Aubrilyn,1.0
Aubrin,1.0
Aubriona,1.0
Audean,1.0
Aubrionna,1.0
Aubriyana,1.0
Aubryana,1.0
Aubryanna,1.0
Aubrye,1.0
Aubryella,1.0
Aubryelle,1.0
Aubryn,1.0
Aubrynn,1.0
Aubyn,1.0
Auda,1.0
Aude,1.0
Attache,1.0
Atrisa,1.0
Astryd,1.0
Atrina,1.0
Atara,1.0
Atarah,1.0
Atasha,1.0
Atasia,1.0
Atavia,1.0
Ataya,1.0
Atena,1.0
Atenas,1.0
Atenea,1.0
Atesha,1.0
Athala,1.0
Athalee,1.0
Athaleen,1.0
Athalene,1.0
Athaleyah,1.0
Athalia,1.0
Athaliah,1.0
Athalie,1.0
Athanasia,1.0
Athar,1.0
Athara,1.0
Athea,1.0
Atheana,1.0
Atheena,1.0
Atheer,1.0
Atheia,1.0
Athelene,1.0
Atanya,1.0
Atalya,1.0
Ataly,1.0
Asyana,1.0
Asu,1.0
Asucena,1.0
Asude,1.0
Asuka,1.0
Asul,1.0
Asuna,1.0
Asunta,1.0
Asusena,1.0
Asuzena,1.0
Asvi,1.0
Aswan,1.0
Asya,1.0
Asyia,1.0
Atalie,1.0
Asyra,1.0
Asyria,1.0
Aszia,1.0
Aszure,1.0
Ataja,1.0
Atalanta,1.0
Atalaya,1.0
Atalee,1.0
Ataleigh,1.0
Atali,1.0
Atalia,1.0
Ataliah,1.0
Athelia,1.0
Atheline,1.0
Athena,1.0
Atlanta,1.0
Atira,1.0
Atisha,1.0
Ativa,1.0
Atiya,1.0
Atiyah,1.0
Atiyana,1.0
Atiyanna,1.0
Atiye,1.0
Atiyya,1.0
Atiyyah,1.0
Atla,1.0
Atlanna,1.0
Atlean,1.0
Atina,1.0
Atleigh,1.0
Atlie,1.0
Atline,1.0
Atoli,1.0
Atong,1.0
Atonia,1.0
Atonya,1.0
Atoria,1.0
Atosha,1.0
Atoya,1.0
Atrice,1.0
Atricia,1.0
Atinuke,1.0
Atika,1.0
Athenah,1.0
Athlee,1.0
Athenamarie,1.0
Athenarose,1.0
Athenas,1.0
Athene,1.0
Athenea,1.0
Athenia,1.0
Athenna,1.0
Atherine,1.0
Athie,1.0
Athieng,1.0
Athina,1.0
Athira,1.0
Athleen,1.0
Atifa,1.0
Athlene,1.0
Athlyn,1.0
Athryn,1.0
Athulya,1.0
Athylene,1.0
Athyna,1.0
Athziri,1.0
Athziry,1.0
Atia,1.0
Atiana,1.0
Atianna,1.0
Atie,1.0
Ayane,1.0
Ayani,1.0
Ashalina,1.0
Batsheva,1.0
Beasia,1.0
Beata,1.0
Beate,1.0
Beatha,1.0
Beather,1.0
Beathrice,1.0
Beatric,1.0
Beatrica,1.0
Beatris,1.0
Beatrix,1.0
Beatrize,1.0
Beatryce,1.0
Beatta,1.0
Beaula,1.0
Beaulah,1.0
Beauti,1.0
Beautiful,1.0
Beautifull,1.0
Beautii,1.0
Beauton,1.0
Beautrice,1.0
Beauty,1.0
Beautyful,1.0
Bebe,1.0
Beca,1.0
Becca,1.0
Becci,1.0
Bearnice,1.0
Beaonca,1.0
Beanna,1.0
Bayleen,1.0
Batula,1.0
Batya,1.0
Baudelia,1.0
Bavan,1.0
Baxlee,1.0
Baya,1.0
Bayah,1.0
Baye,1.0
Bayla,1.0
Baylaa,1.0
Baylah,1.0
Baylea,1.0
Baylei,1.0
Beaney,1.0
Bayleigh,1.0
Bayli,1.0
Bayliegh,1.0
Baylinn,1.0
Baylyn,1.0
Baylynn,1.0
Bayoleth,1.0
Bayyinah,1.0
Bea,1.0
Beadie,1.0
Beah,1.0
Beanca,1.0
Becka,1.0
Beckah,1.0
Beckey,1.0
Belissa,1.0
Belah,1.0
Belana,1.0
Belanna,1.0
Belany,1.0
Belem,1.0
Belenda,1.0
Beleta,1.0
Belgica,1.0
Belia,1.0
Belicia,1.0
Belina,1.0
Belisa,1.0
Belita,1.0
Bekka,1.0
Beliz,1.0
Belize,1.0
Belkis,1.0
Belky,1.0
Belkys,1.0
Bellaann,1.0
Belladonna,1.0
Bellagrace,1.0
Bellah,1.0
Bellaluna,1.0
Bellalynn,1.0
Bellamae,1.0
Bekki,1.0
Beki,1.0
Becki,1.0
Beenish,1.0
Beckie,1.0
Becklee,1.0
Becklyn,1.0
Becklynn,1.0
Beda,1.0
Bedar,1.0
Beddie,1.0
Bedelia,1.0
Bedell,1.0
Bedie,1.0
Beedie,1.0
Beena,1.0
Beesan,1.0
Bekah,1.0
Beeta,1.0
Begum,1.0
Behati,1.0
Behtzy,1.0
Beia,1.0
Beige,1.0
Beighley,1.0
Beija,1.0
Beila,1.0
Beily,1.0
Beimnet,1.0
Beira,1.0
Batul,1.0
Batrina,1.0
Bellamay,1.0
Batrice,1.0
Baneza,1.0
Bani,1.0
Bania,1.0
Banisha,1.0
Banita,1.0
Banna,1.0
Bannie,1.0
Bansari,1.0
Bansi,1.0
Bansri,1.0
Banu,1.0
Baotran,1.0
Baraah,1.0
Barabara,1.0
Barabra,1.0
Barakah,1.0
Barakat,1.0
Baranda,1.0
Barara,1.0
Barb,1.0
Barba,1.0
Barbaa,1.0
Barbar,1.0
Barbaraa,1.0
Barbaraann,1.0
Barbaraanne,1.0
Barbarajean,1.0
Banessa,1.0
Banesa,1.0
Banelly,1.0
Balqees,1.0
Balbina,1.0
Balee,1.0
Baleigh,1.0
Balenci,1.0
Balencia,1.0
Baleria,1.0
Balery,1.0
Balie,1.0
Baliegh,1.0
Balinda,1.0
Ballarie,1.0
Balon,1.0
Balqis,1.0
Baneen,1.0
Balsam,1.0
Balvina,1.0
Balynda,1.0
Bama,1.0
Bambi,1.0
Bambie,1.0
Bambina,1.0
Bamby,1.0
Bamma,1.0
Bana,1.0
Banah,1.0
Bandi,1.0
Barbarajo,1.0
Barbaralee,1.0
Barbarann,1.0
Basiliki,1.0
Bartha,1.0
Bartie,1.0
Bartola,1.0
Bas,1.0
Baseemah,1.0
Basha,1.0
Basheba,1.0
Bashira,1.0
Bashirah,1.0
Bashy,1.0
Basia,1.0
Basilia,1.0
Basilisa,1.0
Barsha,1.0
Basimah,1.0
Basma,1.0
Basmah,1.0
Basra,1.0
Bassheva,1.0
Bassy,1.0
Basya,1.0
Batel,1.0
Bathsheba,1.0
Batina,1.0
Batool,1.0
Batoul,1.0
Barta,1.0
Barnette,1.0
Barbaranne,1.0
Barbie,1.0
Barbarba,1.0
Barbare,1.0
Barbarella,1.0
Barbarette,1.0
Barbarita,1.0
Barbe,1.0
Barbee,1.0
Barbera,1.0
Barbett,1.0
Barbetta,1.0
Barbette,1.0
Barbi,1.0
Barbora,1.0
Barnetta,1.0
Barbra,1.0
Barbro,1.0
Barby,1.0
Bardara,1.0
Bardot,1.0
Bareen,1.0
Bareera,1.0
Bareerah,1.0
Bariah,1.0
Barika,1.0
Barisha,1.0
Barkat,1.0
Bellamarie,1.0
Bellamee,1.0
Baja,1.0
Bernadean,1.0
Berneta,1.0
Bernetha,1.0
Bernetta,1.0
Bernette,1.0
Berni,1.0
Bernia,1.0
Bernicia,1.0
Bernida,1.0
Berniece,1.0
Bernina,1.0
Bernise,1.0
Bernisha,1.0
Bernistine,1.0
Bernita,1.0
Bernitha,1.0
Bernitta,1.0
Berniya,1.0
Bernnadette,1.0
Bernyce,1.0
Beronica,1.0
Berra,1.0
Berri,1.0
Berrie,1.0
Berta,1.0
Berte,1.0
Berteal,1.0
Bertella,1.0
Bernestine,1.0
Bernessia,1.0
Bernessa,1.0
Bernardita,1.0
Bernadene,1.0
Bernadet,1.0
Bernadett,1.0
Bernadetta,1.0
Bernadina,1.0
Bernadine,1.0
Bernadyne,1.0
Bernalee,1.0
Bernarda,1.0
Bernardette,1.0
Bernardina,1.0
Bernardine,1.0
Bernasia,1.0
Bernesha,1.0
Bernay,1.0
Bernda,1.0
Bernece,1.0
Berneda,1.0
Bernedette,1.0
Berneice,1.0
Berneil,1.0
Berneita,1.0
Bernelda,1.0
Bernella,1.0
Bernelle,1.0
Bernese,1.0
Bertelle,1.0
Bertena,1.0
Berth,1.0
Bethanny,1.0
Betha,1.0
Bethal,1.0
Bethan,1.0
Bethanee,1.0
Bethaney,1.0
Bethani,1.0
Bethania,1.0
Bethanie,1.0
Bethann,1.0
Bethanne,1.0
Bethanni,1.0
Bethannie,1.0
Bethanya,1.0
Betanya,1.0
Bethanye,1.0
Bethe,1.0
Bethea,1.0
Bethellen,1.0
Bethena,1.0
Bethene,1.0
Bethenia,1.0
Bethenny,1.0
Betheny,1.0
Bethesda,1.0
Bethia,1.0
Bethie,1.0
Betel,1.0
Betania,1.0
Berthalee,1.0
Bertille,1.0
Berthamae,1.0
Berthe,1.0
Berthella,1.0
Berthena,1.0
Berthenia,1.0
Berther,1.0
Berthia,1.0
Berthina,1.0
Berthine,1.0
Bertia,1.0
Bertile,1.0
Bertilla,1.0
Bertina,1.0
Beta,1.0
Bertine,1.0
Bertrice,1.0
Besa,1.0
Besan,1.0
Besiana,1.0
Besma,1.0
Bessan,1.0
Besse,1.0
Bessiemae,1.0
Bessy,1.0
Bessye,1.0
Besty,1.0
Bernadeen,1.0
Bernace,1.0
Bellamia,1.0
Berna,1.0
Belynda,1.0
Belzora,1.0
Bena,1.0
Benae,1.0
Benancia,1.0
Benay,1.0
Benda,1.0
Bendetta,1.0
Bene,1.0
Benecia,1.0
Benedetta,1.0
Benedicta,1.0
Benedicte,1.0
Benee,1.0
Benesha,1.0
Benessa,1.0
Beneta,1.0
Benetta,1.0
Benette,1.0
Beneva,1.0
Benica,1.0
Benicia,1.0
Benigna,1.0
Benika,1.0
Benilda,1.0
Benilde,1.0
Benina,1.0
Belvie,1.0
Belvia,1.0
Belverly,1.0
Bellezza,1.0
Bellani,1.0
Bellanie,1.0
Bellanira,1.0
Bellanova,1.0
Bellany,1.0
Bellarae,1.0
Bellarosa,1.0
Bellarose,1.0
Bellasophia,1.0
Bellatrix,1.0
Belle,1.0
Bellen,1.0
Bellicia,1.0
Belva,1.0
Bellina,1.0
Bellinda,1.0
Bellissa,1.0
Bellissima,1.0
Belma,1.0
Belmaris,1.0
Belmeda,1.0
Belmira,1.0
Belon,1.0
Beloved,1.0
Belsy,1.0
Belua,1.0
Benisha,1.0
Benita,1.0
Benna,1.0
Berkely,1.0
Bereniz,1.0
Berenize,1.0
Beret,1.0
Beretta,1.0
Bergan,1.0
Bergetta,1.0
Bergin,1.0
Beri,1.0
Berina,1.0
Berinda,1.0
Berit,1.0
Berita,1.0
Berkleigh,1.0
Berenise,1.0
Berkli,1.0
Berklie,1.0
Berkly,1.0
Berklynn,1.0
Berla,1.0
Berlena,1.0
Berlene,1.0
Berlina,1.0
Berlinda,1.0
Berline,1.0
Berlynn,1.0
Berma,1.0
Berenisse,1.0
Berenis,1.0
Benne,1.0
Berania,1.0
Bennetta,1.0
Bennita,1.0
Bennye,1.0
Bente,1.0
Bentlea,1.0
Benvinda,1.0
Beola,1.0
Beonca,1.0
Beonce,1.0
Beonica,1.0
Beonka,1.0
Beranda,1.0
Berchie,1.0
Berenda,1.0
Berda,1.0
Berdean,1.0
Berdeen,1.0
Berdella,1.0
Berdena,1.0
Berdene,1.0
Berdia,1.0
Berdie,1.0
Berdina,1.0
Berdine,1.0
Berdyne,1.0
Berea,1.0
Bakhita,1.0
Baiya,1.0
Ayania,1.0
Ayme,1.0
Ayrah,1.0
Ayram,1.0
Ayrareddy,1.0
Ayreana,1.0
Ayreanna,1.0
Ayreona,1.0
Ayreonna,1.0
Ayress,1.0
Ayria,1.0
Ayriah,1.0
Ayrial,1.0
Ayriana,1.0
Ayrianna,1.0
Ayriauna,1.0
Ayrica,1.0
Ayrie,1.0
Ayriel,1.0
Ayrihanna,1.0
Ayrika,1.0
Ayrin,1.0
Ayrionna,1.0
Ayse,1.0
Aysel,1.0
Aysenur,1.0
Aysha,1.0
Ayshah,1.0
Ayshe,1.0
Ayrabella,1.0
Ayraa,1.0
Ayra,1.0
Aynsleigh,1.0
Aymelia,1.0
Aymie,1.0
Ayn,1.0
Ayna,1.0
Aynara,1.0
Aynaz,1.0
Ayneka,1.0
Ayni,1.0
Aynia,1.0
Ayniah,1.0
Aynoor,1.0
Aynslee,1.0
Aynsley,1.0
Ayori,1.0
Aynslie,1.0
Aynur,1.0
Ayofemi,1.0
Ayoka,1.0
Ayoki,1.0
Ayomi,1.0
Ayona,1.0
Ayonah,1.0
Ayondela,1.0
Ayoni,1.0
Ayonna,1.0
Ayonni,1.0
Ayshia,1.0
Aysia,1.0
Aysiah,1.0
Azaelea,1.0
Ayzah,1.0
Ayzal,1.0
Ayzaria,1.0
Ayzel,1.0
Ayzha,1.0
Ayzia,1.0
Ayzlee,1.0
Ayzlin,1.0
Ayzlyn,1.0
Ayzlynn,1.0
Azadeh,1.0
Azaela,1.0
Azaelia,1.0
Ayvrie,1.0
Azah,1.0
Azahara,1.0
Azahni,1.0
Azahra,1.0
Azahri,1.0
Azahria,1.0
Azaia,1.0
Azaila,1.0
Azailah,1.0
Azailea,1.0
Azailia,1.0
Azailya,1.0
Ayza,1.0
Ayvri,1.0
Ayslee,1.0
Ayunna,1.0
Ayslin,1.0
Ayslinn,1.0
Ayslyn,1.0
Ayssa,1.0
Aysu,1.0
Aytana,1.0
Aytanna,1.0
Ayten,1.0
Aythana,1.0
Ayu,1.0
Ayumi,1.0
Ayuna,1.0
Ayuri,1.0
Ayvree,1.0
Ayusha,1.0
Ayushi,1.0
Ayva,1.0
Ayvah,1.0
Ayvani,1.0
Ayvee,1.0
Ayveri,1.0
Ayverie,1.0
Ayvia,1.0
Ayviana,1.0
Ayvianna,1.0
Ayvie,1.0
Aymee,1.0
Aymara,1.0
Azairah,1.0
Ayma,1.0
Aydeliz,1.0
Aydenne,1.0
Aydia,1.0
Aydree,1.0
Aydria,1.0
Aydriana,1.0
Aydrianna,1.0
Aydrie,1.0
Aye,1.0
Ayea,1.0
Ayeasha,1.0
Ayeesha,1.0
Ayeh,1.0
Ayeisha,1.0
Ayela,1.0
Ayeleen,1.0
Ayelen,1.0
Ayelene,1.0
Ayelet,1.0
Ayeli,1.0
Ayelin,1.0
Ayella,1.0
Ayen,1.0
Ayerim,1.0
Ayesha,1.0
Ayeshah,1.0
Ayeshia,1.0
Aydelis,1.0
Aydelin,1.0
Aydee,1.0
Ayari,1.0
Ayaniah,1.0
Ayanna,1.0
Ayannah,1.0
Ayanne,1.0
Ayanni,1.0
Ayannia,1.0
Ayano,1.0
Ayansha,1.0
Ayanshi,1.0
Ayante,1.0
Ayantu,1.0
Ayara,1.0
Ayarie,1.0
Ayde,1.0
Ayasha,1.0
Ayasofia,1.0
Ayati,1.0
Ayatt,1.0
Ayauna,1.0
Aybree,1.0
Aybri,1.0
Aybrie,1.0
Ayda,1.0
Aydah,1.0
Aydali,1.0
Aydana,1.0
Ayeza,1.0
Ayia,1.0
Ayiana,1.0
Aylianna,1.0
Ayleigh,1.0
Aylena,1.0
Aylene,1.0
Aylenne,1.0
Aylet,1.0
Ayleth,1.0
Aylette,1.0
Ayli,1.0
Aylia,1.0
Ayliah,1.0
Ayliana,1.0
Ayliani,1.0
Aylie,1.0
Ayleena,1.0
Aylina,1.0
Ayline,1.0
Ayling,1.0
Aylinn,1.0
Aylinne,1.0
Aylish,1.0
Aylisha,1.0
Aylissa,1.0
Aylla,1.0
Aylssa,1.0
Aylyn,1.0
Aylynn,1.0
Ayleene,1.0
Ayleen,1.0
Ayianna,1.0
Aylana,1.0
Ayida,1.0
Ayira,1.0
Ayisha,1.0
Ayishah,1.0
Ayja,1.0
Ayjah,1.0
Aykiz,1.0
Ayla,1.0
Aylaa,1.0
Aylah,1.0
Aylahni,1.0
Aylamae,1.0
Aylani,1.0
Aylee,1.0
Aylanie,1.0
Aylanii,1.0
Aylanis,1.0
Aylanna,1.0
Aylanni,1.0
Aylannie,1.0
Aylanny,1.0
Aylany,1.0
Aylarae,1.0
Aylarose,1.0
Ayleah,1.0
Ayled,1.0
Azaira,1.0
Azaireyah,1.0
Baisley,1.0
Azley,1.0
Azula,1.0
Azumi,1.0
Azura,1.0
Azurae,1.0
Azurah,1.0
Azurdee,1.0
Azuredee,1.0
Azuree,1.0
Azuria,1.0
Azurie,1.0
Azurii,1.0
Azurra,1.0
Azury,1.0
Azusa,1.0
Azusena,1.0
Azuzena,1.0
Azwa,1.0
Azya,1.0
Azyah,1.0
Azyia,1.0
Azyiah,1.0
Azyla,1.0
Azylah,1.0
Azyra,1.0
Azyrah,1.0
Azyria,1.0
Azyriah,1.0
Azucena,1.0
Azu,1.0
Azteca,1.0
Azoriah,1.0
Azlina,1.0
Azly,1.0
Azlyn,1.0
Azlynn,1.0
Azlynne,1.0
Azmariah,1.0
Azmina,1.0
Azoni,1.0
Azora,1.0
Azorah,1.0
Azori,1.0
Azoria,1.0
Azorie,1.0
Azsha,1.0
Azoura,1.0
Azouri,1.0
Azraella,1.0
Azraelle,1.0
Azrah,1.0
Azria,1.0
Azriela,1.0
Azriella,1.0
Azrielle,1.0
Azrin,1.0
Azryah,1.0
Azsa,1.0
Azza,1.0
Azzahra,1.0
Azzareya,1.0
Baileyann,1.0
Bahiyah,1.0
Bahiyyah,1.0
Bahja,1.0
Baia,1.0
Baiba,1.0
Baila,1.0
Bailani,1.0
Bailasan,1.0
Baile,1.0
Bailea,1.0
Bailei,1.0
Baileigh,1.0
Baileyrae,1.0
Bahia,1.0
Baili,1.0
Bailie,1.0
Bailiegh,1.0
Baille,1.0
Baillee,1.0
Bailley,1.0
Baillie,1.0
Bailly,1.0
Bailye,1.0
Bailynn,1.0
Baisha,1.0
Baislee,1.0
Bahiya,1.0
Baheerah,1.0
Azzaria,1.0
Babita,1.0
Azzariah,1.0
Azzura,1.0
Azzurra,1.0
Baani,1.0
Babara,1.0
Babbett,1.0
Babbette,1.0
Babbi,1.0
Babbie,1.0
Babby,1.0
Babetta,1.0
Babie,1.0
Babs,1.0
Baheejah,1.0
Bacilia,1.0
Badia,1.0
Baela,1.0
Baelee,1.0
Baeleigh,1.0
Baeley,1.0
Baeli,1.0
Baelie,1.0
Baelynn,1.0
Bah,1.0
Bahar,1.0
Bahareh,1.0
Azlin,1.0
Azleigh,1.0
Azaiya,1.0
Azlee,1.0
Azania,1.0
Azanii,1.0
Azara,1.0
Azarae,1.0
Azarah,1.0
Azaraya,1.0
Azarea,1.0
Azareah,1.0
Azaree,1.0
Azareeyah,1.0
Azareth,1.0
Azareya,1.0
Azareyah,1.0
Azariana,1.0
Azariea,1.0
Azariella,1.0
Azarii,1.0
Azarria,1.0
Azarriah,1.0
Azary,1.0
Azaryia,1.0
Azayla,1.0
Azaylah,1.0
Azaylea,1.0
Azayleah,1.0
Azaylee,1.0
Azaylia,1.0
Azaneth,1.0
Azanae,1.0
Azana,1.0
Azaley,1.0
Azal,1.0
Azala,1.0
Azalaya,1.0
Azalayah,1.0
Azalea,1.0
Azaleah,1.0
Azalee,1.0
Azalei,1.0
Azaleia,1.0
Azaleigh,1.0
Azaleigha,1.0
Azalene,1.0
Azaleya,1.0
Azami,1.0
Azaleyah,1.0
Azalia,1.0
Azaliah,1.0
Azalie,1.0
Azalina,1.0
Azaline,1.0
Azaliya,1.0
Azaliyah,1.0
Azalya,1.0
Azalyah,1.0
Azalyn,1.0
Azalynn,1.0
Azayliah,1.0
Azaylie,1.0
Azealia,1.0
Azilynn,1.0
Azharia,1.0
Azhia,1.0
Azhuri,1.0
Azhyra,1.0
Azia,1.0
Aziana,1.0
Azianna,1.0
Azilah,1.0
Azilda,1.0
Azile,1.0
Azilee,1.0
Azilyn,1.0
Azina,1.0
Azhani,1.0
Azira,1.0
Azirah,1.0
Aziria,1.0
Aziriah,1.0
Azita,1.0
Aziya,1.0
Aziylah,1.0
Aziza,1.0
Azizah,1.0
Azja,1.0
Azjah,1.0
Azka,1.0
Azhara,1.0
Azhane,1.0
Azeema,1.0
Azella,1.0
Azeemah,1.0
Azeen,1.0
Azeena,1.0
Azeeza,1.0
Azeira,1.0
Azela,1.0
Azelea,1.0
Azelene,1.0
Azelia,1.0
Azeliah,1.0
Azelie,1.0
Azelin,1.0
Azelle,1.0
Azhanae,1.0
Azelya,1.0
Azelyn,1.0
Azelynn,1.0
Azema,1.0
Azena,1.0
Azenet,1.0
Azeneth,1.0
Azera,1.0
Azeri,1.0
Azeria,1.0
Azha,1.0
Azhaar,1.0
Ashalyn,1.0
Ashaley,1.0
Andreonna,1.0
Annea,1.0
Annely,1.0
Annelyn,1.0
Annelynn,1.0
Annelys,1.0
Annelyse,1.0
Annemargaret,1.0
Annemari,1.0
Annemarie,1.0
Annemary,1.0
Annesa,1.0
Annese,1.0
Annesha,1.0
Anneshia,1.0
Annesia,1.0
Annesley,1.0
Annesophie,1.0
Annessa,1.0
Annessia,1.0
Annet,1.0
Anneta,1.0
Annete,1.0
Anneth,1.0
Annetha,1.0
Annetra,1.0
Annett,1.0
Annetta,1.0
Annettee,1.0
Annelouise,1.0
Annelle,1.0
Annella,1.0
Anneleise,1.0
Annebelle,1.0
Annecia,1.0
Annecy,1.0
Annee,1.0
Anneelise,1.0
Anneelizabeth,1.0
Anneice,1.0
Anneisha,1.0
Anneka,1.0
Anneke,1.0
Annel,1.0
Annelee,1.0
Anneli,1.0
Annell,1.0
Annelia,1.0
Annelie,1.0
Annelies,1.0
Anneliesa,1.0
Anneliese,1.0
Anneliesse,1.0
Annelis,1.0
Annelisa,1.0
Annelise,1.0
Annelisse,1.0
Anneliz,1.0
Annelizabeth,1.0
Annettia,1.0
Annettie,1.0
Annexie,1.0
Annisten,1.0
Annilee,1.0
Annily,1.0
Annilyn,1.0
Annina,1.0
Anniqua,1.0
Annique,1.0
Annisa,1.0
Annise,1.0
Annisha,1.0
Annison,1.0
Annissa,1.0
Annissia,1.0
Annistin,1.0
Annikka,1.0
Anniston,1.0
Annisty,1.0
Annistyn,1.0
Annita,1.0
Annitra,1.0
Annitta,1.0
Annitte,1.0
Anniya,1.0
Anniyah,1.0
Annjane,1.0
Annjanette,1.0
Annjeanette,1.0
Annil,1.0
Annikah,1.0
Anney,1.0
Annick,1.0
Anngela,1.0
Anngelica,1.0
Anngelina,1.0
Anngie,1.0
Anni,1.0
Annia,1.0
Anniah,1.0
Annibella,1.0
Annibelle,1.0
Annica,1.0
Annice,1.0
Annicia,1.0
Annicka,1.0
Annika,1.0
Anniebell,1.0
Anniebelle,1.0
Anniece,1.0
Annielaurie,1.0
Annielee,1.0
Annielou,1.0
Anniemae,1.0
Anniemarie,1.0
Annieruth,1.0
Annies,1.0
Anniesha,1.0
Annifer,1.0
Annease,1.0
Anndria,1.0
Annlee,1.0
Anndrea,1.0
Annalesia,1.0
Annaley,1.0
Annaleya,1.0
Annali,1.0
Annalia,1.0
Annaliah,1.0
Annalice,1.0
Annalicia,1.0
Annalie,1.0
Annaliece,1.0
Annaliesa,1.0
Annaliese,1.0
Annaliesse,1.0
Annaliisa,1.0
Annalin,1.0
Annalina,1.0
Annaline,1.0
Annalis,1.0
Annalisa,1.0
Annalise,1.0
Annalisha,1.0
Annalisia,1.0
Annalissa,1.0
Annalisse,1.0
Annaliya,1.0
Annaliyah,1.0
Annaliz,1.0
Annalese,1.0
Annalene,1.0
Annalena,1.0
Annalaya,1.0
Annajo,1.0
Annajoy,1.0
Annajulia,1.0
Annaka,1.0
Annakaren,1.0
Annakat,1.0
Annakate,1.0
Annakatherine,1.0
Annakathryn,1.0
Annakay,1.0
Annakiya,1.0
Annalaura,1.0
Annalayah,1.0
Annaleise,1.0
Annalea,1.0
Annaleah,1.0
Annalease,1.0
Annalecia,1.0
Annalee,1.0
Annaleece,1.0
Annaleese,1.0
Annalei,1.0
Annaleia,1.0
Annaleigh,1.0
Annaleigha,1.0
Annaleisa,1.0
Annaliza,1.0
Annalize,1.0
Annalou,1.0
Annastasia,1.0
Annapaula,1.0
Annapurna,1.0
Annarae,1.0
Annarosa,1.0
Annarose,1.0
Annaruth,1.0
Annasha,1.0
Annasia,1.0
Annasofia,1.0
Annasophia,1.0
Annastacia,1.0
Annastashia,1.0
Annastassia,1.0
Annanicole,1.0
Annastazia,1.0
Annastin,1.0
Annaston,1.0
Annastyn,1.0
Annavictoria,1.0
Annay,1.0
Annaya,1.0
Annayah,1.0
Annayeli,1.0
Annazette,1.0
Anndee,1.0
Anndi,1.0
Annanya,1.0
Annamolly,1.0
Annalouise,1.0
Annalys,1.0
Annalucia,1.0
Annaluisa,1.0
Annaluiza,1.0
Annaly,1.0
Annalya,1.0
Annalyah,1.0
Annalyce,1.0
Annalycia,1.0
Annalyn,1.0
Annalyne,1.0
Annalynn,1.0
Annalynne,1.0
Annalysa,1.0
Annamay,1.0
Annalyse,1.0
Annalysia,1.0
Annalyss,1.0
Annalyssa,1.0
Annalysse,1.0
Annalyssia,1.0
Annam,1.0
Annamae,1.0
Annamari,1.0
Annamaria,1.0
Annamarie,1.0
Annamary,1.0
Annjelica,1.0
Annleigh,1.0
Annajane,1.0
Antionette,1.0
Antoniette,1.0
Antonina,1.0
Antoninette,1.0
Antonique,1.0
Antonise,1.0
Antonisha,1.0
Antonita,1.0
Antonitte,1.0
Antoniya,1.0
Antoniyah,1.0
Antonnette,1.0
Antonnia,1.0
Antonya,1.0
Antoria,1.0
Antorria,1.0
Antoya,1.0
Antranette,1.0
Antrea,1.0
Antrese,1.0
Antria,1.0
Antrice,1.0
Antrina,1.0
Antronette,1.0
Antwanae,1.0
Antwanesha,1.0
Antwanett,1.0
Antwanette,1.0
Antonietta,1.0
Antonieta,1.0
Antonica,1.0
Antolina,1.0
Antiqua,1.0
Antisha,1.0
Antje,1.0
Antoinae,1.0
Antoinese,1.0
Antoinesha,1.0
Antoinet,1.0
Antoinett,1.0
Antoinetta,1.0
Antoiniece,1.0
Antoinique,1.0
Antoinnette,1.0
Antona,1.0
Antoniah,1.0
Antonae,1.0
Antonasia,1.0
Antonay,1.0
Antonea,1.0
Antoneisha,1.0
Antonela,1.0
Antonese,1.0
Antonesha,1.0
Antoneshia,1.0
Antonett,1.0
Antonetta,1.0
Antonette,1.0
Antwanique,1.0
Antwanisha,1.0
Antwinette,1.0
Anye,1.0
Anwen,1.0
Anwesha,1.0
Anwita,1.0
Anwitha,1.0
Anwyn,1.0
Any,1.0
Anya,1.0
Anyae,1.0
Anyah,1.0
Anyanka,1.0
Anyce,1.0
Anycia,1.0
Anyea,1.0
Anvitha,1.0
Anyela,1.0
Anyeli,1.0
Anyelin,1.0
Anyelina,1.0
Anyeline,1.0
Anyelis,1.0
Anyely,1.0
Anyfer,1.0
Anyha,1.0
Anyhia,1.0
Anyi,1.0
Anyia,1.0
Anwaar,1.0
Anvita,1.0
Antwoinette,1.0
Anureet,1.0
Antwonette,1.0
Anuhea,1.0
Anuhya,1.0
Anuja,1.0
Anujin,1.0
Anuli,1.0
Anum,1.0
Anuoluwapo,1.0
Anupama,1.0
Anupriya,1.0
Anura,1.0
Anuradha,1.0
Anuri,1.0
Anvisha,1.0
Anusha,1.0
Anushka,1.0
Anushree,1.0
Anushri,1.0
Anuska,1.0
Anusri,1.0
Anuva,1.0
Anvee,1.0
Anvesha,1.0
Anvi,1.0
Anvie,1.0
Anvika,1.0
Antionna,1.0
Antionetta,1.0
Annley,1.0
Antionett,1.0
Anola,1.0
Anona,1.0
Anonda,1.0
Anoosha,1.0
Anora,1.0
Anorah,1.0
Anorea,1.0
Anori,1.0
Anoria,1.0
Anosha,1.0
Anoud,1.0
Anouk,1.0
Anoush,1.0
Anousha,1.0
Anousheh,1.0
Anoushka,1.0
Anova,1.0
Anovah,1.0
Anovia,1.0
Anqi,1.0
Anquanette,1.0
Anquenette,1.0
Anquetta,1.0
Anquette,1.0
Anquinetta,1.0
Anquinette,1.0
Anqunette,1.0
Anokhi,1.0
Annzley,1.0
Annzlee,1.0
Annslie,1.0
Annlouise,1.0
Annlynn,1.0
Annmargaret,1.0
Annmari,1.0
Annmaria,1.0
Annmarie,1.0
Annmary,1.0
Annora,1.0
Annorah,1.0
Annslee,1.0
Annsleigh,1.0
Annsley,1.0
Anntionette,1.0
Annyston,1.0
Anntoinette,1.0
Anntonette,1.0
Annum,1.0
Annunciata,1.0
Annunziata,1.0
Anny,1.0
Annya,1.0
Annyah,1.0
Annye,1.0
Annyka,1.0
Annysa,1.0
Annyssa,1.0
Anran,1.0
Anrea,1.0
Ansa,1.0
Anthonela,1.0
Antasia,1.0
Antavia,1.0
Antaysia,1.0
Antea,1.0
Antenette,1.0
Anteria,1.0
Anterria,1.0
Antesha,1.0
Antha,1.0
Anthea,1.0
Antheia,1.0
Anthia,1.0
Anthonella,1.0
Antara,1.0
Anthonette,1.0
Anthonia,1.0
Anthonique,1.0
Anthoula,1.0
Antia,1.0
Antiana,1.0
Antianna,1.0
Antigone,1.0
Antina,1.0
Antinette,1.0
Antinique,1.0
Antinisha,1.0
Antashia,1.0
Antaniyah,1.0
Ansal,1.0
Anta,1.0
Anselma,1.0
Ansha,1.0
Anshi,1.0
Anshika,1.0
Anshita,1.0
Anslea,1.0
Anslee,1.0
Anslei,1.0
Ansleigh,1.0
Ansli,1.0
Anslie,1.0
Ansonia,1.0
Antaja,1.0
Antaniya,1.0
Antalya,1.0
Antanae,1.0
Antanasia,1.0
Antanay,1.0
Antanea,1.0
Antaneisha,1.0
Antanesha,1.0
Antanette,1.0
Antania,1.0
Antanika,1.0
Antanique,1.0
Antanisha,1.0
Annajean,1.0
Annajames,1.0
Anyieth,1.0
Aneysa,1.0
Angelenia,1.0
Angeleque,1.0
Angelese,1.0
Angeleta,1.0
Angelete,1.0
Angeletta,1.0
Angelette,1.0
Angeli,1.0
Angeliah,1.0
Angelian,1.0
Angeliana,1.0
Angelic,1.0
Angelicamae,1.0
Angelicamaria,1.0
Angelicamarie,1.0
Angelice,1.0
Angelicia,1.0
Angelick,1.0
Angelicque,1.0
Angelie,1.0
Angeliese,1.0
Angeligue,1.0
Angelik,1.0
Angelika,1.0
Angelike,1.0
Angeliki,1.0
Angelin,1.0
Angelene,1.0
Angelena,1.0
Angeleigh,1.0
Angelamae,1.0
Anezka,1.0
Anfa,1.0
Anfal,1.0
Anfisa,1.0
Anga,1.0
Angala,1.0
Angalee,1.0
Angalena,1.0
Angalina,1.0
Anganette,1.0
Angee,1.0
Angelah,1.0
Angelamaria,1.0
Angeleia,1.0
Angelamarie,1.0
Angelann,1.0
Angelar,1.0
Angele,1.0
Angelea,1.0
Angeleah,1.0
Angelean,1.0
Angeleana,1.0
Angeleca,1.0
Angelee,1.0
Angeleen,1.0
Angeleena,1.0
Angelinah,1.0
Angelinamarie,1.0
Angelinna,1.0
Angelyne,1.0
Angellyn,1.0
Angellyna,1.0
Angellynn,1.0
Angelmarie,1.0
Angelque,1.0
Angelrose,1.0
Angely,1.0
Angelyca,1.0
Angelyce,1.0
Angelyka,1.0
Angelyn,1.0
Angelyna,1.0
Angelynn,1.0
Angellique,1.0
Angelynna,1.0
Angelynne,1.0
Angelys,1.0
Angelyse,1.0
Angelyssa,1.0
Angelysse,1.0
Angenetta,1.0
Angenette,1.0
Angeni,1.0
Angenie,1.0
Angenique,1.0
Angenita,1.0
Angelly,1.0
Angelline,1.0
Angelinne,1.0
Angeliz,1.0
Angeliq,1.0
Angeliqu,1.0
Angeliqua,1.0
Angelisa,1.0
Angelise,1.0
Angelisha,1.0
Angelissa,1.0
Angelisse,1.0
Angelite,1.0
Angelith,1.0
Angeliya,1.0
Angeliyah,1.0
Angeliza,1.0
Angellina,1.0
Angelize,1.0
Angella,1.0
Angelle,1.0
Angellea,1.0
Angelleah,1.0
Angellee,1.0
Angelleigh,1.0
Angellena,1.0
Angelli,1.0
Angellia,1.0
Angellica,1.0
Angellie,1.0
Aneysha,1.0
Aneyla,1.0
Anggie,1.0
Aneyda,1.0
Aneah,1.0
Anease,1.0
Aneatra,1.0
Anecia,1.0
Aneda,1.0
Anedra,1.0
Anee,1.0
Aneea,1.0
Aneecia,1.0
Aneeka,1.0
Aneeksha,1.0
Aneela,1.0
Aneeqa,1.0
Aneesa,1.0
Aneesah,1.0
Aneesha,1.0
Aneesia,1.0
Aneeya,1.0
Aneeza,1.0
Anegla,1.0
Aneia,1.0
Aneicia,1.0
Aneida,1.0
Aneika,1.0
Aneila,1.0
Aneira,1.0
Aneisa,1.0
Anea,1.0
Ane,1.0
Andrya,1.0
Andriea,1.0
Andresha,1.0
Andressa,1.0
Andretta,1.0
Andreya,1.0
Andreyah,1.0
Andreyna,1.0
Andriah,1.0
Andriana,1.0
Andrianna,1.0
Andrianne,1.0
Andrica,1.0
Andricka,1.0
Andrieka,1.0
Andrra,1.0
Andrielle,1.0
Andriena,1.0
Andrienna,1.0
Andrienne,1.0
Andrietta,1.0
Andriette,1.0
Andrijana,1.0
Andrika,1.0
Andrina,1.0
Andrine,1.0
Andromeda,1.0
Androniki,1.0
Aneisha,1.0
Aneissa,1.0
Aneita,1.0
Aneta,1.0
Aneria,1.0
Aneris,1.0
Anesa,1.0
Anesha,1.0
Aneshia,1.0
Anesia,1.0
Aneska,1.0
Anessa,1.0
Anessah,1.0
Anessia,1.0
Anesty,1.0
Anet,1.0
Aneth,1.0
Aneres,1.0
Anetha,1.0
Anetia,1.0
Anetra,1.0
Anetria,1.0
Anett,1.0
Anetta,1.0
Anette,1.0
Aneva,1.0
Anevaeh,1.0
Anevay,1.0
Aneya,1.0
Aneyah,1.0
Aneri,1.0
Anemone,1.0
Aneitra,1.0
Anelis,1.0
Aneiya,1.0
Aneiyah,1.0
Aneka,1.0
Anela,1.0
Anelah,1.0
Anele,1.0
Aneles,1.0
Aneley,1.0
Aneli,1.0
Anelia,1.0
Anelie,1.0
Aneliese,1.0
Anelisa,1.0
Anelysse,1.0
Anelise,1.0
Anelisse,1.0
Aneliya,1.0
Aneliz,1.0
Anell,1.0
Anella,1.0
Anelle,1.0
Anellie,1.0
Anelly,1.0
Anely,1.0
Anelys,1.0
Anelyse,1.0
Anges,1.0
Anggy,1.0
Annaisha,1.0
Anitta,1.0
Anjanae,1.0
Anjanet,1.0
Anjanett,1.0
Anjanetta,1.0
Anjanette,1.0
Anjani,1.0
Anjanie,1.0
Anjanique,1.0
Anjannette,1.0
Anjeanette,1.0
Anjela,1.0
Anjelah,1.0
Anjeli,1.0
Anjelia,1.0
Anjelica,1.0
Anjelicia,1.0
Anjeliett,1.0
Anjelika,1.0
Anjelina,1.0
Anjelique,1.0
Anjelita,1.0
Anjellica,1.0
Anjely,1.0
Anjelyka,1.0
Anjelyn,1.0
Anjelyna,1.0
Anjenette,1.0
Anjana,1.0
Anjaly,1.0
Anjaliyah,1.0
Aniyjah,1.0
Aniva,1.0
Anivea,1.0
Anivia,1.0
Aniya,1.0
Aniyaha,1.0
Aniyahlee,1.0
Aniyan,1.0
Aniye,1.0
Aniyha,1.0
Aniyia,1.0
Aniyiah,1.0
Aniyja,1.0
Aniyla,1.0
Anjalina,1.0
Aniylah,1.0
Aniysa,1.0
Aniyyah,1.0
Aniza,1.0
Anja,1.0
Anjae,1.0
Anjail,1.0
Anjalee,1.0
Anjalena,1.0
Anjali,1.0
Anjalie,1.0
Anjalika,1.0
Anjennette,1.0
Anji,1.0
Anjie,1.0
Annaelle,1.0
Annabellee,1.0
Annabellelee,1.0
Annabeth,1.0
Annacarolina,1.0
Annacatherine,1.0
Annachristina,1.0
Annaclaire,1.0
Annaclara,1.0
Annadell,1.0
Annael,1.0
Annaelise,1.0
Annaelizabeth,1.0
Annagail,1.0
Annabella,1.0
Annagene,1.0
Annagrace,1.0
Annah,1.0
Annahbella,1.0
Annahi,1.0
Annahy,1.0
Annai,1.0
Annaiah,1.0
Annaie,1.0
Annaira,1.0
Annais,1.0
Annaise,1.0
Annabellah,1.0
Annabell,1.0
Anjli,1.0
Anka,1.0
Anjola,1.0
Anjolee,1.0
Anjolena,1.0
Anjoli,1.0
Anjolie,1.0
Anjolina,1.0
Anjolique,1.0
Anjonette,1.0
Anju,1.0
Anjuli,1.0
Anjulie,1.0
Anjum,1.0
Anke,1.0
Annabele,1.0
Ankita,1.0
Ankitha,1.0
Anleigh,1.0
Anley,1.0
Anlin,1.0
Anllely,1.0
Anlly,1.0
Anly,1.0
Anmarie,1.0
Annaalicia,1.0
Annabel,1.0
Annabela,1.0
Anitza,1.0
Anitrice,1.0
Angharad,1.0
Anitria,1.0
Anhthu,1.0
Ania,1.0
Aniah,1.0
Aniaha,1.0
Aniaya,1.0
Aniayah,1.0
Anibella,1.0
Anibelle,1.0
Anica,1.0
Anice,1.0
Aniceta,1.0
Anicia,1.0
Anicka,1.0
Anida,1.0
Anie,1.0
Aniece,1.0
Aniecia,1.0
Aniela,1.0
Anielka,1.0
Aniella,1.0
Anielle,1.0
Aniesa,1.0
Aniesha,1.0
Aniessa,1.0
Anieta,1.0
Anietra,1.0
Anieya,1.0
Anhelica,1.0
Anhar,1.0
Anha,1.0
Anglea,1.0
Angi,1.0
Angia,1.0
Angiela,1.0
Angielina,1.0
Angil,1.0
Angila,1.0
Angilee,1.0
Angilina,1.0
Angilique,1.0
Anginette,1.0
Angiolina,1.0
Angla,1.0
Anglee,1.0
Angyl,1.0
Angleica,1.0
Anglene,1.0
Angles,1.0
Anglia,1.0
Anglica,1.0
Anglie,1.0
Anglina,1.0
Angline,1.0
Anglique,1.0
Angula,1.0
Angy,1.0
Angye,1.0
Anieyah,1.0
Anifa,1.0
Anifer,1.0
Anissah,1.0
Anira,1.0
Anirah,1.0
Anisa,1.0
Anisah,1.0
Anise,1.0
Anisette,1.0
Anisha,1.0
Anishia,1.0
Anishka,1.0
Anisia,1.0
Anisley,1.0
Aniso,1.0
Anisse,1.0
Aniqua,1.0
Anissia,1.0
Anistasia,1.0
Anisten,1.0
Anistin,1.0
Anisty,1.0
Anistyn,1.0
Anistynn,1.0
Anite,1.0
Anitha,1.0
Anitia,1.0
Anitra,1.0
Anitrea,1.0
Anique,1.0
Aniqa,1.0
Aniha,1.0
Anike,1.0
Anihya,1.0
Aniiya,1.0
Aniiyah,1.0
Anij,1.0
Anija,1.0
Anijae,1.0
Anijah,1.0
Anijha,1.0
Anijia,1.0
Anika,1.0
Anikah,1.0
Anikareddy,1.0
Anikha,1.0
Anindita,1.0
Anikia,1.0
Anikka,1.0
Anikya,1.0
Anila,1.0
Anilah,1.0
Anilee,1.0
Anilu,1.0
Anilya,1.0
Anilyah,1.0
Anilyn,1.0
Anime,1.0
Anina,1.0
Anyiah,1.0
Anyila,1.0
Ashalee,1.0
Arlillian,1.0
Armauni,1.0
Armaya,1.0
Armeda,1.0
Armeena,1.0
Armelda,1.0
Armelia,1.0
Armelinda,1.0
Armella,1.0
Armelle,1.0
Armena,1.0
Armenda,1.0
Armenia,1.0
Armenta,1.0
Armentha,1.0
Armesha,1.0
Armeta,1.0
Armetha,1.0
Armetrice,1.0
Armetta,1.0
Armi,1.0
Armiah,1.0
Armida,1.0
Armilda,1.0
Armilla,1.0
Armina,1.0
Arminda,1.0
Armine,1.0
Armatha,1.0
Armanee,1.0
Armandina,1.0
Arloween,1.0
Arlinda,1.0
Arlisa,1.0
Arlisha,1.0
Arlissa,1.0
Arlita,1.0
Arliz,1.0
Arloa,1.0
Arloe,1.0
Arloene,1.0
Arloine,1.0
Arlonda,1.0
Arlone,1.0
Arlowene,1.0
Armande,1.0
Arlyce,1.0
Arlyle,1.0
Arlynda,1.0
Arlyne,1.0
Arlynes,1.0
Arlynne,1.0
Arlys,1.0
Arlyss,1.0
Arlyssa,1.0
Arma,1.0
Armana,1.0
Armanda,1.0
Arminta,1.0
Armintha,1.0
Armisha,1.0
Arniesha,1.0
Arnessa,1.0
Arneta,1.0
Arnetha,1.0
Arnetia,1.0
Arnetra,1.0
Arnetria,1.0
Arnetta,1.0
Arnettie,1.0
Arni,1.0
Arnica,1.0
Arnice,1.0
Arniece,1.0
Arnika,1.0
Arneshia,1.0
Arnise,1.0
Arnisha,1.0
Arnissa,1.0
Arnita,1.0
Arnitha,1.0
Arnitra,1.0
Arniya,1.0
Arniyah,1.0
Arnola,1.0
Aroara,1.0
Aroha,1.0
Arohi,1.0
Arnesia,1.0
Arnesha,1.0
Armita,1.0
Arnae,1.0
Armittie,1.0
Armiya,1.0
Armiyah,1.0
Armonei,1.0
Armoney,1.0
Armoniee,1.0
Armonnie,1.0
Army,1.0
Armya,1.0
Armyah,1.0
Arna,1.0
Arnaaz,1.0
Arnasia,1.0
Arnelle,1.0
Arnavi,1.0
Arnecia,1.0
Arneda,1.0
Arnedra,1.0
Arnee,1.0
Arneice,1.0
Arneisha,1.0
Arneita,1.0
Arnela,1.0
Arnelda,1.0
Arnelia,1.0
Arnella,1.0
Arlina,1.0
Arliene,1.0
Aronda,1.0
Arlien,1.0
Ariyaa,1.0
Ariyaah,1.0
Ariyah,1.0
Ariyahna,1.0
Ariyal,1.0
Ariyana,1.0
Ariyanah,1.0
Ariyani,1.0
Ariyanna,1.0
Ariyannah,1.0
Ariyauna,1.0
Ariyel,1.0
Ariyella,1.0
Ariyelle,1.0
Ariyha,1.0
Ariyiah,1.0
Ariyona,1.0
Ariyonna,1.0
Ariyunna,1.0
Ariza,1.0
Arizbeth,1.0
Arizel,1.0
Arizonia,1.0
Arjana,1.0
Arjanae,1.0
Arjean,1.0
Arjeta,1.0
Ariunna,1.0
Aritzy,1.0
Aritzia,1.0
Arishfa,1.0
Arione,1.0
Arionna,1.0
Arionne,1.0
Arirose,1.0
Arisa,1.0
Arisai,1.0
Arisbel,1.0
Arisbet,1.0
Arisbeth,1.0
Arisdelsy,1.0
Arisela,1.0
Arisha,1.0
Arishka,1.0
Aritzi,1.0
Arisleidy,1.0
Arismel,1.0
Ariss,1.0
Arissa,1.0
Arista,1.0
Aristea,1.0
Aristella,1.0
Arit,1.0
Arita,1.0
Aritha,1.0
Aritza,1.0
Aritzel,1.0
Arjwan,1.0
Arkadia,1.0
Arkayla,1.0
Arletha,1.0
Arleni,1.0
Arlenis,1.0
Arlenne,1.0
Arlenny,1.0
Arleny,1.0
Arlenys,1.0
Arleon,1.0
Arlesa,1.0
Arlesha,1.0
Arlesia,1.0
Arleta,1.0
Arlete,1.0
Arlethe,1.0
Arlena,1.0
Arlethea,1.0
Arlether,1.0
Arlethia,1.0
Arlett,1.0
Arletta,1.0
Arlette,1.0
Arletth,1.0
Arlevia,1.0
Arli,1.0
Arlia,1.0
Arliana,1.0
Arlicia,1.0
Arlener,1.0
Arleine,1.0
Arkeba,1.0
Arlani,1.0
Arkeisha,1.0
Arkeria,1.0
Arkesha,1.0
Arkeshia,1.0
Arkia,1.0
Arkisha,1.0
Arkita,1.0
Arlaina,1.0
Arlaine,1.0
Arlana,1.0
Arlandria,1.0
Arlane,1.0
Arlayne,1.0
Arlein,1.0
Arlea,1.0
Arlean,1.0
Arleane,1.0
Arleaner,1.0
Arlease,1.0
Arleatha,1.0
Arlecia,1.0
Arleda,1.0
Arleena,1.0
Arleene,1.0
Arleeta,1.0
Arleht,1.0
Arolyn,1.0
Arooj,1.0
Ariona,1.0
Arvayah,1.0
Aryanne,1.0
Aryanni,1.0
Aryarose,1.0
Aryauna,1.0
Arybella,1.0
Aryela,1.0
Aryell,1.0
Aryella,1.0
Aryelle,1.0
Aryha,1.0
Aryhanna,1.0
Aryia,1.0
Aryiah,1.0
Aryiana,1.0
Aryianna,1.0
Aryiel,1.0
Aryka,1.0
Arykah,1.0
Aryla,1.0
Aryna,1.0
Arynn,1.0
Arynne,1.0
Aryona,1.0
Aryonna,1.0
Arysa,1.0
Aryss,1.0
Aryssa,1.0
Aryannah,1.0
Aryanna,1.0
Aryann,1.0
Arwen,1.0
Arveen,1.0
Arvella,1.0
Arvena,1.0
Arveta,1.0
Arvetta,1.0
Arvia,1.0
Arvika,1.0
Arvilla,1.0
Arvillia,1.0
Arvina,1.0
Arwa,1.0
Arwaa,1.0
Arwilda,1.0
Aryani,1.0
Arwilla,1.0
Arwynn,1.0
Aryaa,1.0
Aryabella,1.0
Aryadne,1.0
Aryah,1.0
Aryahi,1.0
Aryahna,1.0
Aryal,1.0
Aryana,1.0
Aryanah,1.0
Aryane,1.0
Arysta,1.0
Aryya,1.0
Aryzbeth,1.0
Asenath,1.0
Asata,1.0
Asauni,1.0
Asayo,1.0
Aschley,1.0
Ascia,1.0
Aseelah,1.0
Asees,1.0
Asel,1.0
Asela,1.0
Aselin,1.0
Asena,1.0
Asenat,1.0
Asenet,1.0
Asaria,1.0
Aseneth,1.0
Asenith,1.0
Aseret,1.0
Aset,1.0
Asfia,1.0
Asfiya,1.0
Ashadieeyah,1.0
Ashae,1.0
Ashaia,1.0
Ashaiya,1.0
Ashaki,1.0
Ashala,1.0
Asasha,1.0
Asari,1.0
Aryzona,1.0
Arzu,1.0
Arzelia,1.0
Arzella,1.0
Arzetta,1.0
Arzilla,1.0
Arzoe,1.0
Arzoey,1.0
Arzoi,1.0
Arzoie,1.0
Arzola,1.0
Arzona,1.0
Arzoo,1.0
Arzoyi,1.0
Asacia,1.0
Asantewaa,1.0
Asada,1.0
Asae,1.0
Asaiya,1.0
Asako,1.0
Asal,1.0
Asala,1.0
Asalah,1.0
Asalee,1.0
Asalia,1.0
Asami,1.0
Asana,1.0
Asanii,1.0
Arveda,1.0
Arvaeyah,1.0
Aroosa,1.0
Arvada,1.0
Arria,1.0
Arriah,1.0
Arriana,1.0
Arriane,1.0
Arrianna,1.0
Arriannah,1.0
Arrianne,1.0
Arrica,1.0
Arrieanna,1.0
Arriel,1.0
Arriell,1.0
Arriella,1.0
Arrielle,1.0
Arrietta,1.0
Arrietty,1.0
Arrihanna,1.0
Arrika,1.0
Arrilla,1.0
Arriona,1.0
Arrionna,1.0
Arrissa,1.0
Arriya,1.0
Arriyah,1.0
Arriyana,1.0
Arriyanah,1.0
Arriyanna,1.0
Arrowyn,1.0
Arretta,1.0
Arreonna,1.0
Arreona,1.0
Arpine,1.0
Arora,1.0
Arorah,1.0
Aroura,1.0
Aroush,1.0
Arowyn,1.0
Aroya,1.0
Aroyalty,1.0
Arpa,1.0
Arpana,1.0
Arpi,1.0
Arpie,1.0
Arpil,1.0
Arpita,1.0
Arrena,1.0
Arquilla,1.0
Arquita,1.0
Arra,1.0
Arrabella,1.0
Arrabelle,1.0
Arrah,1.0
Arraiyah,1.0
Arraya,1.0
Arrayah,1.0
Arreana,1.0
Arreanna,1.0
Arreis,1.0
Arrya,1.0
Arryana,1.0
Arryanna,1.0
Artra,1.0
Arthetta,1.0
Arthi,1.0
Arthuree,1.0
Arthurene,1.0
Arthurine,1.0
Artia,1.0
Artiana,1.0
Articia,1.0
Artimese,1.0
Artina,1.0
Artisha,1.0
Artishia,1.0
Artresha,1.0
Arthenia,1.0
Artrice,1.0
Artricia,1.0
Artrina,1.0
Artura,1.0
Aruba,1.0
Aruna,1.0
Arundhati,1.0
Arunima,1.0
Arusha,1.0
Arushi,1.0
Aruvi,1.0
Arva,1.0
Artherine,1.0
Arthena,1.0
Arryon,1.0
Artelia,1.0
Arryonna,1.0
Arsema,1.0
Arsenia,1.0
Arshanti,1.0
Arsheen,1.0
Arshi,1.0
Arshika,1.0
Arshiya,1.0
Arsie,1.0
Arsula,1.0
Artasia,1.0
Artavia,1.0
Artella,1.0
Arthemise,1.0
Artemia,1.0
Artemisa,1.0
Artemisia,1.0
Artena,1.0
Artensia,1.0
Arteria,1.0
Artesha,1.0
Artesia,1.0
Arthalia,1.0
Arthea,1.0
Arthelia,1.0
Arthella,1.0
Arionah,1.0
Arinya,1.0
Anyja,1.0
Arabelle,1.0
Araiyah,1.0
Araiza,1.0
Arale,1.0
Aralee,1.0
Arali,1.0
Aralia,1.0
Aralin,1.0
Aralis,1.0
Araly,1.0
Aralyn,1.0
Aralynn,1.0
Aralynne,1.0
Aramani,1.0
Aramay,1.0
Arame,1.0
Arami,1.0
Aramide,1.0
Aramie,1.0
Araminta,1.0
Aranda,1.0
Aranea,1.0
Araneli,1.0
Arani,1.0
Aransa,1.0
Arantxa,1.0
Arantza,1.0
Aranxa,1.0
Araiya,1.0
Arainna,1.0
Araina,1.0
Aradia,1.0
Arabian,1.0
Aracel,1.0
Aracele,1.0
Aracelia,1.0
Aracelie,1.0
Aracelis,1.0
Araceliz,1.0
Aracelli,1.0
Aracellie,1.0
Aracelly,1.0
Aracelys,1.0
Aradhana,1.0
Araea,1.0
Araiah,1.0
Araela,1.0
Araelyn,1.0
Araelynn,1.0
Araeya,1.0
Araeyah,1.0
Arafa,1.0
Aragsan,1.0
Arah,1.0
Arahbella,1.0
Arahi,1.0
Arai,1.0
Araia,1.0
Aranya,1.0
Aranza,1.0
Aranzazu,1.0
Archana,1.0
Arbri,1.0
Arbrianna,1.0
Arbrielle,1.0
Arbutis,1.0
Arbutus,1.0
Arcadia,1.0
Arcangela,1.0
Arceli,1.0
Arcelia,1.0
Arcella,1.0
Arcely,1.0
Arcenia,1.0
Archelle,1.0
Arbelle,1.0
Archisha,1.0
Archita,1.0
Architha,1.0
Arcilia,1.0
Arcola,1.0
Ardala,1.0
Ardalia,1.0
Ardeen,1.0
Ardele,1.0
Ardelia,1.0
Ardella,1.0
Ardelle,1.0
Arbra,1.0
Arbella,1.0
Arasele,1.0
Arayeli,1.0
Araseli,1.0
Arasely,1.0
Arashel,1.0
Arathi,1.0
Arati,1.0
Aravella,1.0
Aravis,1.0
Arawyn,1.0
Arax,1.0
Araxi,1.0
Arayah,1.0
Arayana,1.0
Arayia,1.0
Arbell,1.0
Arayiah,1.0
Arayla,1.0
Araylah,1.0
Araylee,1.0
Araylia,1.0
Arayna,1.0
Arazeli,1.0
Arbadella,1.0
Arbay,1.0
Arbedella,1.0
Arbel,1.0
Arbelia,1.0
Arabia,1.0
Arabellarose,1.0
Ardene,1.0
Arabellah,1.0
Anzlie,1.0
Aoibheann,1.0
Aoibhinn,1.0
Aoife,1.0
Aoki,1.0
Aolani,1.0
Aolanis,1.0
Aolany,1.0
Aomi,1.0
Aonani,1.0
Aonesti,1.0
Aonesty,1.0
Aonna,1.0
Aowyn,1.0
Aparajita,1.0
Aparna,1.0
Apasra,1.0
Aphelia,1.0
Aphia,1.0
Aphrodite,1.0
Aphton,1.0
Apiffany,1.0
Apiphany,1.0
Apirl,1.0
Apolina,1.0
Apolline,1.0
Apollonia,1.0
Anzley,1.0
Anzleigh,1.0
Anzlee,1.0
Anyria,1.0
Anyjah,1.0
Anyjha,1.0
Anyka,1.0
Anyla,1.0
Anylah,1.0
Anylee,1.0
Anylia,1.0
Anyliah,1.0
Anyra,1.0
Anyrah,1.0
Anyree,1.0
Anyri,1.0
Anyriah,1.0
Anzish,1.0
Anyrie,1.0
Anysa,1.0
Anysha,1.0
Anyshia,1.0
Anysia,1.0
Anyssa,1.0
Anyssia,1.0
Anyston,1.0
Anyya,1.0
Anza,1.0
Anzal,1.0
Anzie,1.0
Apolonia,1.0
Aponi,1.0
Apoorva,1.0
Aquia,1.0
Aquala,1.0
Aquanetta,1.0
Aquanette,1.0
Aquaria,1.0
Aquasha,1.0
Aquasia,1.0
Aquavia,1.0
Aqueela,1.0
Aqueelah,1.0
Aquera,1.0
Aquetzali,1.0
Aquetzalli,1.0
Aquiel,1.0
Aqua,1.0
Aquilah,1.0
Aquilina,1.0
Aquina,1.0
Aquinnah,1.0
Aquira,1.0
Aquisha,1.0
Aquita,1.0
Araba,1.0
Arabel,1.0
Arabela,1.0
Arabell,1.0
Arabella,1.0
Aquaisha,1.0
Aqsa,1.0
Apphia,1.0
Aprilann,1.0
Appie,1.0
Apple,1.0
Apples,1.0
Applonia,1.0
Appollonia,1.0
Appolonia,1.0
Aprecious,1.0
Aprel,1.0
Aprell,1.0
Apria,1.0
Apricity,1.0
Apriel,1.0
Aprile,1.0
Aqra,1.0
Aprilia,1.0
Apriljoy,1.0
Aprill,1.0
Aprille,1.0
Aprillynn,1.0
Aprilmarie,1.0
Apryl,1.0
Apryle,1.0
Apryll,1.0
Apsara,1.0
Aqila,1.0
Aqilah,1.0
Ardena,1.0
Ardenia,1.0
Arinola,1.0
Ariahnna,1.0
Ariayl,1.0
Ariba,1.0
Aribah,1.0
Aribel,1.0
Aribella,1.0
Aribelle,1.0
Aribeth,1.0
Arica,1.0
Aricca,1.0
Aricel,1.0
Aricela,1.0
Ariceli,1.0
Aricella,1.0
Aricely,1.0
Aricia,1.0
Aricka,1.0
Aridai,1.0
Ariday,1.0
Ariea,1.0
Arieah,1.0
Arieal,1.0
Arieana,1.0
Arieanna,1.0
Ariebella,1.0
Ariee,1.0
Ariela,1.0
Arielah,1.0
Ariayah,1.0
Ariaya,1.0
Ariaunna,1.0
Arianeth,1.0
Arial,1.0
Ariale,1.0
Arialle,1.0
Arialynn,1.0
Ariamae,1.0
Ariamarie,1.0
Arianah,1.0
Arianamarie,1.0
Arianda,1.0
Arianeli,1.0
Arianelly,1.0
Arianely,1.0
Ariani,1.0
Ariauna,1.0
Arianie,1.0
Arianis,1.0
Ariannah,1.0
Arianne,1.0
Arianni,1.0
Ariannie,1.0
Arianny,1.0
Ariannys,1.0
Ariany,1.0
Arianys,1.0
Ariarose,1.0
Ariatna,1.0
Ariele,1.0
Arieli,1.0
Arielis,1.0
Arilena,1.0
Ariia,1.0
Ariiana,1.0
Ariiyah,1.0
Arij,1.0
Arija,1.0
Arijah,1.0
Arijana,1.0
Arika,1.0
Arikah,1.0
Arikka,1.0
Aril,1.0
Arilee,1.0
Arilene,1.0
Arihanna,1.0
Arilla,1.0
Arillia,1.0
Arilyn,1.0
Arilynn,1.0
Arim,1.0
Arimentha,1.0
Arina,1.0
Arinas,1.0
Arinda,1.0
Arine,1.0
Arinn,1.0
Arinna,1.0
Arii,1.0
Arihana,1.0
Arieliz,1.0
Arienette,1.0
Ariellah,1.0
Arielli,1.0
Ariellie,1.0
Arielly,1.0
Ariellys,1.0
Arielmarie,1.0
Ariely,1.0
Arielyn,1.0
Arielys,1.0
Arielyz,1.0
Ariena,1.0
Ariene,1.0
Arienna,1.0
Ariha,1.0
Arienne,1.0
Arieona,1.0
Arieonna,1.0
Arieta,1.0
Arietta,1.0
Arietty,1.0
Arieya,1.0
Arieyah,1.0
Arieyana,1.0
Arieyanna,1.0
Arieyonna,1.0
Arifa,1.0
Ariajade,1.0
Ariahna,1.0
Ardes,1.0
Ariahlynn,1.0
Areesha,1.0
Areeya,1.0
Areia,1.0
Areial,1.0
Areiana,1.0
Areianna,1.0
Areigha,1.0
Areil,1.0
Areille,1.0
Areina,1.0
Areiona,1.0
Areionna,1.0
Areisy,1.0
Arela,1.0
Arelene,1.0
Arelia,1.0
Arelie,1.0
Arelin,1.0
Arelina,1.0
Arelis,1.0
Areliz,1.0
Arella,1.0
Arelle,1.0
Arelli,1.0
Arelly,1.0
Arellys,1.0
Arely,1.0
Areena,1.0
Areej,1.0
Areeg,1.0
Ardy,1.0
Ardeth,1.0
Ardia,1.0
Ardiana,1.0
Ardice,1.0
Ardilia,1.0
Ardina,1.0
Ardita,1.0
Ardonia,1.0
Ardoth,1.0
Ardra,1.0
Ardriana,1.0
Ardus,1.0
Ardyce,1.0
Areecia,1.0
Ardynn,1.0
Ardyth,1.0
Ardythe,1.0
Areah,1.0
Areal,1.0
Areana,1.0
Areanna,1.0
Areatha,1.0
Areather,1.0
Arebella,1.0
Areeba,1.0
Areebah,1.0
Arelyn,1.0
Arelys,1.0
Arelyz,1.0
Arhianna,1.0
Arfa,1.0
Argatha,1.0
Argelia,1.0
Argent,1.0
Argentina,1.0
Argentine,1.0
Argiro,1.0
Argyro,1.0
Arhaa,1.0
Arhareddy,1.0
Arhea,1.0
Arhiana,1.0
Arhonda,1.0
Areyonna,1.0
Ariaa,1.0
Ariabella,1.0
Ariadna,1.0
Ariadne,1.0
Ariadnna,1.0
Ariadnne,1.0
Ariadny,1.0
Ariael,1.0
Ariagna,1.0
Ariagrace,1.0
Ariaha,1.0
Ariahana,1.0
Arezo,1.0
Areyona,1.0
Aremi,1.0
Arether,1.0
Aremy,1.0
Arena,1.0
Arenda,1.0
Arene,1.0
Areni,1.0
Areona,1.0
Areonia,1.0
Areonna,1.0
Aresha,1.0
Areta,1.0
Aretha,1.0
Arethea,1.0
Arethia,1.0
Areyna,1.0
Areti,1.0
Aretina,1.0
Aretta,1.0
Aretzi,1.0
Aretzy,1.0
Arev,1.0
Arevik,1.0
Arey,1.0
Areya,1.0
Areyah,1.0
Areyana,1.0
Areyanna,1.0
Donneta,1.0
Deneva,1.0
Donnetta,1.0
Jashona,1.0
Jashawna,1.0
Jashay,1.0
Jashayla,1.0
Jashea,1.0
Jashelle,1.0
Jashia,1.0
Jashira,1.0
Jashiya,1.0
Jashiyah,1.0
Jashley,1.0
Jashly,1.0
Jashlyn,1.0
Jashonda,1.0
Jashara,1.0
Jashonna,1.0
Jashvi,1.0
Jashya,1.0
Jashyia,1.0
Jashyra,1.0
Jasiana,1.0
Jasianna,1.0
Jasibe,1.0
Jasicianna,1.0
Jasie,1.0
Jasielle,1.0
Jasilyn,1.0
Jashauna,1.0
Jashanti,1.0
Jasiman,1.0
Jaselin,1.0
Jasalin,1.0
Jasalyn,1.0
Jasalynn,1.0
Jasamine,1.0
Jasana,1.0
Jasandra,1.0
Jasara,1.0
Jasarah,1.0
Jasaya,1.0
Jasee,1.0
Jaseena,1.0
Jasel,1.0
Jasella,1.0
Jashante,1.0
Jaselle,1.0
Jaselyn,1.0
Jaselynn,1.0
Jasemine,1.0
Jasenia,1.0
Jasenya,1.0
Jasera,1.0
Jasha,1.0
Jashae,1.0
Jashala,1.0
Jashana,1.0
Jashanna,1.0
Jasilynn,1.0
Jasime,1.0
Jassel,1.0
Jasminne,1.0
Jasmene,1.0
Jasmere,1.0
Jasmia,1.0
Jasmie,1.0
Jasmien,1.0
Jasmijn,1.0
Jasmil,1.0
Jasmina,1.0
Jasminda,1.0
Jasminemarie,1.0
Jasminerose,1.0
Jasminn,1.0
Jasmire,1.0
Jasmeh,1.0
Jasmone,1.0
Jasmonique,1.0
Jasmyn,1.0
Jasmyne,1.0
Jasmynn,1.0
Jasmynne,1.0
Jasna,1.0
Jasneet,1.0
Jasona,1.0
Jasoni,1.0
Jasonna,1.0
Jasreen,1.0
Jasmely,1.0
Jasmeen,1.0
Jasimen,1.0
Jasley,1.0
Jasimine,1.0
Jasine,1.0
Jasira,1.0
Jasirah,1.0
Jaskiran,1.0
Jaslean,1.0
Jasleen,1.0
Jasleene,1.0
Jaslen,1.0
Jaslena,1.0
Jaslene,1.0
Jaslenne,1.0
Jaslin,1.0
Jasmary,1.0
Jasline,1.0
Jaslinn,1.0
Jasly,1.0
Jaslyn,1.0
Jaslyne,1.0
Jaslynn,1.0
Jaslynne,1.0
Jasma,1.0
Jasmain,1.0
Jasmane,1.0
Jasmari,1.0
Jasmarie,1.0
Jasabelle,1.0
Jasa,1.0
Jaryiah,1.0
Jaquilyn,1.0
Jaquelyn,1.0
Jaquelyne,1.0
Jaquelynn,1.0
Jaqueria,1.0
Jaquesha,1.0
Jaqueta,1.0
Jaquetta,1.0
Jaquette,1.0
Jaquia,1.0
Jaquice,1.0
Jaquila,1.0
Jaquilla,1.0
Jaquinta,1.0
Jaquella,1.0
Jaquira,1.0
Jaquisha,1.0
Jaquita,1.0
Jaquitta,1.0
Jaquline,1.0
Jaqulyn,1.0
Jaqulynn,1.0
Jaquoia,1.0
Jaquoya,1.0
Jara,1.0
Jaraya,1.0
Jarayah,1.0
Jaquelline,1.0
Jaquelinne,1.0
Jaryia,1.0
Jaquandra,1.0
Japneet,1.0
Japnoor,1.0
Japonica,1.0
Japria,1.0
Japrice,1.0
Jaqlyn,1.0
Jaquaisha,1.0
Jaquala,1.0
Jaqualine,1.0
Jaqualla,1.0
Jaquana,1.0
Jaquanda,1.0
Jaquanna,1.0
Jaquelinee,1.0
Jaquasha,1.0
Jaquashia,1.0
Jaquasia,1.0
Jaquata,1.0
Jaquavia,1.0
Jaquaya,1.0
Jaquayla,1.0
Jaqueisha,1.0
Jaquela,1.0
Jaquelene,1.0
Jaquelin,1.0
Jaquelina,1.0
Jardyn,1.0
Jareka,1.0
Jareli,1.0
Jaritzy,1.0
Jariely,1.0
Jarielys,1.0
Jarielyz,1.0
Jarika,1.0
Jarilyn,1.0
Jarina,1.0
Jarisa,1.0
Jarissa,1.0
Jarita,1.0
Jaritsa,1.0
Jaritza,1.0
Jaritzi,1.0
Jariya,1.0
Jarelin,1.0
Jarlene,1.0
Jarlin,1.0
Jarline,1.0
Jarlyn,1.0
Jarma,1.0
Jarmila,1.0
Jarnae,1.0
Jaronda,1.0
Jarriah,1.0
Jarrica,1.0
Jarya,1.0
Jaryah,1.0
Jarielle,1.0
Jarieliz,1.0
Jarielis,1.0
Jaricka,1.0
Jarelis,1.0
Jareliz,1.0
Jarelly,1.0
Jarely,1.0
Jarelyn,1.0
Jarelys,1.0
Jarena,1.0
Jareny,1.0
Jaresha,1.0
Jarethzy,1.0
Jaretsi,1.0
Jaretssi,1.0
Jaretssy,1.0
Jaretsy,1.0
Jaretta,1.0
Jaretzi,1.0
Jaretzy,1.0
Jarexi,1.0
Jarexy,1.0
Jarhia,1.0
Jarhonda,1.0
Jaria,1.0
Jariana,1.0
Jarianna,1.0
Jarica,1.0
Jasreet,1.0
Jasselle,1.0
Jayona,1.0
Jaylann,1.0
Jayiah,1.0
Jaylaa,1.0
Jaylaah,1.0
Jaylaan,1.0
Jaylah,1.0
Jaylahni,1.0
Jaylamarie,1.0
Jaylana,1.0
Jaylanee,1.0
Jaylanie,1.0
Jaylanii,1.0
Jaylanis,1.0
Jaylanna,1.0
Jayetta,1.0
Jaylanni,1.0
Jaylannie,1.0
Jaylany,1.0
Jaylarose,1.0
Jayle,1.0
Jaylea,1.0
Jayleah,1.0
Jaylean,1.0
Jayleana,1.0
Jayleanna,1.0
Jaylece,1.0
Jayleeana,1.0
Jayia,1.0
Jayelynn,1.0
Jayleene,1.0
Jaydamarie,1.0
Jayciana,1.0
Jaycii,1.0
Jayclynn,1.0
Jaydaa,1.0
Jaydah,1.0
Jaydalee,1.0
Jaydalin,1.0
Jaydalis,1.0
Jaydalise,1.0
Jaydaliz,1.0
Jaydalyn,1.0
Jaydalynn,1.0
Jaydann,1.0
Jayelyn,1.0
Jaydelin,1.0
Jaydeliz,1.0
Jaydelyn,1.0
Jaydelynn,1.0
Jaydi,1.0
Jaydia,1.0
Jaydie,1.0
Jaydy,1.0
Jayeda,1.0
Jayela,1.0
Jayella,1.0
Jayelle,1.0
Jayleena,1.0
Jaylei,1.0
Jassica,1.0
Jaynah,1.0
Jayly,1.0
Jaylynne,1.0
Jayma,1.0
Jaymarie,1.0
Jaymesha,1.0
Jaymiah,1.0
Jaymisha,1.0
Jaymiya,1.0
Jaymya,1.0
Jayn,1.0
Jayna,1.0
Jaynae,1.0
Jaynalis,1.0
Jaylnn,1.0
Jaynee,1.0
Jayneen,1.0
Jaynell,1.0
Jaynelle,1.0
Jaynesha,1.0
Jaynette,1.0
Jaynia,1.0
Jayniah,1.0
Jaynice,1.0
Jaynie,1.0
Jaynisha,1.0
Jayniyah,1.0
Jaylonni,1.0
Jayliz,1.0
Jayleigh,1.0
Jaylianna,1.0
Jaylena,1.0
Jaylenne,1.0
Jaylese,1.0
Jayley,1.0
Jayli,1.0
Jaylia,1.0
Jayliah,1.0
Jayliana,1.0
Jayliani,1.0
Jaylianie,1.0
Jaylianis,1.0
Jaylianiz,1.0
Jaylianni,1.0
Jayliyah,1.0
Jayliannie,1.0
Jayliany,1.0
Jaylicia,1.0
Jaylie,1.0
Jayliene,1.0
Jaylina,1.0
Jaylinne,1.0
Jaylis,1.0
Jaylisa,1.0
Jaylise,1.0
Jaylissa,1.0
Jaylisse,1.0
Jaycia,1.0
Jayci,1.0
Jaycey,1.0
Jatoya,1.0
Jaterra,1.0
Jaterria,1.0
Jaterrica,1.0
Jathziry,1.0
Jatia,1.0
Jatiana,1.0
Jatina,1.0
Jatisha,1.0
Jatiya,1.0
Jatonya,1.0
Jatoria,1.0
Jatorria,1.0
Jatyra,1.0
Jateria,1.0
Jatzibe,1.0
Jatziri,1.0
Jatziry,1.0
Jauna,1.0
Jaunell,1.0
Jauneta,1.0
Jaunice,1.0
Jaunie,1.0
Jaunita,1.0
Jaunna,1.0
Jauwana,1.0
Javaeh,1.0
Jaterica,1.0
Jataya,1.0
Jayceonna,1.0
Jasyia,1.0
Jassidy,1.0
Jassie,1.0
Jasslyn,1.0
Jasslynn,1.0
Jassmen,1.0
Jassmin,1.0
Jassmine,1.0
Jassmyn,1.0
Jastyn,1.0
Jaswiry,1.0
Jasy,1.0
Jasya,1.0
Jasyra,1.0
Jatavia,1.0
Jaszlyn,1.0
Jaszmin,1.0
Jaszmine,1.0
Jata,1.0
Jataiya,1.0
Jatana,1.0
Jatanna,1.0
Jatara,1.0
Jatasha,1.0
Jatasia,1.0
Jataun,1.0
Jatava,1.0
Javana,1.0
Javanna,1.0
Javannah,1.0
Jayanah,1.0
Jawanda,1.0
Jawanna,1.0
Jawhara,1.0
Jawonna,1.0
Jaxi,1.0
Jaxie,1.0
Jaxlyn,1.0
Jaxlynn,1.0
Jaxyla,1.0
Jayah,1.0
Jayahna,1.0
Jayana,1.0
Jayani,1.0
Javaria,1.0
Jayann,1.0
Jayanna,1.0
Jayannah,1.0
Jayanne,1.0
Jayanni,1.0
Jayanti,1.0
Jayauna,1.0
Jaybree,1.0
Jaycei,1.0
Jaycelyn,1.0
Jaycelynn,1.0
Jayceona,1.0
Jawana,1.0
Jawaher,1.0
Javonna,1.0
Javonia,1.0
Javaya,1.0
Javayah,1.0
Javea,1.0
Javeah,1.0
Javelin,1.0
Javelyn,1.0
Javene,1.0
Javeria,1.0
Javetta,1.0
Javette,1.0
Javeya,1.0
Javeyah,1.0
Javia,1.0
Javiah,1.0
Javiana,1.0
Javianna,1.0
Javiera,1.0
Javina,1.0
Javiona,1.0
Javionna,1.0
Javita,1.0
Javiyah,1.0
Javlyn,1.0
Javona,1.0
Javonda,1.0
Japnaaz,1.0
Japleen,1.0
Japji,1.0
Janaih,1.0
Janaea,1.0
Janaee,1.0
Janaeh,1.0
Janael,1.0
Janaesha,1.0
Janaeya,1.0
Janaeyah,1.0
Janah,1.0
Janahi,1.0
Janahla,1.0
Janaia,1.0
Janaiah,1.0
Janaii,1.0
Janada,1.0
Janaija,1.0
Janaijah,1.0
Janaila,1.0
Janaina,1.0
Janaira,1.0
Janais,1.0
Janaisa,1.0
Janaisha,1.0
Janaisia,1.0
Janaiya,1.0
Janaiyah,1.0
Janaja,1.0
Janadia,1.0
Janacia,1.0
Janaki,1.0
Jamyia,1.0
Jamiya,1.0
Jamiyah,1.0
Jamiyha,1.0
Jamiyla,1.0
Jamiylah,1.0
Jammi,1.0
Jamonica,1.0
Jamora,1.0
Jamoria,1.0
Jamoura,1.0
Jamya,1.0
Jamyah,1.0
Jamyiah,1.0
Janace,1.0
Jamyla,1.0
Jamylah,1.0
Jamyleth,1.0
Jamylex,1.0
Jamyra,1.0
Jamyrah,1.0
Jamyria,1.0
Jamyriah,1.0
Jamyrie,1.0
Janaa,1.0
Janaan,1.0
Janaat,1.0
Janajah,1.0
Janala,1.0
Japera,1.0
Jandery,1.0
Janayla,1.0
Janayra,1.0
Janaysha,1.0
Janayshia,1.0
Janaysia,1.0
Janazia,1.0
Jancey,1.0
Janci,1.0
Jancie,1.0
Janda,1.0
Jande,1.0
Jandee,1.0
Jandi,1.0
Janayiah,1.0
Jandra,1.0
Janea,1.0
Janeah,1.0
Janeal,1.0
Janean,1.0
Janeane,1.0
Janeann,1.0
Janeanne,1.0
Janear,1.0
Janece,1.0
Janecia,1.0
Janeece,1.0
Janayja,1.0
Janayia,1.0
Janalee,1.0
Janaria,1.0
Janalene,1.0
Janalis,1.0
Janalise,1.0
Janaliz,1.0
Janalle,1.0
Janalyn,1.0
Janalynn,1.0
Janalyse,1.0
Janani,1.0
Janann,1.0
Jananne,1.0
Janara,1.0
Janariah,1.0
Janaye,1.0
Janascia,1.0
Janasha,1.0
Janashia,1.0
Janasia,1.0
Janat,1.0
Janath,1.0
Janautica,1.0
Janavi,1.0
Janavia,1.0
Janay,1.0
Janaya,1.0
Janayah,1.0
Jamita,1.0
Jamisha,1.0
Jamise,1.0
Jamerria,1.0
Jamelyn,1.0
Jamena,1.0
Jamene,1.0
Jamequa,1.0
Jamera,1.0
Jamerah,1.0
Jameria,1.0
Jameriah,1.0
Jamerial,1.0
Jamerica,1.0
Jameriya,1.0
Jamerra,1.0
Jamesa,1.0
Jamellah,1.0
Jamescia,1.0
Jamese,1.0
Jamesena,1.0
Jamesetta,1.0
Jamesha,1.0
Jameshia,1.0
Jamesia,1.0
Jamesina,1.0
Jamessa,1.0
Jameta,1.0
Jametra,1.0
Jametria,1.0
Jamely,1.0
Jamella,1.0
Jamisa,1.0
Jamei,1.0
Jamecca,1.0
Jamece,1.0
Jamecia,1.0
Jameece,1.0
Jameeka,1.0
Jameela,1.0
Jameelah,1.0
Jameele,1.0
Jameera,1.0
Jameerah,1.0
Jameese,1.0
Jameesha,1.0
Jameia,1.0
Jameliah,1.0
Jameiah,1.0
Jameica,1.0
Jameice,1.0
Jameika,1.0
Jameila,1.0
Jameira,1.0
Jameisha,1.0
Jameka,1.0
Jamekia,1.0
Jamela,1.0
Jamelah,1.0
Jamelia,1.0
Jametrice,1.0
Jametta,1.0
Jamette,1.0
Jamilya,1.0
Jamilett,1.0
Jamilette,1.0
Jamilex,1.0
Jamiley,1.0
Jamilia,1.0
Jamilka,1.0
Jamilla,1.0
Jamillah,1.0
Jamillette,1.0
Jamillia,1.0
Jamilliah,1.0
Jamily,1.0
Jamilyah,1.0
Jameya,1.0
Jamilyn,1.0
Jamilynn,1.0
Jamima,1.0
Jamina,1.0
Jamiqua,1.0
Jamira,1.0
Jamiracle,1.0
Jamirah,1.0
Jamiria,1.0
Jamirra,1.0
Jamirrah,1.0
Jamirya,1.0
Jamileth,1.0
Jamilet,1.0
Jamiles,1.0
Jamileh,1.0
Jameyah,1.0
Jamiann,1.0
Jamianne,1.0
Jamiaya,1.0
Jamica,1.0
Jamice,1.0
Jamicia,1.0
Jamicka,1.0
Jamieann,1.0
Jamiece,1.0
Jamiee,1.0
Jamieka,1.0
Jamiela,1.0
Jamielee,1.0
Jamielle,1.0
Jamielyn,1.0
Jamielynn,1.0
Jamiemarie,1.0
Jamiera,1.0
Jamiesha,1.0
Jamii,1.0
Jamika,1.0
Jamikka,1.0
Jamila,1.0
Jamilee,1.0
Janeeka,1.0
Janeel,1.0
Janeen,1.0
Janne,1.0
Janlyn,1.0
Janmarie,1.0
Janna,1.0
Jannae,1.0
Jannah,1.0
Jannai,1.0
Jannali,1.0
Jannalyn,1.0
Jannan,1.0
Jannat,1.0
Jannatul,1.0
Jannay,1.0
Jannea,1.0
Janiza,1.0
Jannean,1.0
Jannel,1.0
Janneli,1.0
Jannell,1.0
Jannelle,1.0
Jannelly,1.0
Jannely,1.0
Jannene,1.0
Jannesa,1.0
Jannessa,1.0
Jannet,1.0
Jannete,1.0
Janki,1.0
Janiyyah,1.0
Janinne,1.0
Janita,1.0
Janique,1.0
Janira,1.0
Janirah,1.0
Janiris,1.0
Janisa,1.0
Janise,1.0
Janisha,1.0
Janishia,1.0
Janisia,1.0
Janissa,1.0
Janisse,1.0
Janit,1.0
Janith,1.0
Janiylah,1.0
Janitha,1.0
Janitra,1.0
Janitta,1.0
Janitza,1.0
Janitzy,1.0
Janivea,1.0
Janiyaa,1.0
Janiyah,1.0
Janiyan,1.0
Janiyha,1.0
Janiyia,1.0
Janiyla,1.0
Janneth,1.0
Jannett,1.0
Jannetta,1.0
Janylia,1.0
Janya,1.0
Janyah,1.0
Janyce,1.0
Janye,1.0
Janyha,1.0
Janyhia,1.0
Janyi,1.0
Janyia,1.0
Janyiah,1.0
Janyl,1.0
Janyla,1.0
Janylah,1.0
Janyll,1.0
Jannette,1.0
Janyne,1.0
Janyra,1.0
Janyria,1.0
Janyriah,1.0
Janys,1.0
Janyse,1.0
Janyssa,1.0
Janyth,1.0
Jaomi,1.0
Jaona,1.0
Jaoni,1.0
Jaonna,1.0
Jany,1.0
Janvika,1.0
Janvi,1.0
Januita,1.0
Janney,1.0
Janni,1.0
Jannia,1.0
Janniah,1.0
Jannica,1.0
Jannice,1.0
Jannifer,1.0
Jannika,1.0
Jannike,1.0
Jannina,1.0
Jannine,1.0
Jannis,1.0
Jannita,1.0
Janniyah,1.0
Janny,1.0
Janon,1.0
Janora,1.0
Janori,1.0
Janova,1.0
Janovah,1.0
Janovia,1.0
Jantel,1.0
Januari,1.0
Januarie,1.0
January,1.0
Janiqua,1.0
Janina,1.0
Janeene,1.0
Janelyz,1.0
Janelise,1.0
Janelisse,1.0
Janeliz,1.0
Janella,1.0
Janellen,1.0
Janelli,1.0
Janellie,1.0
Janelly,1.0
Janellys,1.0
Janely,1.0
Janelyn,1.0
Janelys,1.0
Janemarie,1.0
Janelie,1.0
Janene,1.0
Janenne,1.0
Janequa,1.0
Janera,1.0
Janeria,1.0
Janerica,1.0
Janesa,1.0
Janese,1.0
Janesha,1.0
Janeshia,1.0
Janesia,1.0
Janess,1.0
Janelis,1.0
Janeli,1.0
Janin,1.0
Janeika,1.0
Janeesa,1.0
Janeese,1.0
Janeesha,1.0
Janeeva,1.0
Janei,1.0
Janeia,1.0
Janeiah,1.0
Janeice,1.0
Janeicia,1.0
Janeida,1.0
Janeidy,1.0
Janeigh,1.0
Janeily,1.0
Janelee,1.0
Janeira,1.0
Janeiry,1.0
Janeisa,1.0
Janeise,1.0
Janeisha,1.0
Janeisy,1.0
Janeiya,1.0
Janeka,1.0
Janekia,1.0
Janela,1.0
Janelda,1.0
Janele,1.0
Janessa,1.0
Janessah,1.0
Janesse,1.0
Janihya,1.0
Janieliz,1.0
Janielle,1.0
Janiely,1.0
Janielys,1.0
Janien,1.0
Janiene,1.0
Janiera,1.0
Janiese,1.0
Janiesha,1.0
Janieya,1.0
Janifer,1.0
Janiha,1.0
Janii,1.0
Janessia,1.0
Janiia,1.0
Janijah,1.0
Janika,1.0
Janikqua,1.0
Janil,1.0
Janila,1.0
Janilah,1.0
Janilee,1.0
Janill,1.0
Janille,1.0
Janilya,1.0
Janilyn,1.0
Janielis,1.0
Janieka,1.0
Janiecia,1.0
Janiece,1.0
Janeta,1.0
Janete,1.0
Janeth,1.0
Janetha,1.0
Janetlee,1.0
Janetra,1.0
Janett,1.0
Janetta,1.0
Janetzi,1.0
Janetzy,1.0
Janeva,1.0
Janey,1.0
Janeya,1.0
Janeyah,1.0
Janhavi,1.0
Janhvi,1.0
Jania,1.0
Janiah,1.0
Janiaha,1.0
Janiaya,1.0
Janiayah,1.0
Janic,1.0
Janica,1.0
Janicia,1.0
Janicka,1.0
Jaynne,1.0
Jayonah,1.0
Jameah,1.0
Jeraldine,1.0
Jeorgia,1.0
Jeorgina,1.0
Jeovana,1.0
Jeovanna,1.0
Jequetta,1.0
Jequita,1.0
Jera,1.0
Jerah,1.0
Jeraldean,1.0
Jeraldene,1.0
Jeraldi,1.0
Jeraldin,1.0
Jeraldy,1.0
Jenyssa,1.0
Jeraldyn,1.0
Jeralee,1.0
Jeralene,1.0
Jeraline,1.0
Jeralyn,1.0
Jeralynn,1.0
Jerane,1.0
Jerdean,1.0
Jerdine,1.0
Jereldine,1.0
Jerelean,1.0
Jerelene,1.0
Jeopardy,1.0
Jenysis,1.0
Jereline,1.0
Jenova,1.0
Jenniya,1.0
Jenniyah,1.0
Jennnifer,1.0
Jennya,1.0
Jennye,1.0
Jennyfer,1.0
Jennylee,1.0
Jennylyn,1.0
Jennylynn,1.0
Jenohn,1.0
Jenola,1.0
Jenora,1.0
Jensi,1.0
Jenyla,1.0
Jensie,1.0
Jensine,1.0
Jentree,1.0
Jentri,1.0
Jentrie,1.0
Jeny,1.0
Jenya,1.0
Jenyah,1.0
Jenyce,1.0
Jenyfer,1.0
Jenyiah,1.0
Jenyka,1.0
Jerelin,1.0
Jerelly,1.0
Jermira,1.0
Jerlisha,1.0
Jerisha,1.0
Jerissa,1.0
Jerita,1.0
Jerkayla,1.0
Jerkiya,1.0
Jerldean,1.0
Jerldine,1.0
Jerlean,1.0
Jerleen,1.0
Jerlene,1.0
Jerline,1.0
Jerlisa,1.0
Jerlyn,1.0
Jerina,1.0
Jermanee,1.0
Jermanii,1.0
Jermaria,1.0
Jermaya,1.0
Jermecia,1.0
Jermeisha,1.0
Jermeka,1.0
Jermeria,1.0
Jermesha,1.0
Jermeshia,1.0
Jermia,1.0
Jermica,1.0
Jerine,1.0
Jerilynne,1.0
Jerely,1.0
Jericah,1.0
Jerelyn,1.0
Jerena,1.0
Jerene,1.0
Jeresa,1.0
Jeretta,1.0
Jerhonda,1.0
Jeria,1.0
Jeriana,1.0
Jeriann,1.0
Jerianna,1.0
Jerianne,1.0
Jerica,1.0
Jericca,1.0
Jerilynn,1.0
Jericha,1.0
Jericia,1.0
Jericka,1.0
Jerie,1.0
Jeriesha,1.0
Jerika,1.0
Jerikah,1.0
Jerikka,1.0
Jerilee,1.0
Jerilene,1.0
Jerilou,1.0
Jerilyn,1.0
Jenniver,1.0
Jennise,1.0
Jennisa,1.0
Jennavecia,1.0
Jennaleigh,1.0
Jennalie,1.0
Jennalise,1.0
Jennaliz,1.0
Jennaly,1.0
Jennalyn,1.0
Jennalynn,1.0
Jennalyse,1.0
Jennamarie,1.0
Jennarae,1.0
Jennarose,1.0
Jennasis,1.0
Jennavee,1.0
Jennalea,1.0
Jennaveve,1.0
Jennavi,1.0
Jennavicia,1.0
Jennavie,1.0
Jennavieve,1.0
Jennavive,1.0
Jennay,1.0
Jennaya,1.0
Jenne,1.0
Jennea,1.0
Jennean,1.0
Jennedy,1.0
Jennalee,1.0
Jennaka,1.0
Jennipher,1.0
Jenitza,1.0
Jenique,1.0
Jenis,1.0
Jenisa,1.0
Jenise,1.0
Jenisha,1.0
Jenisis,1.0
Jenissa,1.0
Jenisse,1.0
Jenisys,1.0
Jenita,1.0
Jenith,1.0
Jenitha,1.0
Jeniva,1.0
Jennah,1.0
Jenive,1.0
Jeniveve,1.0
Jenivieve,1.0
Jeniya,1.0
Jeniyah,1.0
Jenn,1.0
Jennabel,1.0
Jennabella,1.0
Jennabelle,1.0
Jennaca,1.0
Jennae,1.0
Jennafer,1.0
Jennee,1.0
Jennefer,1.0
Jenneffer,1.0
Jennifermarie,1.0
Jennicka,1.0
Jenniefer,1.0
Jennieke,1.0
Jennielee,1.0
Jennier,1.0
Jennieve,1.0
Jennife,1.0
Jenniferann,1.0
Jenniferanne,1.0
Jennifere,1.0
Jenniferlee,1.0
Jenniferlynn,1.0
Jenniferr,1.0
Jenneh,1.0
Jenniferrose,1.0
Jenniffer,1.0
Jennifier,1.0
Jennifr,1.0
Jenniger,1.0
Jennika,1.0
Jennilee,1.0
Jennille,1.0
Jennilyn,1.0
Jennilynn,1.0
Jennine,1.0
Jenniper,1.0
Jennice,1.0
Jennica,1.0
Jenniah,1.0
Jennia,1.0
Jenneifer,1.0
Jennel,1.0
Jennell,1.0
Jennelle,1.0
Jennely,1.0
Jennelyn,1.0
Jennene,1.0
Jennesa,1.0
Jennesis,1.0
Jenness,1.0
Jennessa,1.0
Jennessy,1.0
Jennesy,1.0
Jennet,1.0
Jenneth,1.0
Jennett,1.0
Jennetta,1.0
Jennette,1.0
Jennevie,1.0
Jennevieve,1.0
Jennevy,1.0
Jenney,1.0
Jennfer,1.0
Jennfier,1.0
Jenni,1.0
Jermika,1.0
Jermisha,1.0
Jayonna,1.0
Jessika,1.0
Jessicamarie,1.0
Jessican,1.0
Jessicanicole,1.0
Jessicarose,1.0
Jessicca,1.0
Jessice,1.0
Jessicia,1.0
Jessicka,1.0
Jessico,1.0
Jessieca,1.0
Jessielynn,1.0
Jessiemae,1.0
Jessikah,1.0
Jessicalynn,1.0
Jessilyn,1.0
Jessilynn,1.0
Jessimae,1.0
Jessimar,1.0
Jessina,1.0
Jessinia,1.0
Jessiqua,1.0
Jessiyah,1.0
Jesska,1.0
Jesslene,1.0
Jesslin,1.0
Jessly,1.0
Jessicamae,1.0
Jessicalee,1.0
Jesslynn,1.0
Jessely,1.0
Jessamae,1.0
Jessamarie,1.0
Jessamine,1.0
Jessamy,1.0
Jessca,1.0
Jesscia,1.0
Jesseca,1.0
Jesseica,1.0
Jesseka,1.0
Jesselin,1.0
Jessell,1.0
Jesselle,1.0
Jesselyn,1.0
Jessical,1.0
Jesselynn,1.0
Jessena,1.0
Jessenia,1.0
Jessenya,1.0
Jessia,1.0
Jessiana,1.0
Jessianna,1.0
Jessianne,1.0
Jessic,1.0
Jessicaann,1.0
Jessicaanne,1.0
Jessicah,1.0
Jesslyn,1.0
Jessmarie,1.0
Jermiya,1.0
Jeweliana,1.0
Jevita,1.0
Jevonda,1.0
Jevonna,1.0
Jevonne,1.0
Jeweldean,1.0
Jeweldene,1.0
Jeweldine,1.0
Jeweleah,1.0
Jewelean,1.0
Jewelee,1.0
Jewelene,1.0
Jewelia,1.0
Jewelianna,1.0
Jeveah,1.0
Jewelie,1.0
Jeweliet,1.0
Jeweline,1.0
Jewelisa,1.0
Jewelissa,1.0
Jewelle,1.0
Jewellee,1.0
Jewellene,1.0
Jewellia,1.0
Jewely,1.0
Jewelya,1.0
Jewelyn,1.0
Jevette,1.0
Jevaeh,1.0
Jesssica,1.0
Jesusa,1.0
Jesstina,1.0
Jesstine,1.0
Jessuly,1.0
Jessyca,1.0
Jessye,1.0
Jessyka,1.0
Jesteen,1.0
Jestene,1.0
Jestina,1.0
Jestine,1.0
Jestiny,1.0
Jesucita,1.0
Jesusita,1.0
Jeune,1.0
Jeswitha,1.0
Jesyca,1.0
Jesyka,1.0
Jetaime,1.0
Jetaun,1.0
Jete,1.0
Jetlyn,1.0
Jetoi,1.0
Jetta,1.0
Jettye,1.0
Jetzabel,1.0
Jetzibe,1.0
Jessalynne,1.0
Jessalynn,1.0
Jessalyn,1.0
Jerrilyn,1.0
Jerrene,1.0
Jerria,1.0
Jerriana,1.0
Jerriann,1.0
Jerrianna,1.0
Jerrianne,1.0
Jerrica,1.0
Jerricca,1.0
Jerricha,1.0
Jerricka,1.0
Jerrika,1.0
Jerrilee,1.0
Jerrilyne,1.0
Jerralee,1.0
Jerrilynn,1.0
Jerrina,1.0
Jerrine,1.0
Jerriona,1.0
Jerrisa,1.0
Jerrisha,1.0
Jerrita,1.0
Jerriyah,1.0
Jerrlyn,1.0
Jerrolyn,1.0
Jerryca,1.0
Jerrye,1.0
Jerralyn,1.0
Jerrah,1.0
Jessalin,1.0
Jernika,1.0
Jermonica,1.0
Jermya,1.0
Jermyia,1.0
Jermyra,1.0
Jernae,1.0
Jernee,1.0
Jernei,1.0
Jerneshia,1.0
Jerni,1.0
Jerniah,1.0
Jernice,1.0
Jernie,1.0
Jernisha,1.0
Jerrae,1.0
Jerniya,1.0
Jerniyah,1.0
Jernya,1.0
Jeroldine,1.0
Jerolene,1.0
Jeroline,1.0
Jerolyn,1.0
Jeroma,1.0
Jerona,1.0
Jeronda,1.0
Jeronica,1.0
Jerra,1.0
Jerrylene,1.0
Jersee,1.0
Jersi,1.0
Jesly,1.0
Jesicca,1.0
Jesika,1.0
Jesikah,1.0
Jesilyn,1.0
Jesiree,1.0
Jeslee,1.0
Jesleen,1.0
Jeslene,1.0
Jesley,1.0
Jesli,1.0
Jeslie,1.0
Jeslin,1.0
Jeslyn,1.0
Jersie,1.0
Jeslynn,1.0
Jesmarie,1.0
Jesmin,1.0
Jesmine,1.0
Jessabel,1.0
Jessabell,1.0
Jessabella,1.0
Jessabelle,1.0
Jessaca,1.0
Jessah,1.0
Jessalee,1.0
Jessalie,1.0
Jesicah,1.0
Jesica,1.0
Jesia,1.0
Jeshia,1.0
Jersy,1.0
Jerusalema,1.0
Jerusalen,1.0
Jerusha,1.0
Jeryiah,1.0
Jeryka,1.0
Jerykah,1.0
Jerzei,1.0
Jerzie,1.0
Jesa,1.0
Jesaaelys,1.0
Jesabel,1.0
Jesalee,1.0
Jesalyn,1.0
Jesalynn,1.0
Jesara,1.0
Jescenia,1.0
Jescie,1.0
Jeseca,1.0
Jeseka,1.0
Jesel,1.0
Jeselle,1.0
Jeselyn,1.0
Jesenya,1.0
Jesha,1.0
Jeniqua,1.0
Jenipher,1.0
Jeninne,1.0
Jazzy,1.0
Jazzmarie,1.0
Jazzmen,1.0
Jazzmene,1.0
Jazzmin,1.0
Jazzmine,1.0
Jazzminn,1.0
Jazzmon,1.0
Jazzmond,1.0
Jazzmun,1.0
Jazzmyn,1.0
Jazzmyne,1.0
Jazzmynn,1.0
Jda,1.0
Jazzma,1.0
Jdah,1.0
Jea,1.0
Jeah,1.0
Jealisa,1.0
Jealousy,1.0
Jealyn,1.0
Jeamileth,1.0
Jeana,1.0
Jeanae,1.0
Jeanann,1.0
Jeananne,1.0
Jeanasia,1.0
Jazzmaine,1.0
Jazzlynne,1.0
Jeanea,1.0
Jazzell,1.0
Jazyra,1.0
Jazyria,1.0
Jazyriah,1.0
Jazzabella,1.0
Jazzabelle,1.0
Jazzae,1.0
Jazzalyn,1.0
Jazzalynn,1.0
Jazzanae,1.0
Jazzarae,1.0
Jazzariah,1.0
Jazzel,1.0
Jazzelle,1.0
Jazzlynn,1.0
Jazzelyn,1.0
Jazzi,1.0
Jazzia,1.0
Jazziah,1.0
Jazzie,1.0
Jazzilyn,1.0
Jazzilynn,1.0
Jazzleen,1.0
Jazzlene,1.0
Jazzlin,1.0
Jazzlyn,1.0
Jazzlyne,1.0
Jeanaya,1.0
Jeanean,1.0
Jenine,1.0
Jeannete,1.0
Jeanmarie,1.0
Jeann,1.0
Jeanna,1.0
Jeannea,1.0
Jeannean,1.0
Jeannedarc,1.0
Jeannee,1.0
Jeannell,1.0
Jeannelle,1.0
Jeannemarie,1.0
Jeannene,1.0
Jeannet,1.0
Jeannett,1.0
Jeanitta,1.0
Jeannetta,1.0
Jeanney,1.0
Jeanni,1.0
Jeannia,1.0
Jeannice,1.0
Jeannicole,1.0
Jeannifer,1.0
Jeanny,1.0
Jeantte,1.0
Jeany,1.0
Jearldean,1.0
Jearldine,1.0
Jeaniyah,1.0
Jeanita,1.0
Jeaneane,1.0
Jeaneth,1.0
Jeanee,1.0
Jeaneen,1.0
Jeanel,1.0
Jeanell,1.0
Jeanella,1.0
Jeanelle,1.0
Jeanelly,1.0
Jeanene,1.0
Jeanenne,1.0
Jeanessa,1.0
Jeanet,1.0
Jeanete,1.0
Jeanett,1.0
Jeanise,1.0
Jeanetta,1.0
Jeanettie,1.0
Jeani,1.0
Jeania,1.0
Jeanice,1.0
Jeanie,1.0
Jeaniece,1.0
Jeaniene,1.0
Jeanifer,1.0
Jeanina,1.0
Jeaninne,1.0
Jeanique,1.0
Jazymne,1.0
Jazylah,1.0
Jazyla,1.0
Jazarah,1.0
Jazale,1.0
Jazalie,1.0
Jazalin,1.0
Jazalle,1.0
Jazalyn,1.0
Jazalynn,1.0
Jazamine,1.0
Jazanae,1.0
Jazani,1.0
Jazaniah,1.0
Jazara,1.0
Jazarae,1.0
Jazaria,1.0
Jazaiya,1.0
Jazariah,1.0
Jazarie,1.0
Jazariya,1.0
Jazariyah,1.0
Jazay,1.0
Jazaya,1.0
Jazayah,1.0
Jazayla,1.0
Jazbel,1.0
Jazeera,1.0
Jazell,1.0
Jazella,1.0
Jazaiyah,1.0
Jazahria,1.0
Jazyiah,1.0
Jayvia,1.0
Jayonnie,1.0
Jayra,1.0
Jayre,1.0
Jaysa,1.0
Jaysea,1.0
Jaysha,1.0
Jaysia,1.0
Jaysie,1.0
Jaysleen,1.0
Jaysley,1.0
Jayslin,1.0
Jayva,1.0
Jayvianna,1.0
Jazaely,1.0
Jayviona,1.0
Jayvionna,1.0
Jayvonna,1.0
Jaywana,1.0
Jaywanna,1.0
Jayza,1.0
Jaza,1.0
Jazabel,1.0
Jazabell,1.0
Jazabella,1.0
Jazabelle,1.0
Jazae,1.0
Jazelle,1.0
Jazelyn,1.0
Jazelynn,1.0
Jazminn,1.0
Jazmaine,1.0
Jazmane,1.0
Jazmari,1.0
Jazmariah,1.0
Jazmarie,1.0
Jazmeen,1.0
Jazmein,1.0
Jazmene,1.0
Jazmenn,1.0
Jazmere,1.0
Jazmia,1.0
Jazmina,1.0
Jazminne,1.0
Jazemine,1.0
Jazmone,1.0
Jazmun,1.0
Jazmyn,1.0
Jazmyne,1.0
Jazmynn,1.0
Jazmynne,1.0
Jazsmin,1.0
Jazsmine,1.0
Jazuri,1.0
Jazya,1.0
Jazyah,1.0
Jazyia,1.0
Jazma,1.0
Jazlynne,1.0
Jazlynn,1.0
Jazlyne,1.0
Jazette,1.0
Jazhara,1.0
Jazhari,1.0
Jazharia,1.0
Jazia,1.0
Jazilyn,1.0
Jazilynn,1.0
Jazimine,1.0
Jazira,1.0
Jazirah,1.0
Jaziriah,1.0
Jazive,1.0
Jaziya,1.0
Jazlean,1.0
Jazlee,1.0
Jazleen,1.0
Jazleene,1.0
Jazlen,1.0
Jazlena,1.0
Jazlene,1.0
Jazlin,1.0
Jazlina,1.0
Jazline,1.0
Jazly,1.0
Jazlyn,1.0
Jearlean,1.0
Jearlene,1.0
Jearline,1.0
Jenean,1.0
Jenavive,1.0
Jenavy,1.0
Jenaya,1.0
Jenayah,1.0
Jenaye,1.0
Jenci,1.0
Jencie,1.0
Jencyn,1.0
Jendaya,1.0
Jendayi,1.0
Jenea,1.0
Jeneal,1.0
Jeneane,1.0
Jenavie,1.0
Jeneanne,1.0
Jeneba,1.0
Jeneca,1.0
Jenece,1.0
Jenecia,1.0
Jenedy,1.0
Jenee,1.0
Jeneen,1.0
Jeneene,1.0
Jenefer,1.0
Jeneffer,1.0
Jeneice,1.0
Jenavieve,1.0
Jenavicia,1.0
Jenah,1.0
Jenalynn,1.0
Jenaia,1.0
Jenaiah,1.0
Jenaiya,1.0
Jenaka,1.0
Jenal,1.0
Jenalea,1.0
Jenalee,1.0
Jenali,1.0
Jenalis,1.0
Jenalise,1.0
Jenaliz,1.0
Jenalyn,1.0
Jenalys,1.0
Jenavi,1.0
Jenalyse,1.0
Jenan,1.0
Jenanne,1.0
Jenara,1.0
Jenascia,1.0
Jenasia,1.0
Jenasis,1.0
Jenasys,1.0
Jenave,1.0
Jenavecia,1.0
Jenavee,1.0
Jenaveve,1.0
Jeneil,1.0
Jeneine,1.0
Jeneka,1.0
Jenicka,1.0
Jenevie,1.0
Jenevieve,1.0
Jenevive,1.0
Jenevy,1.0
Jeneya,1.0
Jeni,1.0
Jenia,1.0
Jeniah,1.0
Jenibelle,1.0
Jenica,1.0
Jenice,1.0
Jenicia,1.0
Jenie,1.0
Jenel,1.0
Jeniece,1.0
Jenielle,1.0
Jeniene,1.0
Jeniffer,1.0
Jenika,1.0
Jenikka,1.0
Jenilca,1.0
Jenilee,1.0
Jenille,1.0
Jenilyn,1.0
Jenin,1.0
Jenina,1.0
Jenevi,1.0
Jeneva,1.0
Jenettie,1.0
Jenette,1.0
Jenele,1.0
Jenelee,1.0
Jenell,1.0
Jenella,1.0
Jenelle,1.0
Jenelly,1.0
Jenely,1.0
Jenene,1.0
Jenera,1.0
Jenesa,1.0
Jenese,1.0
Jenesha,1.0
Jenesi,1.0
Jenesia,1.0
Jeness,1.0
Jenessa,1.0
Jenesse,1.0
Jenessia,1.0
Jenessis,1.0
Jenessy,1.0
Jenesy,1.0
Jenesys,1.0
Jenet,1.0
Jenett,1.0
Jenetta,1.0
Jenai,1.0
Jenafer,1.0
Jebria,1.0
Jeiza,1.0
Jeily,1.0
Jeilyn,1.0
Jeilynn,1.0
Jeimi,1.0
Jeimmy,1.0
Jeimy,1.0
Jeinny,1.0
Jeiny,1.0
Jeira,1.0
Jeiri,1.0
Jeiry,1.0
Jeisy,1.0
Jeizy,1.0
Jeilianys,1.0
Jekalyn,1.0
Jekayla,1.0
Jekeria,1.0
Jekia,1.0
Jekiah,1.0
Jela,1.0
Jelah,1.0
Jelaina,1.0
Jelaine,1.0
Jelana,1.0
Jelanie,1.0
Jelany,1.0
Jeilin,1.0
Jeilene,1.0
Jenae,1.0
Jehieli,1.0
Jeccica,1.0
Jecenia,1.0
Jeda,1.0
Jedah,1.0
Jedidah,1.0
Jeena,1.0
Jeenifer,1.0
Jeesica,1.0
Jeevika,1.0
Jeeya,1.0
Jeeyoung,1.0
Jeffifer,1.0
Jehiely,1.0
Jeileen,1.0
Jehilin,1.0
Jehilyn,1.0
Jehna,1.0
Jehnna,1.0
Jehylin,1.0
Jeida,1.0
Jeidi,1.0
Jeidy,1.0
Jeila,1.0
Jeilani,1.0
Jeilanie,1.0
Jeilany,1.0
Jelaya,1.0
Jelayne,1.0
Jeleah,1.0
Jemily,1.0
Jemaya,1.0
Jemeka,1.0
Jemekia,1.0
Jemelia,1.0
Jemely,1.0
Jemeria,1.0
Jemi,1.0
Jemia,1.0
Jemica,1.0
Jemika,1.0
Jemila,1.0
Jemilla,1.0
Jemima,1.0
Jelecia,1.0
Jemimah,1.0
Jemina,1.0
Jemira,1.0
Jemiya,1.0
Jemiyah,1.0
Jemma,1.0
Jemmah,1.0
Jemmy,1.0
Jemya,1.0
Jemyah,1.0
Jenabelle,1.0
Jenacia,1.0
Jema,1.0
Jelyssa,1.0
Jelysa,1.0
Jelynn,1.0
Jeleesa,1.0
Jelena,1.0
Jelene,1.0
Jelesa,1.0
Jelesia,1.0
Jelessa,1.0
Jelia,1.0
Jeliah,1.0
Jeliana,1.0
Jelianny,1.0
Jelianys,1.0
Jelica,1.0
Jelicia,1.0
Jelilah,1.0
Jelina,1.0
Jelisa,1.0
Jelise,1.0
Jelisha,1.0
Jelisia,1.0
Jelissa,1.0
Jelitza,1.0
Jeliyah,1.0
Jellisa,1.0
Jelsy,1.0
Jelyn,1.0
Jameca,1.0
Jamea,1.0
Hopie,1.0
Irem,1.0
Iree,1.0
Ireen,1.0
Ireene,1.0
Ireion,1.0
Ireka,1.0
Irelan,1.0
Irelia,1.0
Irely,1.0
Irelyn,1.0
Irelynd,1.0
Irelynn,1.0
Irelynne,1.0
Irena,1.0
Ireanna,1.0
Ireona,1.0
Ireonna,1.0
Ireri,1.0
Iresha,1.0
Ireta,1.0
Iretha,1.0
Iretta,1.0
Ireyanna,1.0
Irha,1.0
Irhaa,1.0
Iri,1.0
Irian,1.0
Ireatha,1.0
Ireana,1.0
Irianna,1.0
Iralyn,1.0
Ipek,1.0
Ipsa,1.0
Iqlas,1.0
Iqra,1.0
Iraa,1.0
Iracema,1.0
Iraida,1.0
Iraidet,1.0
Iraima,1.0
Irais,1.0
Iraiz,1.0
Iralene,1.0
Iralynn,1.0
Irean,1.0
Irandy,1.0
Irani,1.0
Irania,1.0
Irany,1.0
Irareddy,1.0
Iras,1.0
Irasema,1.0
Iratze,1.0
Iraya,1.0
Irayda,1.0
Irazema,1.0
Ireal,1.0
Iriana,1.0
Iridessa,1.0
Isabellarose,1.0
Iryna,1.0
Irmina,1.0
Irna,1.0
Iroha,1.0
Irona,1.0
Ironesha,1.0
Irsa,1.0
Irulan,1.0
Irva,1.0
Irvina,1.0
Irya,1.0
Iryana,1.0
Iryanna,1.0
Irys,1.0
Irmani,1.0
Iryss,1.0
Irza,1.0
Isaabella,1.0
Isabeau,1.0
Isabela,1.0
Isabelah,1.0
Isabele,1.0
Isabeli,1.0
Isabelita,1.0
Isabellagrace,1.0
Isabellah,1.0
Isabellamaria,1.0
Irmgard,1.0
Irmalinda,1.0
Iridiana,1.0
Iriss,1.0
Irieana,1.0
Iriee,1.0
Iriel,1.0
Irielle,1.0
Irihanna,1.0
Irina,1.0
Irine,1.0
Irini,1.0
Irisa,1.0
Irisha,1.0
Irismae,1.0
Irisrose,1.0
Irissa,1.0
Irmalee,1.0
Iristine,1.0
Irit,1.0
Irita,1.0
Iriyah,1.0
Iriyana,1.0
Iriz,1.0
Irja,1.0
Irlanda,1.0
Irlene,1.0
Irline,1.0
Irmagene,1.0
Irmak,1.0
Iowa,1.0
Iovanna,1.0
Iota,1.0
Iness,1.0
Ineda,1.0
Ineisha,1.0
Ineka,1.0
Ineke,1.0
Inelda,1.0
Inell,1.0
Inella,1.0
Inelle,1.0
Inesa,1.0
Inese,1.0
Inesha,1.0
Ineshia,1.0
Inessa,1.0
Indyca,1.0
Ineta,1.0
Inetha,1.0
Inett,1.0
Inetta,1.0
Inette,1.0
Ineva,1.0
Iney,1.0
Ineza,1.0
Ineze,1.0
Infantfemale,1.0
Infantgirl,1.0
Infiniti,1.0
Indyia,1.0
Indyah,1.0
Ionna,1.0
Indhira,1.0
Inayra,1.0
Inbal,1.0
Inbar,1.0
Inchara,1.0
Inci,1.0
Inda,1.0
Indasha,1.0
Indasia,1.0
Indea,1.0
Indee,1.0
Independence,1.0
Indeya,1.0
Indiah,1.0
Indya,1.0
Indian,1.0
Indianna,1.0
Indica,1.0
Indika,1.0
Indira,1.0
Indiya,1.0
Indiyah,1.0
Indonesia,1.0
Indrani,1.0
Indria,1.0
Indsay,1.0
Indu,1.0
Inga,1.0
Ingar,1.0
Inge,1.0
Ioana,1.0
Inshirah,1.0
Insiya,1.0
Insiyah,1.0
Insley,1.0
Inta,1.0
Integrity,1.0
Intisaar,1.0
Intisar,1.0
Inus,1.0
Invy,1.0
Inya,1.0
Inza,1.0
Ioanna,1.0
Ingeborg,1.0
Iola,1.0
Iolana,1.0
Iolanda,1.0
Iolani,1.0
Iole,1.0
Iolene,1.0
Iolia,1.0
Ioma,1.0
Ione,1.0
Ioni,1.0
Ionia,1.0
Ionie,1.0
Insha,1.0
Inori,1.0
Inona,1.0
Inola,1.0
Inger,1.0
Ingra,1.0
Ingred,1.0
Ingri,1.0
Ingrida,1.0
Ingris,1.0
Ingrit,1.0
Ingry,1.0
Inia,1.0
Inice,1.0
Inika,1.0
Inikki,1.0
Inis,1.0
Inisha,1.0
Inita,1.0
Iniya,1.0
Iniyah,1.0
Inna,1.0
Innaya,1.0
Innessa,1.0
Innie,1.0
Innila,1.0
Innocence,1.0
Ino,1.0
Inocencia,1.0
Isabellamarie,1.0
Isabellasophia,1.0
Ivee,1.0
Ithalia,1.0
Italie,1.0
Italya,1.0
Itani,1.0
Itasca,1.0
Itasha,1.0
Itaska,1.0
Itati,1.0
Itaty,1.0
Itayetzi,1.0
Itcel,1.0
Itha,1.0
Ithaca,1.0
Ithzel,1.0
Itali,1.0
Itia,1.0
Itiana,1.0
Itianna,1.0
Itisha,1.0
Itiya,1.0
Itohan,1.0
Itotiani,1.0
Itsamari,1.0
Itsel,1.0
Itsue,1.0
Itsuko,1.0
Itta,1.0
Italia,1.0
Italeigh,1.0
Itza,1.0
Issabell,1.0
Isolde,1.0
Isolene,1.0
Isolina,1.0
Israa,1.0
Israe,1.0
Israela,1.0
Israella,1.0
Israelle,1.0
Israh,1.0
Israt,1.0
Issabel,1.0
Issabela,1.0
Issabella,1.0
Italei,1.0
Issabelle,1.0
Issamar,1.0
Issel,1.0
Issela,1.0
Issis,1.0
Issoria,1.0
Issys,1.0
Isys,1.0
Isyss,1.0
Iszabella,1.0
Ita,1.0
Italee,1.0
Itxel,1.0
Itzabella,1.0
Isabellemarie,1.0
Ivani,1.0
Ivah,1.0
Ivalee,1.0
Ivalene,1.0
Ivalie,1.0
Ivaline,1.0
Ivalou,1.0
Ivalynn,1.0
Ivana,1.0
Ivanah,1.0
Ivane,1.0
Ivanell,1.0
Ivanelle,1.0
Ivania,1.0
Ivadelle,1.0
Ivanka,1.0
Ivanna,1.0
Ivannah,1.0
Ivanni,1.0
Ivannia,1.0
Ivanny,1.0
Ivanshi,1.0
Ivanshika,1.0
Ivany,1.0
Ivanya,1.0
Ivara,1.0
Ivary,1.0
Ivagene,1.0
Ivadell,1.0
Itzabelle,1.0
Itzcali,1.0
Itzali,1.0
Itzamar,1.0
Itzamara,1.0
Itzamaray,1.0
Itzamari,1.0
Itzamary,1.0
Itzanami,1.0
Itzany,1.0
Itzary,1.0
Itzayana,1.0
Itzayani,1.0
Itzayanna,1.0
Itze,1.0
Ivadean,1.0
Itzela,1.0
Itzell,1.0
Itzelle,1.0
Itzelt,1.0
Itzely,1.0
Itzhel,1.0
Itzia,1.0
Itzuri,1.0
Itzury,1.0
Itzy,1.0
Iula,1.0
Iuma,1.0
Isola,1.0
Isoken,1.0
Isoke,1.0
Isella,1.0
Isayana,1.0
Isbah,1.0
Isbel,1.0
Isbell,1.0
Isbella,1.0
Isebell,1.0
Isebella,1.0
Isel,1.0
Isela,1.0
Iselda,1.0
Iselin,1.0
Iselis,1.0
Iselle,1.0
Isavela,1.0
Isely,1.0
Iselynn,1.0
Iselys,1.0
Isenia,1.0
Ises,1.0
Iseult,1.0
Isha,1.0
Ishaal,1.0
Ishaana,1.0
Ishaani,1.0
Ishaanvi,1.0
Ishah,1.0
Isavella,1.0
Isavel,1.0
Isobelle,1.0
Isalia,1.0
Isabellia,1.0
Isabelly,1.0
Isabeth,1.0
Isabeya,1.0
Isable,1.0
Isadora,1.0
Isahbella,1.0
Isaira,1.0
Isairis,1.0
Isal,1.0
Isalei,1.0
Isalena,1.0
Isaliyah,1.0
Isaura,1.0
Isaly,1.0
Isamara,1.0
Isamari,1.0
Isamarie,1.0
Isamary,1.0
Isana,1.0
Isani,1.0
Isara,1.0
Isarely,1.0
Isata,1.0
Isatou,1.0
Isatu,1.0
Ishana,1.0
Ishanae,1.0
Ishani,1.0
Ismah,1.0
Islarae,1.0
Islarose,1.0
Islay,1.0
Islee,1.0
Isleigh,1.0
Isleya,1.0
Islie,1.0
Islyn,1.0
Islynd,1.0
Islynn,1.0
Isma,1.0
Ismaela,1.0
Ismahan,1.0
Ishanti,1.0
Ismari,1.0
Ismary,1.0
Ismat,1.0
Ismay,1.0
Ismelda,1.0
Ismene,1.0
Ismenia,1.0
Ismerai,1.0
Ismeralda,1.0
Isobel,1.0
Isobell,1.0
Isobella,1.0
Islani,1.0
Islamae,1.0
Islagrace,1.0
Islabelle,1.0
Ishanvi,1.0
Ishara,1.0
Ishareddy,1.0
Ishbel,1.0
Ishea,1.0
Isheja,1.0
Ishia,1.0
Ishika,1.0
Ishira,1.0
Ishita,1.0
Ishitha,1.0
Ishna,1.0
Ishrat,1.0
Ishta,1.0
Ishvi,1.0
Ishwaq,1.0
Ishwari,1.0
Ishya,1.0
Isibeal,1.0
Isibella,1.0
Isidora,1.0
Isidra,1.0
Isioma,1.0
Isiss,1.0
Iskra,1.0
Inayat,1.0
Inayah,1.0
Inaya,1.0
Idalys,1.0
Idalene,1.0
Idali,1.0
Idalia,1.0
Idaliah,1.0
Idalie,1.0
Idalina,1.0
Idalis,1.0
Idaliz,1.0
Idalmis,1.0
Idalou,1.0
Idaly,1.0
Idalynn,1.0
Idalyz,1.0
Idaira,1.0
Idamae,1.0
Idamay,1.0
Idanell,1.0
Idania,1.0
Idara,1.0
Idasia,1.0
Idaya,1.0
Ideal,1.0
Idele,1.0
Idelette,1.0
Idelia,1.0
Idelisa,1.0
Idalee,1.0
Idahlia,1.0
Idellar,1.0
Icis,1.0
Icelynd,1.0
Icelynn,1.0
Iceola,1.0
Ices,1.0
Icesis,1.0
Icess,1.0
Icesys,1.0
Icey,1.0
Ichelle,1.0
Ichika,1.0
Icia,1.0
Icie,1.0
Iciss,1.0
Idah,1.0
Icle,1.0
Iclynn,1.0
Icole,1.0
Icsel,1.0
Icsis,1.0
Icy,1.0
Icylinn,1.0
Icysis,1.0
Icyss,1.0
Idabel,1.0
Idabell,1.0
Idabelle,1.0
Idella,1.0
Idelle,1.0
Inass,1.0
Ifunanya,1.0
Ieva,1.0
Ieysha,1.0
Ife,1.0
Ifeoma,1.0
Ifetayo,1.0
Ifeyinwa,1.0
Iffany,1.0
Iffat,1.0
Ifora,1.0
Ifra,1.0
Ifrah,1.0
Iftu,1.0
Ifza,1.0
Ieshea,1.0
Iga,1.0
Ignacia,1.0
Ignacita,1.0
Ignatia,1.0
Ihana,1.0
Ihla,1.0
Ihlani,1.0
Ihuoma,1.0
Iiana,1.0
Iiesha,1.0
Iisha,1.0
Iishia,1.0
Ieshia,1.0
Ieishia,1.0
Idellia,1.0
Idolina,1.0
Idena,1.0
Idesha,1.0
Idessa,1.0
Idette,1.0
Idhika,1.0
Idia,1.0
Idiatou,1.0
Idika,1.0
Idil,1.0
Idina,1.0
Idman,1.0
Idola,1.0
Idoma,1.0
Ieisha,1.0
Idona,1.0
Idonia,1.0
Idonna,1.0
Idora,1.0
Idrena,1.0
Iduma,1.0
Idun,1.0
Idy,1.0
Ieasha,1.0
Ieashia,1.0
Ieda,1.0
Ieesha,1.0
Icelyn,1.0
Icely,1.0
Icelene,1.0
Humairah,1.0
Hufsa,1.0
Hughlene,1.0
Huguette,1.0
Hui,1.0
Hula,1.0
Hulali,1.0
Hulda,1.0
Huldah,1.0
Huldia,1.0
Hulene,1.0
Huma,1.0
Humaira,1.0
Humayra,1.0
Hudsynn,1.0
Humeyra,1.0
Humna,1.0
Hunnie,1.0
Hunny,1.0
Huntleigh,1.0
Huntlie,1.0
Huong,1.0
Hurain,1.0
Hurrem,1.0
Hurtha,1.0
Husaina,1.0
Husna,1.0
Hudy,1.0
Hudis,1.0
Icelean,1.0
Hridha,1.0
Hortencia,1.0
Hortense,1.0
Hortensia,1.0
Hosanna,1.0
Hosannah,1.0
Hoshi,1.0
Hosna,1.0
Hossana,1.0
Houda,1.0
Howardine,1.0
Hozel,1.0
Hrida,1.0
Hridya,1.0
Hudes,1.0
Hripsime,1.0
Hrisha,1.0
Hristina,1.0
Hristine,1.0
Hrithika,1.0
Hriti,1.0
Hritika,1.0
Huai,1.0
Hubbie,1.0
Huberta,1.0
Hubertine,1.0
Huda,1.0
Huxleigh,1.0
Huxlie,1.0
Huyen,1.0
Ibby,1.0
Iantha,1.0
Ianthe,1.0
Ianthia,1.0
Iara,1.0
Iasha,1.0
Iashia,1.0
Iasia,1.0
Iayana,1.0
Iayla,1.0
Iba,1.0
Ibadat,1.0
Ibbie,1.0
Ibet,1.0
Hyab,1.0
Ibeth,1.0
Ibette,1.0
Ibiza,1.0
Ibon,1.0
Ibtihaj,1.0
Ibtihal,1.0
Ibtisam,1.0
Ica,1.0
Icee,1.0
Iceis,1.0
Icel,1.0
Icela,1.0
Iannah,1.0
Ianna,1.0
Iang,1.0
Ianah,1.0
Hyacinth,1.0
Hydea,1.0
Hydee,1.0
Hydeia,1.0
Hydi,1.0
Hydia,1.0
Hydiah,1.0
Hydie,1.0
Hydiea,1.0
Hydiyah,1.0
Hye,1.0
Hyla,1.0
Hylda,1.0
Hylee,1.0
Hyleigh,1.0
Hylia,1.0
Hylie,1.0
Hynlee,1.0
Hynleigh,1.0
Hypatia,1.0
Ia,1.0
Iaisha,1.0
Ialene,1.0
Ialiyah,1.0
Iana,1.0
Iiyana,1.0
Ija,1.0
Ijahnae,1.0
Imagean,1.0
Ilyn,1.0
Ilyne,1.0
Ilynn,1.0
Ilysa,1.0
Ilyse,1.0
Ilyssa,1.0
Ilythia,1.0
Ilyza,1.0
Ilze,1.0
Ima,1.0
Imaani,1.0
Imade,1.0
Imagen,1.0
Ilyasah,1.0
Imagene,1.0
Imagin,1.0
Imagine,1.0
Imahni,1.0
Imajae,1.0
Imajean,1.0
Imajen,1.0
Imal,1.0
Imala,1.0
Imalai,1.0
Imalay,1.0
Imana,1.0
Ilyena,1.0
Ilyanna,1.0
Illissa,1.0
Ilomay,1.0
Illiyeen,1.0
Illona,1.0
Illumi,1.0
Illy,1.0
Illyana,1.0
Illyanna,1.0
Illyria,1.0
Illyssa,1.0
Illythia,1.0
Ilma,1.0
Ilmi,1.0
Ilomae,1.0
Ilona,1.0
Ilyana,1.0
Ilora,1.0
Ilori,1.0
Ilsa,1.0
Ilse,1.0
Ilsi,1.0
Ilsy,1.0
Iluminada,1.0
Ilva,1.0
Ilwaad,1.0
Ilwad,1.0
Ily,1.0
Ilyah,1.0
Imane,1.0
Imanee,1.0
Imanie,1.0
Imyah,1.0
Imojean,1.0
Imojene,1.0
Imona,1.0
Imoni,1.0
Imonie,1.0
Imora,1.0
Imori,1.0
Imperia,1.0
Impi,1.0
Imrie,1.0
Imunique,1.0
Imya,1.0
Inaara,1.0
Imanii,1.0
Inaaya,1.0
Inaayah,1.0
Inabelle,1.0
Inah,1.0
Inala,1.0
Inali,1.0
Inamae,1.0
Inanna,1.0
Inara,1.0
Inarah,1.0
Inas,1.0
Inasia,1.0
Imogine,1.0
Imogin,1.0
Imogen,1.0
Imogean,1.0
Imanni,1.0
Imany,1.0
Imara,1.0
Imarah,1.0
Imaray,1.0
Imaria,1.0
Imaya,1.0
Imberly,1.0
Imee,1.0
Imela,1.0
Imelda,1.0
Imelia,1.0
Imery,1.0
Imesha,1.0
Imia,1.0
Imina,1.0
Imira,1.0
Imiya,1.0
Imiyah,1.0
Immacolata,1.0
Immaculata,1.0
Immaculate,1.0
Immaculee,1.0
Immani,1.0
Immogene,1.0
Illiyana,1.0
Illianna,1.0
Ijana,1.0
Ilayda,1.0
Ilamae,1.0
Ilana,1.0
Ilanah,1.0
Ilani,1.0
Ilanie,1.0
Ilanna,1.0
Ilanny,1.0
Ilany,1.0
Ilar,1.0
Ilaria,1.0
Ilaya,1.0
Ilayah,1.0
Ilayna,1.0
Ilaina,1.0
Ilce,1.0
Ilcia,1.0
Ilda,1.0
Ildiko,1.0
Ilea,1.0
Ileah,1.0
Ilean,1.0
Ileana,1.0
Ileane,1.0
Ileanna,1.0
Ilee,1.0
Ileen,1.0
Ilaisaane,1.0
Ilaiah,1.0
Illiana,1.0
Ikeya,1.0
Ijanae,1.0
Ijanay,1.0
Ijeoma,1.0
Ijnanya,1.0
Ikeda,1.0
Ikeia,1.0
Ikeisha,1.0
Ikeoluwa,1.0
Ikera,1.0
Ikeria,1.0
Ikesha,1.0
Ikeshia,1.0
Ikeyia,1.0
Ilah,1.0
Ikhlaas,1.0
Ikia,1.0
Ikira,1.0
Ikisha,1.0
Iklas,1.0
Iknoor,1.0
Ikora,1.0
Ikra,1.0
Ikraan,1.0
Ikran,1.0
Iksha,1.0
Ikuko,1.0
Ileena,1.0
Ileene,1.0
Ileia,1.0
Ilithyia,1.0
Ilima,1.0
Ilina,1.0
Ilinca,1.0
Iline,1.0
Ilirida,1.0
Ilisa,1.0
Ilise,1.0
Ilish,1.0
Ilisha,1.0
Ilissa,1.0
Ilithia,1.0
Ilithya,1.0
Ilitia,1.0
Ileigh,1.0
Iliyah,1.0
Iliyana,1.0
Iliza,1.0
Ilka,1.0
Illa,1.0
Illah,1.0
Illana,1.0
Illari,1.0
Illeana,1.0
Illeanna,1.0
Illene,1.0
Illia,1.0
Ilihia,1.0
Ilicia,1.0
Ilianys,1.0
Iliany,1.0
Ilena,1.0
Ilene,1.0
Ilenia,1.0
Ilenna,1.0
Ilenne,1.0
Iler,1.0
Ilesha,1.0
Ilet,1.0
Ileta,1.0
Iletta,1.0
Ilette,1.0
Ileyah,1.0
Ilga,1.0
Ilhaam,1.0
Ilhaan,1.0
Ilhana,1.0
Iliah,1.0
Iliana,1.0
Ilianah,1.0
Iliani,1.0
Ilianie,1.0
Ilianis,1.0
Ilianna,1.0
Ilianne,1.0
Ilianny,1.0
Ivaya,1.0
Iveel,1.0
Jamayra,1.0
Jaionni,1.0
Jainaba,1.0
Jainah,1.0
Jaine,1.0
Jainee,1.0
Jaini,1.0
Jainie,1.0
Jainiya,1.0
Jainiyah,1.0
Jainy,1.0
Jaiona,1.0
Jaioni,1.0
Jaionna,1.0
Jaira,1.0
Jain,1.0
Jairah,1.0
Jairy,1.0
Jaisa,1.0
Jaisha,1.0
Jaislee,1.0
Jaisley,1.0
Jaislyn,1.0
Jaislynn,1.0
Jaisvi,1.0
Jaisy,1.0
Jaiya,1.0
Jaiyah,1.0
Jaina,1.0
Jaimya,1.0
Jaiyanna,1.0
Jailinne,1.0
Jailee,1.0
Jaileen,1.0
Jaileene,1.0
Jailei,1.0
Jaileigh,1.0
Jailene,1.0
Jailenne,1.0
Jailey,1.0
Jaili,1.0
Jailia,1.0
Jailiana,1.0
Jailine,1.0
Jailiyah,1.0
Jaimmie,1.0
Jailoni,1.0
Jaily,1.0
Jailyne,1.0
Jailynne,1.0
Jaima,1.0
Jaimarie,1.0
Jaimaya,1.0
Jaimelee,1.0
Jaimelyn,1.0
Jaimelynn,1.0
Jaimi,1.0
Jaimielee,1.0
Jaiyana,1.0
Jaiyda,1.0
Jakerah,1.0
Jakeisha,1.0
Jakayla,1.0
Jakaylah,1.0
Jakayle,1.0
Jakaylee,1.0
Jakayln,1.0
Jakea,1.0
Jakeara,1.0
Jakeela,1.0
Jakeelah,1.0
Jakeena,1.0
Jakeia,1.0
Jakeira,1.0
Jakeitha,1.0
Jakayah,1.0
Jakela,1.0
Jakelia,1.0
Jakelin,1.0
Jakeline,1.0
Jakelle,1.0
Jakelyn,1.0
Jakelyne,1.0
Jakelynn,1.0
Jakema,1.0
Jakendra,1.0
Jakenya,1.0
Jakenzie,1.0
Jakayia,1.0
Jakaya,1.0
Jaiyla,1.0
Jakaira,1.0
Jaiylah,1.0
Jaiyonna,1.0
Jaiyori,1.0
Jaiza,1.0
Jajaira,1.0
Jajuana,1.0
Jakada,1.0
Jakaela,1.0
Jakaia,1.0
Jakaila,1.0
Jakailah,1.0
Jakailyn,1.0
Jakaiya,1.0
Jakasia,1.0
Jakaiyah,1.0
Jakala,1.0
Jakalah,1.0
Jakalia,1.0
Jakalya,1.0
Jakalyn,1.0
Jakalynn,1.0
Jakara,1.0
Jakarah,1.0
Jakaria,1.0
Jakarra,1.0
Jakashia,1.0
Jaileah,1.0
Jailea,1.0
Jailany,1.0
Jahmya,1.0
Jahlissa,1.0
Jahliya,1.0
Jahliyah,1.0
Jahlynn,1.0
Jahmaya,1.0
Jahmela,1.0
Jahmelia,1.0
Jahmia,1.0
Jahmila,1.0
Jahmira,1.0
Jahmiya,1.0
Jahmiyah,1.0
Jahmyah,1.0
Jahliah,1.0
Jahmyia,1.0
Jahna,1.0
Jahnae,1.0
Jahnasia,1.0
Jahnavi,1.0
Jahnay,1.0
Jahnaya,1.0
Jahne,1.0
Jahnea,1.0
Jahnee,1.0
Jahnel,1.0
Jahnell,1.0
Jahlisa,1.0
Jahlia,1.0
Jailani,1.0
Jahida,1.0
Jahaira,1.0
Jahairy,1.0
Jahala,1.0
Jahana,1.0
Jahanara,1.0
Jahanna,1.0
Jahasia,1.0
Jahayra,1.0
Jahda,1.0
Jahdae,1.0
Jahde,1.0
Jahia,1.0
Jahira,1.0
Jahleya,1.0
Jahirah,1.0
Jahiya,1.0
Jahiyah,1.0
Jahkayla,1.0
Jahkia,1.0
Jahkira,1.0
Jahla,1.0
Jahlaya,1.0
Jahlayah,1.0
Jahlea,1.0
Jahleah,1.0
Jahlena,1.0
Jahnelle,1.0
Jahnessa,1.0
Jahnia,1.0
Jaidah,1.0
Jaia,1.0
Jaiah,1.0
Jaiana,1.0
Jaiani,1.0
Jaianna,1.0
Jaiannah,1.0
Jaiasia,1.0
Jaicee,1.0
Jaicey,1.0
Jaici,1.0
Jaicie,1.0
Jaida,1.0
Jaidalyn,1.0
Jahniah,1.0
Jaidalynn,1.0
Jaide,1.0
Jaidee,1.0
Jaidelyn,1.0
Jaidi,1.0
Jaidlyn,1.0
Jaidy,1.0
Jaielle,1.0
Jaila,1.0
Jailah,1.0
Jailahni,1.0
Jailanee,1.0
Jahzlynn,1.0
Jahziyah,1.0
Jahziya,1.0
Jahzelle,1.0
Jahnice,1.0
Jahniece,1.0
Jahnique,1.0
Jahnise,1.0
Jahniya,1.0
Jahniyah,1.0
Jahnna,1.0
Jahnova,1.0
Jahnvi,1.0
Jahnya,1.0
Jahnyah,1.0
Jahnyia,1.0
Jahnyla,1.0
Jahonna,1.0
Jahria,1.0
Jahriyah,1.0
Jahya,1.0
Jahyda,1.0
Jahyra,1.0
Jahzara,1.0
Jahzarah,1.0
Jahzari,1.0
Jahzaria,1.0
Jahzarra,1.0
Jahzell,1.0
Jakera,1.0
Jakeria,1.0
Iveigh,1.0
Jalis,1.0
Jalice,1.0
Jalicia,1.0
Jalie,1.0
Jaliea,1.0
Jalieah,1.0
Jaliene,1.0
Jaliesa,1.0
Jalila,1.0
Jalilah,1.0
Jalina,1.0
Jalinda,1.0
Jaline,1.0
Jalise,1.0
Jaliayah,1.0
Jalisha,1.0
Jalishia,1.0
Jalisia,1.0
Jalissa,1.0
Jalisse,1.0
Jalissia,1.0
Jalita,1.0
Jalitza,1.0
Jalivia,1.0
Jaliya,1.0
Jaliyah,1.0
Jaliyha,1.0
Jalica,1.0
Jaliana,1.0
Jaliza,1.0
Jalessia,1.0
Jaleiyah,1.0
Jalena,1.0
Jalencia,1.0
Jaleny,1.0
Jaleria,1.0
Jalesa,1.0
Jalese,1.0
Jalesha,1.0
Jaleshia,1.0
Jalesia,1.0
Jalessa,1.0
Jalesse,1.0
Jalexa,1.0
Jalia,1.0
Jalexi,1.0
Jalexia,1.0
Jalexie,1.0
Jalexis,1.0
Jalexus,1.0
Jalexy,1.0
Jaley,1.0
Jaleya,1.0
Jaleyah,1.0
Jaleyiah,1.0
Jaleyza,1.0
Jali,1.0
Jaliyiah,1.0
Jallisa,1.0
Jakeriya,1.0
Jamariyah,1.0
Jamaiyah,1.0
Jamaka,1.0
Jamala,1.0
Jamalia,1.0
Jamalyn,1.0
Jamanda,1.0
Jamantha,1.0
Jamarah,1.0
Jamariah,1.0
Jamariana,1.0
Jamariona,1.0
Jamariya,1.0
Jamarra,1.0
Jamaira,1.0
Jamarria,1.0
Jamarya,1.0
Jamasia,1.0
Jamauria,1.0
Jamay,1.0
Jamaya,1.0
Jamayah,1.0
Jamayca,1.0
Jamayia,1.0
Jamayiah,1.0
Jamayka,1.0
Jamayla,1.0
Jamaiya,1.0
Jamaika,1.0
Jalliyah,1.0
Jalylah,1.0
Jalna,1.0
Jalonda,1.0
Jalonie,1.0
Jalonii,1.0
Jalpa,1.0
Jalya,1.0
Jalyah,1.0
Jalyce,1.0
Jalycia,1.0
Jalyia,1.0
Jalyiah,1.0
Jalyla,1.0
Jalyna,1.0
Jamaicia,1.0
Jalynne,1.0
Jalyrica,1.0
Jalysa,1.0
Jalyse,1.0
Jalysia,1.0
Jalyssa,1.0
Jalyssia,1.0
Jalyza,1.0
Jamaca,1.0
Jamacia,1.0
Jamaia,1.0
Jamaiah,1.0
Jaleiya,1.0
Jaleisha,1.0
Jaleisa,1.0
Jakyah,1.0
Jakita,1.0
Jakiya,1.0
Jakiyah,1.0
Jakiyla,1.0
Jakiylah,1.0
Jakiyra,1.0
Jakki,1.0
Jaklyn,1.0
Jaklynn,1.0
Jakora,1.0
Jakoria,1.0
Jakya,1.0
Jakyia,1.0
Jakirria,1.0
Jakyiah,1.0
Jakyla,1.0
Jakylah,1.0
Jakylee,1.0
Jakylia,1.0
Jakylie,1.0
Jakyra,1.0
Jakyrah,1.0
Jakyria,1.0
Jakyriah,1.0
Jakzenny,1.0
Jala,1.0
Jakisha,1.0
Jakirrah,1.0
Jaleigha,1.0
Jakhya,1.0
Jakerra,1.0
Jakerria,1.0
Jakesha,1.0
Jakeshia,1.0
Jaketa,1.0
Jakevia,1.0
Jakeya,1.0
Jakeyah,1.0
Jakeyla,1.0
Jakhia,1.0
Jakhira,1.0
Jakhiya,1.0
Jakhyia,1.0
Jakirra,1.0
Jakhyla,1.0
Jakia,1.0
Jakiara,1.0
Jakiaya,1.0
Jakiera,1.0
Jakierra,1.0
Jakila,1.0
Jakilah,1.0
Jakima,1.0
Jakira,1.0
Jakirah,1.0
Jakiria,1.0
Jalaa,1.0
Jalacia,1.0
Jalae,1.0
Jaleeah,1.0
Jalayne,1.0
Jalaysha,1.0
Jalayshia,1.0
Jalaysia,1.0
Jalea,1.0
Jaleah,1.0
Jaleaha,1.0
Jaleana,1.0
Jaleasa,1.0
Jalecia,1.0
Jalee,1.0
Jaleea,1.0
Jaleela,1.0
Jalahni,1.0
Jaleena,1.0
Jaleese,1.0
Jaleesha,1.0
Jaleesia,1.0
Jaleeya,1.0
Jaleeyah,1.0
Jaleeza,1.0
Jaleh,1.0
Jalei,1.0
Jaleia,1.0
Jaleiah,1.0
Jaleigh,1.0
Jalayna,1.0
Jalaylah,1.0
Jalayla,1.0
Jalayiah,1.0
Jalai,1.0
Jalaia,1.0
Jalaiah,1.0
Jalaila,1.0
Jalaina,1.0
Jalaine,1.0
Jalaiya,1.0
Jalaiyah,1.0
Jalana,1.0
Jalanda,1.0
Jalane,1.0
Jalanie,1.0
Jalanii,1.0
Jalanna,1.0
Jalanni,1.0
Jalasha,1.0
Jalashia,1.0
Jalasia,1.0
Jalauni,1.0
Jalay,1.0
Jalaya,1.0
Jalayah,1.0
Jalaycia,1.0
Jalayha,1.0
Jalayia,1.0
Jahaida,1.0
Jaeyla,1.0
Jaeya,1.0
Izlani,1.0
Izella,1.0
Izellah,1.0
Izelle,1.0
Izely,1.0
Izena,1.0
Izetta,1.0
Izhane,1.0
Iziana,1.0
Izibella,1.0
Izidora,1.0
Izla,1.0
Izlah,1.0
Izley,1.0
Izela,1.0
Izma,1.0
Izna,1.0
Izobel,1.0
Izola,1.0
Izona,1.0
Izora,1.0
Izsabella,1.0
Izumi,1.0
Izybella,1.0
Izza,1.0
Izzabel,1.0
Izzabela,1.0
Izelia,1.0
Izebella,1.0
Izzabella,1.0
Izamara,1.0
Izabela,1.0
Izabelah,1.0
Izabele,1.0
Izabell,1.0
Izabella,1.0
Izabellah,1.0
Izabelle,1.0
Izadora,1.0
Izahbella,1.0
Izalea,1.0
Izalia,1.0
Izalyn,1.0
Izamary,1.0
Izayana,1.0
Izana,1.0
Izara,1.0
Izarah,1.0
Izarayla,1.0
Izari,1.0
Izaria,1.0
Izariah,1.0
Izariya,1.0
Izariyah,1.0
Izarra,1.0
Izaura,1.0
Izavella,1.0
Izzabell,1.0
Izzabellah,1.0
Jaesha,1.0
Jacci,1.0
Jabrina,1.0
Jabriya,1.0
Jabriyah,1.0
Jacalyn,1.0
Jacalynn,1.0
Jacara,1.0
Jacaranda,1.0
Jacaria,1.0
Jacarla,1.0
Jacarra,1.0
Jacarria,1.0
Jacayla,1.0
Jacelin,1.0
Jabriah,1.0
Jaceline,1.0
Jacella,1.0
Jacelle,1.0
Jacely,1.0
Jacelyn,1.0
Jacelynn,1.0
Jacenda,1.0
Jacenia,1.0
Jacenta,1.0
Jacgueline,1.0
Jache,1.0
Jachelle,1.0
Jabrielle,1.0
Jabria,1.0
Izzabelle,1.0
Jaanna,1.0
Izzah,1.0
Izzi,1.0
Izzibella,1.0
Izzie,1.0
Izzybella,1.0
Jaada,1.0
Jaade,1.0
Jaala,1.0
Jaalah,1.0
Jaaliyah,1.0
Jaana,1.0
Jaanai,1.0
Jaanvi,1.0
Jabreya,1.0
Jaanvika,1.0
Jaap,1.0
Jaasia,1.0
Jaasritha,1.0
Jabella,1.0
Jabina,1.0
Jaboa,1.0
Jabora,1.0
Jabrayah,1.0
Jabrea,1.0
Jabreena,1.0
Jabreia,1.0
Izabel,1.0
Iyunna,1.0
Iyuna,1.0
Ivyanne,1.0
Ivori,1.0
Ivorie,1.0
Ivoryana,1.0
Ivoryanna,1.0
Ivoryrose,1.0
Ivra,1.0
Ivree,1.0
Ivrie,1.0
Ivvy,1.0
Ivyana,1.0
Ivyann,1.0
Ivyanna,1.0
Ivye,1.0
Ivonna,1.0
Ivygrace,1.0
Ivylee,1.0
Ivylyn,1.0
Ivylynn,1.0
Ivymae,1.0
Ivymarie,1.0
Ivyona,1.0
Ivyonna,1.0
Ivyrae,1.0
Ivyrose,1.0
Ivyunna,1.0
Ivyy,1.0
Ivoree,1.0
Ivonn,1.0
Iyssis,1.0
Ivet,1.0
Ivelin,1.0
Ivelis,1.0
Ivelise,1.0
Ivelisse,1.0
Iveliz,1.0
Ivell,1.0
Ivelle,1.0
Ivelyn,1.0
Ivena,1.0
Ivera,1.0
Iverly,1.0
Iverna,1.0
Iveth,1.0
Ivone,1.0
Ivett,1.0
Ivetta,1.0
Ivi,1.0
Ivia,1.0
Ivian,1.0
Iviana,1.0
Ivianna,1.0
Iviannah,1.0
Iviona,1.0
Ivionna,1.0
Ivola,1.0
Ivona,1.0
Iwalani,1.0
Iwana,1.0
Iwinosa,1.0
Iyona,1.0
Iyeshia,1.0
Iyhana,1.0
Iyiana,1.0
Iyisha,1.0
Iyla,1.0
Iylah,1.0
Iylan,1.0
Iyland,1.0
Iylani,1.0
Iylee,1.0
Iyleen,1.0
Iymona,1.0
Iyonah,1.0
Iwona,1.0
Iyone,1.0
Iyoni,1.0
Iyonia,1.0
Iyonna,1.0
Iyonnah,1.0
Iyonnie,1.0
Iyra,1.0
Iyris,1.0
Iysha,1.0
Iyshia,1.0
Iysis,1.0
Iysiss,1.0
Iyesha,1.0
Iyeisha,1.0
Iycess,1.0
Iyaunna,1.0
Ixareli,1.0
Ixayana,1.0
Ixcel,1.0
Ixchel,1.0
Ixchell,1.0
Ixel,1.0
Ixia,1.0
Ixora,1.0
Ixsel,1.0
Ixtzel,1.0
Ixzel,1.0
Iya,1.0
Iyahna,1.0
Iyal,1.0
Iyali,1.0
Iyana,1.0
Iyanah,1.0
Iyani,1.0
Iyania,1.0
Iyanla,1.0
Iyanna,1.0
Iyannah,1.0
Iyanni,1.0
Iyasia,1.0
Iyauna,1.0
Jaci,1.0
Jacia,1.0
Jaciah,1.0
Jadey,1.0
Jadelin,1.0
Jadeline,1.0
Jadelyn,1.0
Jadelynn,1.0
Jadelynne,1.0
Jademarie,1.0
Jadene,1.0
Jadenne,1.0
Jaderose,1.0
Jadesha,1.0
Jadesola,1.0
Jadeth,1.0
Jadha,1.0
Jaded,1.0
Jadi,1.0
Jadia,1.0
Jadiamond,1.0
Jadiana,1.0
Jadielys,1.0
Jadilyn,1.0
Jadine,1.0
Jadior,1.0
Jadira,1.0
Jadiyah,1.0
Jadlyn,1.0
Jadlynn,1.0
Jadee,1.0
Jadeann,1.0
Jacynthia,1.0
Jadalyn,1.0
Jadae,1.0
Jadagrace,1.0
Jadah,1.0
Jadai,1.0
Jadaiah,1.0
Jadaija,1.0
Jadaisha,1.0
Jadalee,1.0
Jadali,1.0
Jadalin,1.0
Jadalise,1.0
Jadaliz,1.0
Jadalynn,1.0
Jadealynn,1.0
Jadalys,1.0
Jadalyse,1.0
Jadamarie,1.0
Jadaria,1.0
Jadarose,1.0
Jadasha,1.0
Jadasia,1.0
Jadaya,1.0
Jadayah,1.0
Jadda,1.0
Jadea,1.0
Jadeah,1.0
Jadoir,1.0
Jadonna,1.0
Jadora,1.0
Jaelle,1.0
Jaelia,1.0
Jaeliah,1.0
Jaeliana,1.0
Jaeliani,1.0
Jaelianna,1.0
Jaelie,1.0
Jaelina,1.0
Jaeline,1.0
Jaelinn,1.0
Jaelithe,1.0
Jaeliyah,1.0
Jaella,1.0
Jaeloni,1.0
Jadwiga,1.0
Jaely,1.0
Jaelyne,1.0
Jaelynne,1.0
Jaelys,1.0
Jaemarie,1.0
Jaemi,1.0
Jaemie,1.0
Jaena,1.0
Jaenelle,1.0
Jaeona,1.0
Jaeonna,1.0
Jaesa,1.0
Jaeli,1.0
Jaeley,1.0
Jaelene,1.0
Jaeleigh,1.0
Jadynce,1.0
Jadynne,1.0
Jadzia,1.0
Jadziah,1.0
Jaea,1.0
Jaeana,1.0
Jaeanna,1.0
Jaecee,1.0
Jaeci,1.0
Jaecia,1.0
Jaeda,1.0
Jaedah,1.0
Jaedalyn,1.0
Jaede,1.0
Jaela,1.0
Jaelah,1.0
Jaelani,1.0
Jaelanie,1.0
Jaelanii,1.0
Jaelany,1.0
Jaelea,1.0
Jaeleah,1.0
Jaelee,1.0
Jaeleen,1.0
Jaelei,1.0
Jacyra,1.0
Jacynth,1.0
Jaciana,1.0
Jackqulyn,1.0
Jacklin,1.0
Jackline,1.0
Jacklon,1.0
Jacklyne,1.0
Jacklynn,1.0
Jacklynne,1.0
Jackolyn,1.0
Jackquelin,1.0
Jackqueline,1.0
Jackquelyn,1.0
Jackqulin,1.0
Jackquline,1.0
Jackueline,1.0
Jacklen,1.0
Jackye,1.0
Jacleen,1.0
Jaclene,1.0
Jaclin,1.0
Jaclyne,1.0
Jaclynn,1.0
Jaclynne,1.0
Jacoba,1.0
Jacolyn,1.0
Jacora,1.0
Jacoria,1.0
Jacoya,1.0
Jacklene,1.0
Jackleen,1.0
Jacynda,1.0
Jackaline,1.0
Jacianna,1.0
Jacilyn,1.0
Jacilynn,1.0
Jacina,1.0
Jacinda,1.0
Jacine,1.0
Jacinta,1.0
Jacintha,1.0
Jacionna,1.0
Jaciya,1.0
Jaciyah,1.0
Jackalin,1.0
Jackalyn,1.0
Jackilynn,1.0
Jackalynn,1.0
Jackee,1.0
Jackelin,1.0
Jackeline,1.0
Jackelinne,1.0
Jackelyn,1.0
Jackelyne,1.0
Jackelynn,1.0
Jackia,1.0
Jackielyn,1.0
Jackielynn,1.0
Jackilyn,1.0
Jacqeline,1.0
Jacqelyn,1.0
Jacqlene,1.0
Jacqulene,1.0
Jacquetta,1.0
Jacquette,1.0
Jacquia,1.0
Jacquie,1.0
Jacquiline,1.0
Jacquilla,1.0
Jacquilyn,1.0
Jacquilynn,1.0
Jacquisha,1.0
Jacquita,1.0
Jacquitta,1.0
Jacquleen,1.0
Jacqulin,1.0
Jacqline,1.0
Jacqulina,1.0
Jacquline,1.0
Jacqulyn,1.0
Jacqulyne,1.0
Jacqulynn,1.0
Jacquoline,1.0
Jacquolyn,1.0
Jacueline,1.0
Jaculin,1.0
Jaculine,1.0
Jacyln,1.0
Jacylyn,1.0
Jacquesha,1.0
Jacquenette,1.0
Jacquelynne,1.0
Jacquelynn,1.0
Jacqlyn,1.0
Jacqlynn,1.0
Jacqua,1.0
Jacqualin,1.0
Jacqualine,1.0
Jacqualyn,1.0
Jacqualyne,1.0
Jacqualynn,1.0
Jacquana,1.0
Jacquanna,1.0
Jacquece,1.0
Jacquee,1.0
Jacqueleen,1.0
Jacquelen,1.0
Jacquelene,1.0
Jacqueli,1.0
Jacquelin,1.0
Jacquelina,1.0
Jacqueling,1.0
Jacquelinne,1.0
Jacquella,1.0
Jacquelle,1.0
Jacquelline,1.0
Jacquely,1.0
Jacquelyne,1.0
Jewelyssa,1.0
Jewl,1.0
Jewlia,1.0
Kather,1.0
Katharyne,1.0
Kathay,1.0
Kathe,1.0
Kathee,1.0
Katheen,1.0
Katheine,1.0
Kathelean,1.0
Katheleen,1.0
Kathelene,1.0
Katheline,1.0
Kathelyn,1.0
Kathena,1.0
Katheran,1.0
Katharina,1.0
Katheren,1.0
Katherene,1.0
Katheriene,1.0
Katherin,1.0
Katherina,1.0
Katherinne,1.0
Katherleen,1.0
Katherlene,1.0
Katherline,1.0
Kathern,1.0
Katherne,1.0
Katheryn,1.0
Katharyn,1.0
Katharin,1.0
Katherynn,1.0
Kateryna,1.0
Katenia,1.0
Katera,1.0
Katerena,1.0
Kateri,1.0
Kateria,1.0
Katerin,1.0
Katerina,1.0
Katerine,1.0
Katerinne,1.0
Katerra,1.0
Katerria,1.0
Kateryn,1.0
Katesha,1.0
Kathalyn,1.0
Kateshia,1.0
Katessa,1.0
Katey,1.0
Kath,1.0
Katha,1.0
Kathaleen,1.0
Kathaleia,1.0
Kathalene,1.0
Kathaleya,1.0
Kathalia,1.0
Kathalina,1.0
Kathaline,1.0
Katheryne,1.0
Kathey,1.0
Katianna,1.0
Kathyern,1.0
Kathrina,1.0
Kathrine,1.0
Kathry,1.0
Kathrynann,1.0
Kathrynanne,1.0
Kathryne,1.0
Kathrynn,1.0
Kathrynne,1.0
Kathya,1.0
Kathyann,1.0
Kathyanne,1.0
Kathye,1.0
Kathyjo,1.0
Kathrene,1.0
Kathyleen,1.0
Kathylene,1.0
Kathyn,1.0
Kathyren,1.0
Kathyria,1.0
Kathyrine,1.0
Kathyrn,1.0
Kathyrne,1.0
Kathyy,1.0
Kati,1.0
Katia,1.0
Katiana,1.0
Kathrin,1.0
Kathren,1.0
Kathi,1.0
Kathleenmary,1.0
Kathia,1.0
Kathiana,1.0
Kathie,1.0
Kathileen,1.0
Kathina,1.0
Kathiria,1.0
Kathlean,1.0
Kathlee,1.0
Kathleeen,1.0
Kathleena,1.0
Kathleenann,1.0
Kathleene,1.0
Kathlen,1.0
Kathreen,1.0
Kathlena,1.0
Kathlene,1.0
Kathlin,1.0
Kathlina,1.0
Kathline,1.0
Kathllen,1.0
Kathlyn,1.0
Kathlyne,1.0
Kathlynn,1.0
Katholeen,1.0
Kathran,1.0
Kathrean,1.0
Katence,1.0
Katena,1.0
Katen,1.0
Kassidi,1.0
Kassara,1.0
Kassaundra,1.0
Kassaya,1.0
Kassedy,1.0
Kassee,1.0
Kassi,1.0
Kassia,1.0
Kassiana,1.0
Kassiani,1.0
Kasside,1.0
Kassidee,1.0
Kassidey,1.0
Kassidie,1.0
Kassandre,1.0
Kassie,1.0
Kassity,1.0
Kassondra,1.0
Kassy,1.0
Kassydi,1.0
Kasumi,1.0
Kasundra,1.0
Kasy,1.0
Kasydi,1.0
Kasye,1.0
Kat,1.0
Kata,1.0
Kassandrea,1.0
Kassandr,1.0
Katelynne,1.0
Kasinda,1.0
Kashondra,1.0
Kashonna,1.0
Kashunda,1.0
Kashvi,1.0
Kashya,1.0
Kashyia,1.0
Kashyra,1.0
Kasia,1.0
Kasidee,1.0
Kasidi,1.0
Kasidy,1.0
Kasima,1.0
Kasity,1.0
Kassaia,1.0
Kasiya,1.0
Kaslyn,1.0
Kaslynn,1.0
Kasmin,1.0
Kasmine,1.0
Kasmira,1.0
Kasondra,1.0
Kasonya,1.0
Kassadee,1.0
Kassadi,1.0
Kassadie,1.0
Kassady,1.0
Katalaya,1.0
Katalayah,1.0
Katalea,1.0
Kateleen,1.0
Katashia,1.0
Katasia,1.0
Katavia,1.0
Kataya,1.0
Kateara,1.0
Katedra,1.0
Katee,1.0
Kateena,1.0
Kateisha,1.0
Katelan,1.0
Kateland,1.0
Katelee,1.0
Kateleigh,1.0
Kataleah,1.0
Katelen,1.0
Kateleya,1.0
Katelin,1.0
Katelina,1.0
Katelind,1.0
Kateline,1.0
Katelinn,1.0
Katelon,1.0
Katelund,1.0
Kately,1.0
Katelynd,1.0
Katelyne,1.0
Katasha,1.0
Katarzyna,1.0
Kataryna,1.0
Katarra,1.0
Kataleena,1.0
Kataleia,1.0
Kataleigha,1.0
Kataleiya,1.0
Katalena,1.0
Kataleya,1.0
Kataleyah,1.0
Katalia,1.0
Kataliah,1.0
Katalin,1.0
Katalina,1.0
Katalinna,1.0
Kataliya,1.0
Kataliyah,1.0
Katalya,1.0
Katalyn,1.0
Katalyna,1.0
Katalynna,1.0
Katana,1.0
Katanna,1.0
Katanya,1.0
Katara,1.0
Katarena,1.0
Kataria,1.0
Katarina,1.0
Katiann,1.0
Katianne,1.0
Kaylarae,1.0
Kayarie,1.0
Kayah,1.0
Kayahna,1.0
Kayal,1.0
Kayala,1.0
Kayali,1.0
Kayana,1.0
Kayann,1.0
Kayanna,1.0
Kayannah,1.0
Kayanne,1.0
Kayanni,1.0
Kayari,1.0
Kayatana,1.0
Kawthar,1.0
Kaybre,1.0
Kaybree,1.0
Kaybri,1.0
Kaybrie,1.0
Kaybrielle,1.0
Kaycei,1.0
Kaycey,1.0
Kaycia,1.0
Kaycie,1.0
Kayda,1.0
Kaydance,1.0
Kaydee,1.0
Kawther,1.0
Kawtar,1.0
Kaydense,1.0
Kavleen,1.0
Kaveah,1.0
Kaveona,1.0
Kaveri,1.0
Kavery,1.0
Kavia,1.0
Kavina,1.0
Kaviona,1.0
Kavisha,1.0
Kavita,1.0
Kavitha,1.0
Kaviya,1.0
Kaviyah,1.0
Kavona,1.0
Kawsar,1.0
Kavonda,1.0
Kavonna,1.0
Kawailani,1.0
Kawana,1.0
Kawanda,1.0
Kawanis,1.0
Kawanna,1.0
Kawanza,1.0
Kawehi,1.0
Kawehilani,1.0
Kawona,1.0
Kawonna,1.0
Kaydens,1.0
Kaydenze,1.0
Katieann,1.0
Kaylana,1.0
Kayisha,1.0
Kayja,1.0
Kayjah,1.0
Kaylaa,1.0
Kaylaann,1.0
Kaylaanne,1.0
Kaylae,1.0
Kaylah,1.0
Kaylahni,1.0
Kaylalynn,1.0
Kaylamae,1.0
Kaylamarie,1.0
Kaylane,1.0
Kayia,1.0
Kaylanee,1.0
Kaylani,1.0
Kaylanicole,1.0
Kaylanie,1.0
Kaylanii,1.0
Kaylanis,1.0
Kaylann,1.0
Kaylanna,1.0
Kaylanne,1.0
Kaylanni,1.0
Kaylannie,1.0
Kaylany,1.0
Kayior,1.0
Kayhlani,1.0
Kaydi,1.0
Kayelee,1.0
Kaydia,1.0
Kaydie,1.0
Kaydience,1.0
Kaydince,1.0
Kaydnce,1.0
Kaydra,1.0
Kaydree,1.0
Kaydrie,1.0
Kaydynce,1.0
Kayedence,1.0
Kayela,1.0
Kayelani,1.0
Kayeleigh,1.0
Kayhla,1.0
Kayeli,1.0
Kayelin,1.0
Kayella,1.0
Kayelle,1.0
Kayeloni,1.0
Kayelyn,1.0
Kayelynn,1.0
Kayenat,1.0
Kayenne,1.0
Kayesha,1.0
Kayetta,1.0
Kaygan,1.0
Kavayah,1.0
Kava,1.0
Kaushiki,1.0
Katona,1.0
Katla,1.0
Katlain,1.0
Katlan,1.0
Katleen,1.0
Katlen,1.0
Katleyn,1.0
Katline,1.0
Katlynd,1.0
Katlyne,1.0
Katlynn,1.0
Katlynne,1.0
Katniss,1.0
Katonia,1.0
Katiyah,1.0
Katonna,1.0
Katonya,1.0
Katora,1.0
Katorah,1.0
Katoria,1.0
Katosha,1.0
Katoya,1.0
Katravia,1.0
Katrea,1.0
Katrece,1.0
Katreen,1.0
Katreena,1.0
Katja,1.0
Katiya,1.0
Kausha,1.0
Katileya,1.0
Katieanne,1.0
Katiejo,1.0
Katielee,1.0
Katielyn,1.0
Katielynn,1.0
Katiemae,1.0
Katiemarie,1.0
Katiera,1.0
Katierra,1.0
Katija,1.0
Katika,1.0
Katilaya,1.0
Katilin,1.0
Katiuska,1.0
Katilyn,1.0
Katilynn,1.0
Katima,1.0
Katine,1.0
Katinia,1.0
Katinka,1.0
Katinna,1.0
Katira,1.0
Katiria,1.0
Katisha,1.0
Katishia,1.0
Katiuscia,1.0
Katreina,1.0
Katrena,1.0
Katrenia,1.0
Katyanna,1.0
Kattia,1.0
Kattie,1.0
Kattina,1.0
Kattleya,1.0
Kattrina,1.0
Katty,1.0
Kattya,1.0
Katura,1.0
Katurah,1.0
Katya,1.0
Katyana,1.0
Katyann,1.0
Katyayani,1.0
Katrenna,1.0
Katybeth,1.0
Katylin,1.0
Katyln,1.0
Katylyn,1.0
Katylynn,1.0
Katyna,1.0
Katyra,1.0
Katyria,1.0
Kaui,1.0
Kaula,1.0
Kaura,1.0
Kausar,1.0
Katti,1.0
Kattaleya,1.0
Kattaleia,1.0
Katsuko,1.0
Katresa,1.0
Katrese,1.0
Katri,1.0
Katria,1.0
Katriana,1.0
Katrianna,1.0
Katrica,1.0
Katrice,1.0
Katricia,1.0
Katriece,1.0
Katrielle,1.0
Katrien,1.0
Katriena,1.0
Katrin,1.0
Katrinamarie,1.0
Katrine,1.0
Katrinia,1.0
Katrinka,1.0
Katrinna,1.0
Katriona,1.0
Katrisa,1.0
Katrisha,1.0
Katryn,1.0
Katryna,1.0
Katsue,1.0
Kashonda,1.0
Kashona,1.0
Kashmira,1.0
Kanoe,1.0
Kanishia,1.0
Kanishka,1.0
Kanissa,1.0
Kanita,1.0
Kanitha,1.0
Kanitra,1.0
Kaniya,1.0
Kaniyah,1.0
Kaniyha,1.0
Kaniyla,1.0
Kaniylah,1.0
Kanna,1.0
Kanoelani,1.0
Kanise,1.0
Kanoi,1.0
Kanora,1.0
Kanosha,1.0
Kantina,1.0
Kantrice,1.0
Kanvi,1.0
Kanwal,1.0
Kany,1.0
Kanyah,1.0
Kanyatta,1.0
Kanyia,1.0
Kanyiah,1.0
Kanisha,1.0
Kanisa,1.0
Kanyla,1.0
Kanetra,1.0
Kaneeshia,1.0
Kaneidra,1.0
Kaneisha,1.0
Kaneka,1.0
Kanella,1.0
Kanesha,1.0
Kaneshia,1.0
Kanesia,1.0
Kanessa,1.0
Kanessha,1.0
Kanetha,1.0
Kanethia,1.0
Kanette,1.0
Kanira,1.0
Kania,1.0
Kaniah,1.0
Kanica,1.0
Kaniece,1.0
Kaniesha,1.0
Kanija,1.0
Kanijah,1.0
Kanijha,1.0
Kanika,1.0
Kanila,1.0
Kanilah,1.0
Kaniqua,1.0
Kanyjah,1.0
Kanylah,1.0
Kashlynn,1.0
Kareana,1.0
Karalyne,1.0
Karalynn,1.0
Karalynne,1.0
Karamia,1.0
Karana,1.0
Karanda,1.0
Karasi,1.0
Karaya,1.0
Karcynn,1.0
Kardi,1.0
Kardyn,1.0
Kare,1.0
Kareema,1.0
Karaline,1.0
Kareemah,1.0
Kareena,1.0
Kareese,1.0
Kareesha,1.0
Kareli,1.0
Karelia,1.0
Karelie,1.0
Karelin,1.0
Karelis,1.0
Karelly,1.0
Karely,1.0
Karelyn,1.0
Karalyn,1.0
Karalina,1.0
Kanyra,1.0
Kapricia,1.0
Kanysha,1.0
Kanza,1.0
Kaola,1.0
Kaolin,1.0
Kaomi,1.0
Kaoni,1.0
Kaonou,1.0
Kaory,1.0
Kapiolani,1.0
Kapresha,1.0
Kapria,1.0
Kaprice,1.0
Kaprisha,1.0
Karalin,1.0
Kar,1.0
Karaann,1.0
Karabella,1.0
Karadyn,1.0
Karagan,1.0
Karagen,1.0
Karah,1.0
Karai,1.0
Karalea,1.0
Karalee,1.0
Karaleigh,1.0
Karalena,1.0
Kaneesha,1.0
Kanedra,1.0
Kanecia,1.0
Kamore,1.0
Kamiylah,1.0
Kamiyra,1.0
Kamla,1.0
Kamlyn,1.0
Kammi,1.0
Kammie,1.0
Kammy,1.0
Kamonie,1.0
Kamonii,1.0
Kamor,1.0
Kamora,1.0
Kamorah,1.0
Kamoree,1.0
Kamiyha,1.0
Kamoria,1.0
Kamorra,1.0
Kamour,1.0
Kamoura,1.0
Kamouri,1.0
Kamra,1.0
Kamree,1.0
Kamreigh,1.0
Kamrey,1.0
Kamri,1.0
Kamrie,1.0
Kamrii,1.0
Kamiyla,1.0
Kamiyah,1.0
Kanea,1.0
Kamillia,1.0
Kamijah,1.0
Kamika,1.0
Kamiko,1.0
Kamila,1.0
Kamilah,1.0
Kamile,1.0
Kamili,1.0
Kamilia,1.0
Kamiliah,1.0
Kamill,1.0
Kamilla,1.0
Kamillah,1.0
Kamilly,1.0
Kamiya,1.0
Kamily,1.0
Kamilya,1.0
Kamilyah,1.0
Kamina,1.0
Kamini,1.0
Kamira,1.0
Kamirah,1.0
Kamiria,1.0
Kamirra,1.0
Kamiryn,1.0
Kamisha,1.0
Kamishia,1.0
Kamryne,1.0
Kamrynne,1.0
Kamsiyonna,1.0
Kandice,1.0
Kanasha,1.0
Kanasia,1.0
Kanaya,1.0
Kanchan,1.0
Kanda,1.0
Kandace,1.0
Kandance,1.0
Kandas,1.0
Kande,1.0
Kandee,1.0
Kandence,1.0
Kandi,1.0
Kandida,1.0
Kamy,1.0
Kandie,1.0
Kandis,1.0
Kandise,1.0
Kandiss,1.0
Kandle,1.0
Kandra,1.0
Kandrea,1.0
Kandria,1.0
Kandus,1.0
Kandyce,1.0
Kandys,1.0
Kandyse,1.0
Kanary,1.0
Kanarie,1.0
Kanaria,1.0
Kanami,1.0
Kamya,1.0
Kamyah,1.0
Kamyia,1.0
Kamyiah,1.0
Kamyjah,1.0
Kamyl,1.0
Kamyla,1.0
Kamylah,1.0
Kamyle,1.0
Kamylla,1.0
Kamylle,1.0
Kamyra,1.0
Kamyrah,1.0
Kamyree,1.0
Kamyria,1.0
Kamyrie,1.0
Kanae,1.0
Kanah,1.0
Kanaiya,1.0
Kanaiyah,1.0
Kanaja,1.0
Kanajah,1.0
Kanak,1.0
Kanako,1.0
Kanala,1.0
Karelys,1.0
Karema,1.0
Karena,1.0
Karslyn,1.0
Karriann,1.0
Karrianne,1.0
Karrie,1.0
Karrigan,1.0
Karrin,1.0
Karrina,1.0
Karrine,1.0
Karris,1.0
Karrisa,1.0
Karrissa,1.0
Karryn,1.0
Karsha,1.0
Karslynn,1.0
Karrena,1.0
Karstyn,1.0
Karthika,1.0
Karti,1.0
Kartika,1.0
Kartina,1.0
Kartrina,1.0
Karuna,1.0
Karya,1.0
Karyah,1.0
Karyan,1.0
Karyana,1.0
Karyl,1.0
Karri,1.0
Karren,1.0
Karne,1.0
Karolin,1.0
Karneisha,1.0
Karnesha,1.0
Karneshia,1.0
Karnisha,1.0
Karola,1.0
Karolann,1.0
Karolay,1.0
Karole,1.0
Karolee,1.0
Karoleena,1.0
Karoleigh,1.0
Karolena,1.0
Karolina,1.0
Karre,1.0
Karoline,1.0
Karoll,1.0
Karolyn,1.0
Karolyna,1.0
Karolyne,1.0
Karolynn,1.0
Karoma,1.0
Karona,1.0
Karonda,1.0
Karra,1.0
Karrah,1.0
Karran,1.0
Karyle,1.0
Karylle,1.0
Karyme,1.0
Kashea,1.0
Kashandra,1.0
Kashanna,1.0
Kashanta,1.0
Kashanti,1.0
Kashara,1.0
Kashari,1.0
Kashauna,1.0
Kashaunda,1.0
Kashaundra,1.0
Kashawna,1.0
Kashay,1.0
Kashayla,1.0
Kasheena,1.0
Karyna,1.0
Kashema,1.0
Kashena,1.0
Kashia,1.0
Kashika,1.0
Kashima,1.0
Kashina,1.0
Kashira,1.0
Kashish,1.0
Kashiya,1.0
Kashlee,1.0
Kashley,1.0
Kashlyn,1.0
Kashanda,1.0
Kashana,1.0
Kashala,1.0
Kashaf,1.0
Karyne,1.0
Karynn,1.0
Karynna,1.0
Karynne,1.0
Karys,1.0
Karysa,1.0
Karysma,1.0
Karyss,1.0
Karyssa,1.0
Karyzma,1.0
Kasa,1.0
Kasadee,1.0
Kasadie,1.0
Kasady,1.0
Kasandra,1.0
Kasara,1.0
Kasarah,1.0
Kasaundra,1.0
Kascha,1.0
Kasea,1.0
Kasee,1.0
Kaselyn,1.0
Kaselynn,1.0
Kasha,1.0
Kashae,1.0
Karnecia,1.0
Karmynn,1.0
Karenann,1.0
Karinda,1.0
Karielys,1.0
Karigan,1.0
Karii,1.0
Karil,1.0
Karilee,1.0
Karilyn,1.0
Karilynn,1.0
Karima,1.0
Karimah,1.0
Karime,1.0
Karimen,1.0
Karinah,1.0
Karine,1.0
Karieliz,1.0
Karington,1.0
Karinn,1.0
Karinna,1.0
Karinne,1.0
Kariona,1.0
Karionna,1.0
Karisa,1.0
Karise,1.0
Karisha,1.0
Karishma,1.0
Karisia,1.0
Karisma,1.0
Karielle,1.0
Karie,1.0
Karmyn,1.0
Karesha,1.0
Karenda,1.0
Karene,1.0
Karenina,1.0
Karenlee,1.0
Karenn,1.0
Karenna,1.0
Karensa,1.0
Karent,1.0
Kareny,1.0
Karenza,1.0
Karesa,1.0
Karese,1.0
Karess,1.0
Karidee,1.0
Karessa,1.0
Karesse,1.0
Karetha,1.0
Karhonda,1.0
Karia,1.0
Kariah,1.0
Karian,1.0
Kariana,1.0
Kariann,1.0
Karianna,1.0
Karianne,1.0
Karicia,1.0
Karismah,1.0
Kariss,1.0
Karissa,1.0
Karlynn,1.0
Karlina,1.0
Karline,1.0
Karlisa,1.0
Karlise,1.0
Karlisha,1.0
Karlissa,1.0
Karlita,1.0
Karliyah,1.0
Karlotta,1.0
Karlye,1.0
Karlyee,1.0
Karlyne,1.0
Karlysia,1.0
Karissia,1.0
Karmah,1.0
Karmann,1.0
Karmela,1.0
Karmella,1.0
Karmesha,1.0
Karmia,1.0
Karmin,1.0
Karmina,1.0
Karmindy,1.0
Karmisha,1.0
Karmoni,1.0
Karmya,1.0
Karliee,1.0
Karlie,1.0
Karlianys,1.0
Karliah,1.0
Karissma,1.0
Karista,1.0
Karita,1.0
Karitza,1.0
Kariya,1.0
Kariyah,1.0
Kariyana,1.0
Karizma,1.0
Karizmah,1.0
Karlah,1.0
Karlea,1.0
Karleah,1.0
Karlee,1.0
Karleen,1.0
Karleena,1.0
Karlei,1.0
Karleigh,1.0
Karlena,1.0
Karlene,1.0
Karlesha,1.0
Karletta,1.0
Karlette,1.0
Karley,1.0
Karli,1.0
Karlia,1.0
Kaylar,1.0
Kaylarose,1.0
Jewliana,1.0
Kendria,1.0
Kendee,1.0
Kendelyn,1.0
Kendera,1.0
Kendia,1.0
Kendl,1.0
Kendley,1.0
Kendrah,1.0
Kendral,1.0
Kendralyn,1.0
Kendraya,1.0
Kendrea,1.0
Kendree,1.0
Kendriana,1.0
Kendaya,1.0
Kendrianna,1.0
Kendrica,1.0
Kendricka,1.0
Kendrie,1.0
Kendrika,1.0
Kendrya,1.0
Kendyle,1.0
Kendylle,1.0
Keneasha,1.0
Kenecia,1.0
Kenedee,1.0
Kenedi,1.0
Kendayl,1.0
Kendasia,1.0
Kenedra,1.0
Kenalee,1.0
Kemyia,1.0
Kemyiah,1.0
Kemyra,1.0
Kenadee,1.0
Kenadey,1.0
Kenadi,1.0
Kenadie,1.0
Kenady,1.0
Kenae,1.0
Kenah,1.0
Kenaja,1.0
Kenajah,1.0
Kenara,1.0
Kendar,1.0
Kenaria,1.0
Kenasha,1.0
Kenasia,1.0
Kenaya,1.0
Kenayah,1.0
Kenberly,1.0
Kenda,1.0
Kendalle,1.0
Kendallyn,1.0
Kendallynn,1.0
Kendalyn,1.0
Kendalynn,1.0
Kenedie,1.0
Keneesha,1.0
Kennedie,1.0
Kennadi,1.0
Keniyha,1.0
Kenja,1.0
Kenjal,1.0
Kenjanae,1.0
Kenlani,1.0
Kenlea,1.0
Kenlei,1.0
Kenleigh,1.0
Kenli,1.0
Kenlie,1.0
Kenlynn,1.0
Kennadee,1.0
Kennadie,1.0
Keniya,1.0
Kennady,1.0
Kennae,1.0
Kennah,1.0
Kennasia,1.0
Kennasyn,1.0
Kennay,1.0
Kennaya,1.0
Kenndi,1.0
Kenndra,1.0
Kennecia,1.0
Kennede,1.0
Kennedee,1.0
Keniyah,1.0
Kenitra,1.0
Keneisha,1.0
Kenicia,1.0
Keneka,1.0
Kenesha,1.0
Keneshia,1.0
Kenesia,1.0
Kenessa,1.0
Keneta,1.0
Kenetha,1.0
Kenethia,1.0
Kenetra,1.0
Kenetta,1.0
Kenette,1.0
Keniah,1.0
Kenidee,1.0
Kenithia,1.0
Kenidi,1.0
Kenidie,1.0
Kenidy,1.0
Keniesha,1.0
Kenija,1.0
Kenijah,1.0
Kenika,1.0
Keniqua,1.0
Kenise,1.0
Kenishia,1.0
Kenita,1.0
Kenitha,1.0
Kemyatta,1.0
Kemyah,1.0
Kemya,1.0
Kellsey,1.0
Kelliana,1.0
Kelliann,1.0
Kellianne,1.0
Kellieann,1.0
Kellijo,1.0
Kellina,1.0
Kelline,1.0
Kellisa,1.0
Kellise,1.0
Kellisha,1.0
Kellissa,1.0
Kellsea,1.0
Kellsi,1.0
Kelleye,1.0
Kellsie,1.0
Kellsy,1.0
Kellyann,1.0
Kellyanna,1.0
Kellyanne,1.0
Kellye,1.0
Kellyjean,1.0
Kellyjo,1.0
Kellylynn,1.0
Kellymarie,1.0
Kellynn,1.0
Keloni,1.0
Kellia,1.0
Kelleyann,1.0
Kemry,1.0
Kelinda,1.0
Kelhani,1.0
Kelia,1.0
Keliah,1.0
Keliana,1.0
Keliann,1.0
Kelianne,1.0
Kelianys,1.0
Kelicia,1.0
Kelie,1.0
Kelila,1.0
Kelilah,1.0
Kelina,1.0
Kelisa,1.0
Kellene,1.0
Kelise,1.0
Kelisha,1.0
Kelisia,1.0
Kelissa,1.0
Kelita,1.0
Keliyah,1.0
Kella,1.0
Kellani,1.0
Kellea,1.0
Kelleen,1.0
Kellei,1.0
Kelleigh,1.0
Kelonni,1.0
Kelsa,1.0
Kelsay,1.0
Kemiah,1.0
Kemberley,1.0
Kemberli,1.0
Kemberly,1.0
Kemberlyn,1.0
Keme,1.0
Kemeisha,1.0
Kemely,1.0
Kemery,1.0
Kemesha,1.0
Kemeshia,1.0
Kemi,1.0
Kemia,1.0
Kemilly,1.0
Kelse,1.0
Kemily,1.0
Kemira,1.0
Kemisha,1.0
Kemistry,1.0
Kemiya,1.0
Kemiyah,1.0
Kemma,1.0
Kemmie,1.0
Kemora,1.0
Kemorah,1.0
Kemoria,1.0
Kemoura,1.0
Kember,1.0
Kemba,1.0
Kemaya,1.0
Kemauria,1.0
Kelsee,1.0
Kelsei,1.0
Kelseigh,1.0
Kelseyann,1.0
Kelseyanne,1.0
Kelsha,1.0
Kelsi,1.0
Kelsia,1.0
Kelsye,1.0
Kelsyn,1.0
Keltie,1.0
Keltsey,1.0
Kelty,1.0
Kelvina,1.0
Kelvisha,1.0
Kelyse,1.0
Kema,1.0
Kemanie,1.0
Kemara,1.0
Kemarah,1.0
Kemaria,1.0
Kemariah,1.0
Kemarie,1.0
Kemariya,1.0
Kemariyah,1.0
Kennedey,1.0
Kennedii,1.0
Kaylauni,1.0
Kerly,1.0
Keriona,1.0
Kerionna,1.0
Keris,1.0
Kerisa,1.0
Kerisha,1.0
Kerissa,1.0
Keristen,1.0
Kerith,1.0
Keriyah,1.0
Kerl,1.0
Kerlin,1.0
Kerline,1.0
Kerlyht,1.0
Kerina,1.0
Kerlyn,1.0
Kerma,1.0
Kermina,1.0
Kernisha,1.0
Kerra,1.0
Kerrah,1.0
Kerre,1.0
Kerren,1.0
Kerrey,1.0
Kerria,1.0
Kerrian,1.0
Kerriana,1.0
Kerington,1.0
Kerilynn,1.0
Kerrianna,1.0
Kerensa,1.0
Kera,1.0
Keragan,1.0
Kerah,1.0
Kerala,1.0
Kerani,1.0
Kerbi,1.0
Kerbie,1.0
Kerea,1.0
Keree,1.0
Kereen,1.0
Keren,1.0
Kerena,1.0
Kerenza,1.0
Kerilyn,1.0
Keresa,1.0
Keria,1.0
Keriah,1.0
Keriana,1.0
Keriann,1.0
Kerianna,1.0
Kerianne,1.0
Kerica,1.0
Kerie,1.0
Kerielle,1.0
Kerigan,1.0
Kerilee,1.0
Kerriann,1.0
Kerrianne,1.0
Kenneisha,1.0
Keshawndra,1.0
Keshanda,1.0
Keshandra,1.0
Keshanna,1.0
Keshante,1.0
Keshanti,1.0
Keshara,1.0
Kesharia,1.0
Keshauna,1.0
Keshaunna,1.0
Keshavi,1.0
Keshawna,1.0
Keshawnda,1.0
Keshawnna,1.0
Keshae,1.0
Keshay,1.0
Keshayla,1.0
Keshea,1.0
Keshera,1.0
Keshi,1.0
Keshira,1.0
Keshona,1.0
Keshonda,1.0
Keshondra,1.0
Keshonna,1.0
Keshuna,1.0
Keshundra,1.0
Keshana,1.0
Kescha,1.0
Kerrilee,1.0
Kersten,1.0
Kerrilyn,1.0
Kerrilynn,1.0
Kerris,1.0
Kerrisa,1.0
Kerrissa,1.0
Kerryann,1.0
Kerryanne,1.0
Kerrye,1.0
Kerryn,1.0
Kersha,1.0
Kerstan,1.0
Kerstein,1.0
Kersti,1.0
Kesar,1.0
Kerstie,1.0
Kerstin,1.0
Kerstine,1.0
Kerston,1.0
Kersty,1.0
Kerstyn,1.0
Kertina,1.0
Kertrina,1.0
Keryl,1.0
Keryn,1.0
Kerynn,1.0
Kesa,1.0
Keoshia,1.0
Keosha,1.0
Keorra,1.0
Kenslei,1.0
Kenora,1.0
Kenori,1.0
Kenosha,1.0
Kenra,1.0
Kensha,1.0
Kenshayla,1.0
Kenshia,1.0
Kensi,1.0
Kensie,1.0
Kensingtyn,1.0
Kenslea,1.0
Kenslee,1.0
Kensleigh,1.0
Kennysha,1.0
Kensli,1.0
Kenslie,1.0
Kensy,1.0
Kentara,1.0
Kentasia,1.0
Kentavia,1.0
Kenteria,1.0
Kentleigh,1.0
Kently,1.0
Kentoria,1.0
Kentra,1.0
Kentrice,1.0
Kennzie,1.0
Kennyetta,1.0
Keoria,1.0
Kennidy,1.0
Kennesha,1.0
Kenneshia,1.0
Kennetha,1.0
Kennethia,1.0
Kennetra,1.0
Kennetta,1.0
Kennette,1.0
Kennia,1.0
Kenniah,1.0
Kennice,1.0
Kennidee,1.0
Kennidi,1.0
Kennika,1.0
Kennydi,1.0
Kennise,1.0
Kennisha,1.0
Kennita,1.0
Kennitha,1.0
Kenniya,1.0
Kenniyah,1.0
Kennlee,1.0
Kennleigh,1.0
Kennley,1.0
Kennsley,1.0
Kennya,1.0
Kennyah,1.0
Kentrina,1.0
Kenyah,1.0
Kenyana,1.0
Keoka,1.0
Kenzleigh,1.0
Kenzley,1.0
Kenzli,1.0
Kenzlie,1.0
Kenzliee,1.0
Kenzly,1.0
Kenzlyn,1.0
Kenzlynn,1.0
Kenzuri,1.0
Kenzye,1.0
Keoir,1.0
Keoisha,1.0
Keolani,1.0
Kenyanna,1.0
Keomi,1.0
Keonda,1.0
Keondrea,1.0
Keondria,1.0
Keonia,1.0
Keonie,1.0
Keonna,1.0
Keonni,1.0
Keonnie,1.0
Keonya,1.0
Keora,1.0
Keori,1.0
Kenzlei,1.0
Kenzlee,1.0
Kenzlea,1.0
Kenzingtyn,1.0
Kenyara,1.0
Kenyarda,1.0
Kenyce,1.0
Kenyel,1.0
Kenyeta,1.0
Kenyette,1.0
Kenyia,1.0
Kenyiah,1.0
Kenyjah,1.0
Kenyla,1.0
Kenylah,1.0
Kenyona,1.0
Kenyonna,1.0
Kenysha,1.0
Kenz,1.0
Kenza,1.0
Kenzaya,1.0
Kenze,1.0
Kenzee,1.0
Kenzey,1.0
Kenzia,1.0
Kenziah,1.0
Kenziee,1.0
Kenzii,1.0
Kenzington,1.0
Keley,1.0
Kelesha,1.0
Keleni,1.0
Keaghlan,1.0
Kazue,1.0
Kazuko,1.0
Kazuye,1.0
Kazuyo,1.0
Kazzandra,1.0
Kcee,1.0
Kd,1.0
Kdence,1.0
Kdynce,1.0
Kea,1.0
Keacha,1.0
Keadra,1.0
Keah,1.0
Kazmira,1.0
Keahna,1.0
Keaira,1.0
Keairah,1.0
Keairra,1.0
Keaisa,1.0
Keaisha,1.0
Keaja,1.0
Keajah,1.0
Keajia,1.0
Kealah,1.0
Kealana,1.0
Kealani,1.0
Kazoua,1.0
Kazmiera,1.0
Kealeigh,1.0
Kayzlie,1.0
Kaytlyn,1.0
Kaytlyne,1.0
Kaytlynn,1.0
Kaytlynne,1.0
Kayva,1.0
Kayvonna,1.0
Kaywin,1.0
Kayzia,1.0
Kayzie,1.0
Kayzlee,1.0
Kayzleigh,1.0
Kayzley,1.0
Kayzlyn,1.0
Kazlynn,1.0
Kayzlynn,1.0
Kazandra,1.0
Kazaria,1.0
Kazariah,1.0
Kazelyn,1.0
Kazelynn,1.0
Kazia,1.0
Kazimiera,1.0
Kaziya,1.0
Kaziyah,1.0
Kazleigh,1.0
Kazlyn,1.0
Kealee,1.0
Kealey,1.0
Kelene,1.0
Keasiah,1.0
Kearra,1.0
Kearrah,1.0
Kearri,1.0
Kearria,1.0
Kearson,1.0
Kearstan,1.0
Kearsten,1.0
Kearstin,1.0
Kearstyn,1.0
Keasha,1.0
Keashia,1.0
Keasia,1.0
Keasya,1.0
Kearii,1.0
Keather,1.0
Keauna,1.0
Keaundra,1.0
Keaundrea,1.0
Keaundria,1.0
Keaunna,1.0
Keaura,1.0
Keauri,1.0
Keausha,1.0
Keava,1.0
Keavy,1.0
Keayla,1.0
Kearn,1.0
Kearie,1.0
Keali,1.0
Keanah,1.0
Kealia,1.0
Kealie,1.0
Keally,1.0
Kealohi,1.0
Kealohilani,1.0
Kealy,1.0
Kealyn,1.0
Kealynn,1.0
Keamber,1.0
Keambra,1.0
Keambria,1.0
Keana,1.0
Keanda,1.0
Kearia,1.0
Keandrea,1.0
Keandria,1.0
Keanii,1.0
Keann,1.0
Keanna,1.0
Keannah,1.0
Keanne,1.0
Keanua,1.0
Keanya,1.0
Keara,1.0
Kearah,1.0
Kearea,1.0
Kaytlinn,1.0
Kaytlin,1.0
Kaytlen,1.0
Kaylien,1.0
Kaylian,1.0
Kayliana,1.0
Kayliani,1.0
Kaylianie,1.0
Kaylianis,1.0
Kayliann,1.0
Kaylianna,1.0
Kaylianne,1.0
Kaylie,1.0
Kaylieann,1.0
Kayliee,1.0
Kayliegh,1.0
Kaylii,1.0
Kaylia,1.0
Kaylina,1.0
Kaylinda,1.0
Kayline,1.0
Kaylinn,1.0
Kaylis,1.0
Kaylisa,1.0
Kaylise,1.0
Kaylisha,1.0
Kaylissa,1.0
Kayliyah,1.0
Kaylla,1.0
Kaylle,1.0
Kayliah,1.0
Kayli,1.0
Kaytlan,1.0
Kayleemae,1.0
Kaylea,1.0
Kayleah,1.0
Kaylean,1.0
Kayleana,1.0
Kayleann,1.0
Kayleanna,1.0
Kayleeana,1.0
Kayleeann,1.0
Kayleeanna,1.0
Kayleeanne,1.0
Kayleeh,1.0
Kayleejo,1.0
Kayleemarie,1.0
Kayley,1.0
Kayleen,1.0
Kayleena,1.0
Kayleene,1.0
Kayleeonna,1.0
Kayleh,1.0
Kaylei,1.0
Kayleigha,1.0
Kayleighann,1.0
Kaylena,1.0
Kaylene,1.0
Kaylenn,1.0
Kaylese,1.0
Kayllie,1.0
Kayln,1.0
Kaylnn,1.0
Kayslee,1.0
Kayrene,1.0
Kayri,1.0
Kaysa,1.0
Kaysea,1.0
Kaysee,1.0
Kaysey,1.0
Kaysha,1.0
Kayshia,1.0
Kayshla,1.0
Kaysi,1.0
Kaysia,1.0
Kaysie,1.0
Kaysleigh,1.0
Kayloni,1.0
Kaysley,1.0
Kayslie,1.0
Kayslin,1.0
Kayta,1.0
Kayte,1.0
Kaytee,1.0
Kaytelyn,1.0
Kaytelynn,1.0
Kayten,1.0
Kayti,1.0
Kaytie,1.0
Kaytin,1.0
Kayrah,1.0
Kayouri,1.0
Kayorie,1.0
Kayori,1.0
Kaylonie,1.0
Kaylonii,1.0
Kaylonni,1.0
Kaylonnie,1.0
Kayly,1.0
Kaylyne,1.0
Kaylynne,1.0
Kaymani,1.0
Kaymarie,1.0
Kayme,1.0
Kaymi,1.0
Kaymiah,1.0
Kaymie,1.0
Kaymin,1.0
Kaymoni,1.0
Kayna,1.0
Kayoir,1.0
Kayoko,1.0
Kayomi,1.0
Kayona,1.0
Kayoni,1.0
Kayonia,1.0
Kayonna,1.0
Kayonni,1.0
Kayora,1.0
Keayra,1.0
Keaysia,1.0
Keazia,1.0
Keirstin,1.0
Keiora,1.0
Keiosha,1.0
Keirah,1.0
Keiralee,1.0
Keiralyn,1.0
Keiri,1.0
Keirin,1.0
Keirra,1.0
Keirrah,1.0
Keirslyn,1.0
Keirstan,1.0
Keirsten,1.0
Keirston,1.0
Keioni,1.0
Keirstyn,1.0
Keiry,1.0
Keirya,1.0
Keiryn,1.0
Keisa,1.0
Keischa,1.0
Keisey,1.0
Keish,1.0
Keishana,1.0
Keishanda,1.0
Keishanna,1.0
Keishara,1.0
Keionna,1.0
Keiondra,1.0
Keilanni,1.0
Keilianys,1.0
Keilany,1.0
Keilanys,1.0
Keile,1.0
Keilee,1.0
Keileen,1.0
Keilei,1.0
Keileigh,1.0
Keiley,1.0
Keili,1.0
Keilia,1.0
Keiliana,1.0
Keiliany,1.0
Keilie,1.0
Keiona,1.0
Keilly,1.0
Keiloni,1.0
Keilynn,1.0
Keimara,1.0
Keimaya,1.0
Keimiyah,1.0
Keimora,1.0
Keimy,1.0
Keimya,1.0
Keimyah,1.0
Keina,1.0
Keinya,1.0
Keishauna,1.0
Keishawna,1.0
Keisher,1.0
Kelcea,1.0
Kelaine,1.0
Kelana,1.0
Kelanie,1.0
Kelanii,1.0
Kelanni,1.0
Kelany,1.0
Kelaya,1.0
Kelayah,1.0
Kelaysia,1.0
Kelbe,1.0
Kelbi,1.0
Kelbie,1.0
Kelcee,1.0
Keishia,1.0
Kelcei,1.0
Kelci,1.0
Kelda,1.0
Kelea,1.0
Keleah,1.0
Kelecia,1.0
Kelee,1.0
Keleen,1.0
Kelei,1.0
Keleigh,1.0
Kelela,1.0
Kelena,1.0
Kelaijah,1.0
Kelaiah,1.0
Kelaia,1.0
Kelahni,1.0
Keishla,1.0
Keishona,1.0
Keishonna,1.0
Keisi,1.0
Keissy,1.0
Keisy,1.0
Keitha,1.0
Keitlyn,1.0
Keitra,1.0
Keity,1.0
Keiuna,1.0
Keiundra,1.0
Keiva,1.0
Keiya,1.0
Keiyana,1.0
Keiyanna,1.0
Keiyara,1.0
Keiyla,1.0
Keiyona,1.0
Keiyonna,1.0
Keja,1.0
Kejuana,1.0
Keke,1.0
Kela,1.0
Kelah,1.0
Keilanny,1.0
Keilanii,1.0
Keba,1.0
Keerica,1.0
Keeli,1.0
Keelia,1.0
Keelie,1.0
Keema,1.0
Keemia,1.0
Keemora,1.0
Keemya,1.0
Keenya,1.0
Keenyah,1.0
Keeona,1.0
Keera,1.0
Keerah,1.0
Keerra,1.0
Keelee,1.0
Keerstin,1.0
Keertana,1.0
Keerthana,1.0
Keerthi,1.0
Keerthika,1.0
Keerti,1.0
Keesa,1.0
Keesha,1.0
Keeshan,1.0
Keeshia,1.0
Keeta,1.0
Keetra,1.0
Keeleigh,1.0
Keele,1.0
Keilanie,1.0
Kedra,1.0
Kebbie,1.0
Kebra,1.0
Kebria,1.0
Kebrina,1.0
Kecha,1.0
Kechelle,1.0
Kechia,1.0
Kecia,1.0
Kededra,1.0
Kedesha,1.0
Kedeshia,1.0
Kedisha,1.0
Kedzie,1.0
Keelani,1.0
Keeaira,1.0
Keeana,1.0
Keeanna,1.0
Keeara,1.0
Keeba,1.0
Keecha,1.0
Keedah,1.0
Keedra,1.0
Keeisha,1.0
Keekee,1.0
Keela,1.0
Keelah,1.0
Keeva,1.0
Keevah,1.0
Keeya,1.0
Keidy,1.0
Keiari,1.0
Keiarra,1.0
Keiasha,1.0
Keiasia,1.0
Keiauna,1.0
Keica,1.0
Keicha,1.0
Keichia,1.0
Keicy,1.0
Keida,1.0
Keidi,1.0
Keidra,1.0
Keiera,1.0
Keeyana,1.0
Keierra,1.0
Keighla,1.0
Keighley,1.0
Keighly,1.0
Keihlani,1.0
Keihlany,1.0
Keijah,1.0
Keikilani,1.0
Keila,1.0
Keilah,1.0
Keilahni,1.0
Keilana,1.0
Keiarah,1.0
Keiara,1.0
Keianna,1.0
Keiann,1.0
Kefira,1.0
Kehara,1.0
Kehaulani,1.0
Kehila,1.0
Kehilani,1.0
Kehilany,1.0
Kehlana,1.0
Kehlanee,1.0
Kehlanie,1.0
Kehlanii,1.0
Kehlanirose,1.0
Kehlanni,1.0
Kehlany,1.0
Kehley,1.0
Kehloni,1.0
Kehly,1.0
Keia,1.0
Keiah,1.0
Keiaira,1.0
Keiairra,1.0
Keiaja,1.0
Keiajah,1.0
Keiana,1.0
Keiandra,1.0
Keiani,1.0
Kamiesha,1.0
Kamiera,1.0
Kamielle,1.0
Joniqua,1.0
Joniah,1.0
Jonica,1.0
Jonice,1.0
Jonicia,1.0
Joniece,1.0
Jonier,1.0
Joniesha,1.0
Jonika,1.0
Jonikka,1.0
Jonilee,1.0
Jonina,1.0
Jonine,1.0
Jonique,1.0
Jonette,1.0
Jonise,1.0
Jonisha,1.0
Jonita,1.0
Joniya,1.0
Joniyah,1.0
Jonlyn,1.0
Jonna,1.0
Jonnae,1.0
Jonnay,1.0
Jonne,1.0
Jonnelle,1.0
Jonnesha,1.0
Jonia,1.0
Jonetta,1.0
Jonnette,1.0
Jondra,1.0
Jomeka,1.0
Jomiah,1.0
Jomira,1.0
Jonae,1.0
Jonalee,1.0
Jonaliz,1.0
Jonalyn,1.0
Jonasia,1.0
Jonaya,1.0
Jonaye,1.0
Jonbenet,1.0
Jonda,1.0
Jondrea,1.0
Jonet,1.0
Jonea,1.0
Jonecia,1.0
Jonee,1.0
Joneen,1.0
Joneer,1.0
Joneisha,1.0
Joneka,1.0
Jonella,1.0
Jonene,1.0
Jonesha,1.0
Joneshia,1.0
Jonessa,1.0
Jonnetta,1.0
Jonnica,1.0
Josabeth,1.0
Jorgie,1.0
Jordinn,1.0
Jordyne,1.0
Jordynne,1.0
Joree,1.0
Joreen,1.0
Jorelys,1.0
Jorene,1.0
Joretha,1.0
Joretta,1.0
Jorga,1.0
Jorgi,1.0
Jorgia,1.0
Jorgina,1.0
Jordeyn,1.0
Joria,1.0
Joriann,1.0
Jorianna,1.0
Jorita,1.0
Joriyah,1.0
Jorja,1.0
Jorjia,1.0
Jorleny,1.0
Jorley,1.0
Jorri,1.0
Jorrie,1.0
Joryn,1.0
Jordian,1.0
Jordee,1.0
Jonnika,1.0
Joori,1.0
Jonnique,1.0
Jonnisha,1.0
Jonnita,1.0
Jonnye,1.0
Jontasia,1.0
Jontavia,1.0
Jontaya,1.0
Jontelle,1.0
Jonteria,1.0
Jontia,1.0
Jonya,1.0
Jonylah,1.0
Joory,1.0
Jordayn,1.0
Joplyn,1.0
Joplynn,1.0
Joquetta,1.0
Joquita,1.0
Jordae,1.0
Jordahn,1.0
Jordai,1.0
Jordana,1.0
Jordania,1.0
Jordanmarie,1.0
Jordanna,1.0
Jordanne,1.0
Jomayra,1.0
Jomary,1.0
Jomaris,1.0
Joice,1.0
Johnnisha,1.0
Johnnita,1.0
Johnsie,1.0
Johnsy,1.0
Johntavia,1.0
Johnya,1.0
Johnye,1.0
Johnyla,1.0
Johonna,1.0
Johvanna,1.0
Joi,1.0
Joia,1.0
Joicy,1.0
Johnniemae,1.0
Joielle,1.0
Joilyn,1.0
Joise,1.0
Joiya,1.0
Jojean,1.0
Jola,1.0
Jolaine,1.0
Jolana,1.0
Jolanda,1.0
Jolane,1.0
Jolanta,1.0
Jolaoluwa,1.0
Johnniqua,1.0
Johnnice,1.0
Jomara,1.0
Johnise,1.0
Johni,1.0
Johnia,1.0
Johniah,1.0
Johnica,1.0
Johnice,1.0
Johnicia,1.0
Johniece,1.0
Johniesha,1.0
Johnika,1.0
Johnine,1.0
Johniqua,1.0
Johnique,1.0
Johnisha,1.0
Johnnia,1.0
Johnita,1.0
Johnitta,1.0
Johniya,1.0
Johniyah,1.0
Johnna,1.0
Johnnae,1.0
Johnnay,1.0
Johnneisha,1.0
Johnnesha,1.0
Johnnessa,1.0
Johnnetta,1.0
Johnnette,1.0
Jolayne,1.0
Jolea,1.0
Joleah,1.0
Jolleen,1.0
Jolien,1.0
Joliene,1.0
Joliet,1.0
Joliette,1.0
Jolina,1.0
Jolinda,1.0
Joline,1.0
Jolisa,1.0
Jolisha,1.0
Jolissa,1.0
Jolita,1.0
Joliyah,1.0
Jollene,1.0
Jolean,1.0
Jollette,1.0
Jolonda,1.0
Jolyn,1.0
Jolynda,1.0
Jolyne,1.0
Jolynn,1.0
Jolynne,1.0
Jolysa,1.0
Jolyssa,1.0
Jomaira,1.0
Jomana,1.0
Jomanda,1.0
Joliee,1.0
Jolieann,1.0
Jolie,1.0
Jolicia,1.0
Jolecia,1.0
Jolee,1.0
Joleen,1.0
Joleena,1.0
Joleene,1.0
Joleesa,1.0
Jolei,1.0
Joleigh,1.0
Joleigha,1.0
Jolena,1.0
Jolenna,1.0
Jolesa,1.0
Jolesha,1.0
Jolet,1.0
Joleta,1.0
Joleth,1.0
Joletha,1.0
Jolett,1.0
Joletta,1.0
Jolette,1.0
Joley,1.0
Joli,1.0
Jolia,1.0
Joliana,1.0
Jolianna,1.0
Josabet,1.0
Josalee,1.0
Kamie,1.0
Joyann,1.0
Jovona,1.0
Jovonda,1.0
Jovonna,1.0
Jowana,1.0
Jowanda,1.0
Jowanna,1.0
Jowharah,1.0
Joya,1.0
Joyace,1.0
Joyah,1.0
Joyal,1.0
Joyana,1.0
Joyanna,1.0
Jovienne,1.0
Joyanne,1.0
Joyceann,1.0
Joycee,1.0
Joycelene,1.0
Joycelin,1.0
Joyceline,1.0
Joycelyn,1.0
Joycelynn,1.0
Joycene,1.0
Joycie,1.0
Joyclyn,1.0
Joydan,1.0
Jovina,1.0
Jovianne,1.0
Joyell,1.0
Jovana,1.0
Journae,1.0
Journe,1.0
Journei,1.0
Journeigh,1.0
Journeii,1.0
Journiee,1.0
Journii,1.0
Journni,1.0
Journnie,1.0
Journy,1.0
Journye,1.0
Joury,1.0
Jovanah,1.0
Jovianna,1.0
Jovanda,1.0
Jovania,1.0
Jovanka,1.0
Jovanna,1.0
Jovannah,1.0
Jovee,1.0
Jovelyn,1.0
Jovetta,1.0
Jovette,1.0
Jovey,1.0
Jovia,1.0
Joviana,1.0
Joyel,1.0
Joyella,1.0
Josalie,1.0
Jsamine,1.0
Jozey,1.0
Jozi,1.0
Jozie,1.0
Jozilyn,1.0
Jozlin,1.0
Jozlyn,1.0
Jozlyne,1.0
Jozlynn,1.0
Jozlynne,1.0
Jozzlynn,1.0
Jraya,1.0
Jreem,1.0
Jssica,1.0
Jozetta,1.0
Juaita,1.0
Juanda,1.0
Juandalynn,1.0
Juanell,1.0
Juanelle,1.0
Juanesha,1.0
Juanetta,1.0
Juanette,1.0
Juanice,1.0
Juanika,1.0
Juaniqua,1.0
Juanisha,1.0
Jozette,1.0
Jozett,1.0
Joyelle,1.0
Joymarie,1.0
Joyetta,1.0
Joyette,1.0
Joyful,1.0
Joyia,1.0
Joyice,1.0
Joyl,1.0
Joyleen,1.0
Joylene,1.0
Joylin,1.0
Joylyn,1.0
Joylynn,1.0
Joylynne,1.0
Joynae,1.0
Jozephine,1.0
Joynell,1.0
Joyous,1.0
Joyse,1.0
Joyzelle,1.0
Jozalyn,1.0
Jozalynn,1.0
Jozee,1.0
Jozefa,1.0
Jozefina,1.0
Jozelle,1.0
Jozelyn,1.0
Jozelynn,1.0
Jourie,1.0
Jouri,1.0
Jouree,1.0
Josephyne,1.0
Joselinne,1.0
Joselle,1.0
Josellyn,1.0
Josely,1.0
Joselyne,1.0
Joselynn,1.0
Joselynne,1.0
Josenid,1.0
Josepha,1.0
Josephene,1.0
Josephin,1.0
Josephina,1.0
Josepine,1.0
Joselina,1.0
Josera,1.0
Josett,1.0
Josetta,1.0
Josette,1.0
Joshalyn,1.0
Joshalynn,1.0
Joshanae,1.0
Joshelin,1.0
Joshelyn,1.0
Joshie,1.0
Joshika,1.0
Joshitha,1.0
Joseline,1.0
Joselin,1.0
Jourdynn,1.0
Josceline,1.0
Josalin,1.0
Josalina,1.0
Josaline,1.0
Josalyn,1.0
Josalyne,1.0
Josalynn,1.0
Josann,1.0
Josanna,1.0
Josanne,1.0
Josaphina,1.0
Josaphine,1.0
Joscelin,1.0
Joscelyn,1.0
Joselene,1.0
Joscelyne,1.0
Joscelynn,1.0
Josclyn,1.0
Joseane,1.0
Joseany,1.0
Josee,1.0
Josefa,1.0
Josefine,1.0
Josefita,1.0
Josehine,1.0
Josei,1.0
Joselen,1.0
Joshlynn,1.0
Joshvika,1.0
Josi,1.0
Jossilynn,1.0
Jossalin,1.0
Jossalyn,1.0
Jossalynn,1.0
Josselin,1.0
Josseline,1.0
Josselyn,1.0
Josselyne,1.0
Josselynn,1.0
Jossette,1.0
Jossica,1.0
Jossiephine,1.0
Jossilyn,1.0
Josslin,1.0
Josiana,1.0
Josslyn,1.0
Josslynn,1.0
Josslynne,1.0
Jossy,1.0
Josy,1.0
Josylin,1.0
Joua,1.0
Jouanna,1.0
Joudia,1.0
Jouette,1.0
Joule,1.0
Joumana,1.0
Josphine,1.0
Josmine,1.0
Josmary,1.0
Josmarie,1.0
Josiane,1.0
Josianna,1.0
Josianne,1.0
Josieann,1.0
Josiee,1.0
Josielyn,1.0
Josielynn,1.0
Josielys,1.0
Josiemae,1.0
Josiephene,1.0
Josiephine,1.0
Josilin,1.0
Josilyn,1.0
Josilyne,1.0
Josilynn,1.0
Josina,1.0
Josine,1.0
Josiphine,1.0
Joslen,1.0
Joslene,1.0
Josleny,1.0
Josline,1.0
Joslyne,1.0
Joslynn,1.0
Joslynne,1.0
Johnette,1.0
Johnetta,1.0
Johnessa,1.0
Jilliane,1.0
Jillann,1.0
Jillanna,1.0
Jillanne,1.0
Jillayne,1.0
Jillean,1.0
Jilleen,1.0
Jillena,1.0
Jillene,1.0
Jillesa,1.0
Jillia,1.0
Jilliam,1.0
Jilliana,1.0
Jilliann,1.0
Jillana,1.0
Jillianna,1.0
Jillianne,1.0
Jillien,1.0
Jilliene,1.0
Jillienne,1.0
Jillinda,1.0
Jillion,1.0
Jillisa,1.0
Jillissa,1.0
Jilliyn,1.0
Jillmarie,1.0
Jillyan,1.0
Jillane,1.0
Jillan,1.0
Jillynn,1.0
Jigna,1.0
Jiavanna,1.0
Jiavonna,1.0
Jiaxin,1.0
Jiaya,1.0
Jiaying,1.0
Jiayue,1.0
Jibria,1.0
Jicel,1.0
Jicela,1.0
Jielle,1.0
Jiesha,1.0
Jieun,1.0
Jihae,1.0
Jillaine,1.0
Jihanna,1.0
Jihyun,1.0
Jikayla,1.0
Jil,1.0
Jilda,1.0
Jileen,1.0
Jilene,1.0
Jilian,1.0
Jiliana,1.0
Jilisa,1.0
Jilissa,1.0
Jilla,1.0
Jillyn,1.0
Jilma,1.0
Johnesia,1.0
Jinjer,1.0
Jinayah,1.0
Jincy,1.0
Jind,1.0
Jineane,1.0
Jineen,1.0
Jinelle,1.0
Jinessa,1.0
Jinette,1.0
Jinger,1.0
Jinhee,1.0
Jini,1.0
Jiniyah,1.0
Jinna,1.0
Jinane,1.0
Jinnah,1.0
Jinni,1.0
Jinnie,1.0
Jinnifer,1.0
Jinny,1.0
Jinora,1.0
Jionna,1.0
Jiovana,1.0
Jiovanna,1.0
Jira,1.0
Jiromi,1.0
Jisel,1.0
Jinaya,1.0
Jinal,1.0
Jilyan,1.0
Jimika,1.0
Jima,1.0
Jimalee,1.0
Jimaya,1.0
Jimeka,1.0
Jimella,1.0
Jimenna,1.0
Jimesha,1.0
Jimetta,1.0
Jimette,1.0
Jimia,1.0
Jimiah,1.0
Jimica,1.0
Jimisha,1.0
Jinah,1.0
Jimiya,1.0
Jimiyah,1.0
Jimma,1.0
Jimmeka,1.0
Jimmesha,1.0
Jimmia,1.0
Jimmiah,1.0
Jimmica,1.0
Jimmya,1.0
Jimya,1.0
Jimyah,1.0
Jina,1.0
Jiara,1.0
Jiapsi,1.0
Jianne,1.0
Jhalia,1.0
Jeziyah,1.0
Jezlin,1.0
Jezlyn,1.0
Jezlynn,1.0
Jezzel,1.0
Jezzelle,1.0
Jhada,1.0
Jhade,1.0
Jhaeda,1.0
Jhala,1.0
Jhalae,1.0
Jhalani,1.0
Jhamilet,1.0
Jezeniah,1.0
Jhamya,1.0
Jhana,1.0
Jhanae,1.0
Jhanai,1.0
Jhane,1.0
Jhanee,1.0
Jhanel,1.0
Jhanelle,1.0
Jhanet,1.0
Jhani,1.0
Jhania,1.0
Jhaniah,1.0
Jezika,1.0
Jezenia,1.0
Jiannah,1.0
Jeylin,1.0
Jewlz,1.0
Jexi,1.0
Jeyda,1.0
Jeydi,1.0
Jeydy,1.0
Jeyla,1.0
Jeylah,1.0
Jeylanie,1.0
Jeyleen,1.0
Jeylene,1.0
Jeyli,1.0
Jeylianis,1.0
Jeyline,1.0
Jezelle,1.0
Jeyly,1.0
Jeymi,1.0
Jeyshangelise,1.0
Jezabel,1.0
Jezabell,1.0
Jezabella,1.0
Jezabelle,1.0
Jezebel,1.0
Jezebell,1.0
Jezebelle,1.0
Jezel,1.0
Jezell,1.0
Jhaniya,1.0
Jhaniyah,1.0
Jhanna,1.0
Jhournei,1.0
Jhoanna,1.0
Jholie,1.0
Jhonae,1.0
Jhonna,1.0
Jhonni,1.0
Jhori,1.0
Jhoselin,1.0
Jhoseline,1.0
Jhoselyn,1.0
Jhoselyne,1.0
Jhosselyn,1.0
Jhournee,1.0
Jhourni,1.0
Jhanvi,1.0
Jhovana,1.0
Jhovanna,1.0
Jiada,1.0
Jiah,1.0
Jiahna,1.0
Jiali,1.0
Jialin,1.0
Jiamei,1.0
Jiana,1.0
Jianah,1.0
Jiani,1.0
Jianna,1.0
Jhoana,1.0
Jhiya,1.0
Jhianna,1.0
Jhia,1.0
Jhanya,1.0
Jhara,1.0
Jharline,1.0
Jhasmin,1.0
Jhasmine,1.0
Jhavia,1.0
Jhayda,1.0
Jhayla,1.0
Jhazelle,1.0
Jhea,1.0
Jhelani,1.0
Jhena,1.0
Jhenae,1.0
Jhenai,1.0
Jhene,1.0
Jhenesis,1.0
Jhenifer,1.0
Jhenna,1.0
Jheri,1.0
Jherica,1.0
Jherika,1.0
Jherrica,1.0
Jhersi,1.0
Jherzee,1.0
Jherzi,1.0
Jisela,1.0
Jisele,1.0
Jisell,1.0
Joeisha,1.0
Jodina,1.0
Jodine,1.0
Jodonna,1.0
Jodyann,1.0
Jodyne,1.0
Joean,1.0
Joeana,1.0
Joeann,1.0
Joeanna,1.0
Joeanne,1.0
Joeen,1.0
Joei,1.0
Joela,1.0
Jodilyn,1.0
Joelaine,1.0
Joele,1.0
Joelee,1.0
Joeleen,1.0
Joeleigh,1.0
Joelene,1.0
Joeley,1.0
Joeli,1.0
Joelia,1.0
Joelie,1.0
Joelina,1.0
Joeline,1.0
Jodilynn,1.0
Jodianne,1.0
Jocelynne,1.0
Jocqueline,1.0
Jocey,1.0
Joceyln,1.0
Jochebed,1.0
Jochelle,1.0
Joci,1.0
Jocie,1.0
Jocile,1.0
Jocilyn,1.0
Jocilynn,1.0
Jocinda,1.0
Joclyn,1.0
Joclynn,1.0
Jocylin,1.0
Jodiann,1.0
Jocylyn,1.0
Jodana,1.0
Jodanna,1.0
Jodean,1.0
Jodeane,1.0
Jodeen,1.0
Jodel,1.0
Jodell,1.0
Jodelle,1.0
Jodena,1.0
Jodene,1.0
Jodette,1.0
Joelis,1.0
Joelisa,1.0
Joelissa,1.0
Johnda,1.0
Johara,1.0
Joharis,1.0
Johely,1.0
Johileny,1.0
Johnae,1.0
Johnah,1.0
Johnai,1.0
Johnalyn,1.0
Johnanna,1.0
Johnasia,1.0
Johnay,1.0
Johnaya,1.0
Johndrea,1.0
Joeliz,1.0
Johnea,1.0
Johnecia,1.0
Johnee,1.0
Johneen,1.0
Johneice,1.0
Johneisha,1.0
Johneka,1.0
Johnella,1.0
Johnene,1.0
Johnese,1.0
Johnesha,1.0
Johneshia,1.0
Johannie,1.0
Johanni,1.0
Johanne,1.0
Johannah,1.0
Joella,1.0
Joellen,1.0
Joelliane,1.0
Joellie,1.0
Joelly,1.0
Joellyn,1.0
Joely,1.0
Joelyn,1.0
Joelyne,1.0
Joelynn,1.0
Joelys,1.0
Joemy,1.0
Joena,1.0
Joene,1.0
Joenell,1.0
Joephine,1.0
Joesette,1.0
Joesha,1.0
Joesphine,1.0
Joetta,1.0
Joette,1.0
Joeylynn,1.0
Joezette,1.0
Jogina,1.0
Johanah,1.0
Jocene,1.0
Jocelynn,1.0
Jisella,1.0
Jmarie,1.0
Jlani,1.0
Jlaya,1.0
Jlayah,1.0
Jlea,1.0
Jleah,1.0
Jlee,1.0
Jleia,1.0
Jleigh,1.0
Jliana,1.0
Jlisa,1.0
Jliyah,1.0
Jlyssa,1.0
Jmaya,1.0
Jla,1.0
Jme,1.0
Jmia,1.0
Jmiyah,1.0
Jmya,1.0
Jmyah,1.0
Jmyiah,1.0
Jmyra,1.0
Jnae,1.0
Jnai,1.0
Jnaiya,1.0
Jnasia,1.0
Jnay,1.0
Jlah,1.0
Jkyla,1.0
Jocelynmarie,1.0
Jiyah,1.0
Jiselle,1.0
Jisha,1.0
Jisoo,1.0
Jissel,1.0
Jissela,1.0
Jissele,1.0
Jissell,1.0
Jisselle,1.0
Jitzel,1.0
Jiuliana,1.0
Jiwon,1.0
Jiya,1.0
Jiyana,1.0
Jkiyah,1.0
Jiyanna,1.0
Jiyoung,1.0
Jiyu,1.0
Jizel,1.0
Jizele,1.0
Jizell,1.0
Jizelle,1.0
Jizzel,1.0
Jizzelle,1.0
Jkayla,1.0
Jkia,1.0
Jkira,1.0
Jnaya,1.0
Jnayah,1.0
Jnia,1.0
Jocalynn,1.0
Joannamarie,1.0
Joannette,1.0
Joannie,1.0
Joaquina,1.0
Jobana,1.0
Jobeth,1.0
Jobina,1.0
Jobita,1.0
Jobyna,1.0
Jocabed,1.0
Jocabeth,1.0
Jocalyn,1.0
Jocarol,1.0
Jniah,1.0
Jocasta,1.0
Jocee,1.0
Joceleen,1.0
Jocelene,1.0
Jocelin,1.0
Joceline,1.0
Jocelinne,1.0
Jocell,1.0
Jocelle,1.0
Jocellyn,1.0
Jocely,1.0
Jocelyne,1.0
Joannah,1.0
Joanmarie,1.0
Joanita,1.0
Joanie,1.0
Jniaya,1.0
Jniya,1.0
Jniyah,1.0
Jnya,1.0
Jnyah,1.0
Jnyia,1.0
Jnyla,1.0
Joahna,1.0
Joahnna,1.0
Joakima,1.0
Joali,1.0
Joaly,1.0
Joana,1.0
Joanah,1.0
Joanann,1.0
Joandaly,1.0
Joandra,1.0
Joane,1.0
Joaneliz,1.0
Joanell,1.0
Joanelle,1.0
Joanetta,1.0
Joanette,1.0
Joangela,1.0
Joani,1.0
Juanitta,1.0
Juanna,1.0
Juantia,1.0
Kaiva,1.0
Kaitly,1.0
Kaitlynd,1.0
Kaitlyne,1.0
Kaitlynmarie,1.0
Kaitlynne,1.0
Kaitrin,1.0
Kaitryn,1.0
Kaity,1.0
Kaityln,1.0
Kaitylyn,1.0
Kaityn,1.0
Kaiulani,1.0
Kaiyah,1.0
Kaitlinn,1.0
Kaiyana,1.0
Kaiyani,1.0
Kaiyanna,1.0
Kaiyla,1.0
Kaiylee,1.0
Kaiyomi,1.0
Kaiyonna,1.0
Kaiyori,1.0
Kaizee,1.0
Kaizlee,1.0
Kaizlei,1.0
Kaizleigh,1.0
Kaitlon,1.0
Kaitlind,1.0
Kaizly,1.0
Kaitey,1.0
Kaisley,1.0
Kaislie,1.0
Kaisly,1.0
Kaislyn,1.0
Kaislynn,1.0
Kaisy,1.0
Kaisynn,1.0
Kait,1.0
Kaite,1.0
Kaitee,1.0
Kaitelyn,1.0
Kaitelynn,1.0
Kaithleen,1.0
Kaitley,1.0
Kaithlin,1.0
Kaithlyn,1.0
Kaithlynn,1.0
Kaiti,1.0
Kaitie,1.0
Kaitin,1.0
Kaitlain,1.0
Kaitlan,1.0
Kaitland,1.0
Kaitlee,1.0
Kaitleen,1.0
Kaitlen,1.0
Kaizley,1.0
Kaizlyn,1.0
Kahlila,1.0
Kaleaha,1.0
Kalaya,1.0
Kalayah,1.0
Kalayia,1.0
Kalayiah,1.0
Kalayla,1.0
Kalaylah,1.0
Kalayna,1.0
Kalaysha,1.0
Kalayshia,1.0
Kalaysia,1.0
Kalea,1.0
Kaleah,1.0
Kalean,1.0
Kalasia,1.0
Kaleana,1.0
Kalecia,1.0
Kaleea,1.0
Kaleeah,1.0
Kaleece,1.0
Kaleela,1.0
Kaleema,1.0
Kaleemah,1.0
Kaleen,1.0
Kaleena,1.0
Kalees,1.0
Kaleesa,1.0
Kalauni,1.0
Kalashia,1.0
Kaizlynn,1.0
Kalaia,1.0
Kaja,1.0
Kajah,1.0
Kajal,1.0
Kajia,1.0
Kajira,1.0
Kajol,1.0
Kajsa,1.0
Kajsiab,1.0
Kajuana,1.0
Kakisha,1.0
Kalah,1.0
Kalahni,1.0
Kalaiah,1.0
Kalany,1.0
Kalaijah,1.0
Kalaila,1.0
Kalaina,1.0
Kalaiya,1.0
Kalaiyah,1.0
Kalajah,1.0
Kalana,1.0
Kalandra,1.0
Kalandria,1.0
Kalanie,1.0
Kalanii,1.0
Kalanni,1.0
Kaisleigh,1.0
Kaislei,1.0
Kaislee,1.0
Kaieli,1.0
Kaianne,1.0
Kaiari,1.0
Kaibella,1.0
Kaibree,1.0
Kaibrienne,1.0
Kaicee,1.0
Kaicey,1.0
Kaicy,1.0
Kaidee,1.0
Kaidince,1.0
Kaidra,1.0
Kaidy,1.0
Kaiella,1.0
Kaiann,1.0
Kaielle,1.0
Kaiesha,1.0
Kaihlani,1.0
Kaihlany,1.0
Kaija,1.0
Kaijah,1.0
Kaila,1.0
Kailah,1.0
Kailahni,1.0
Kailana,1.0
Kailane,1.0
Kailanee,1.0
Kaianna,1.0
Kaiani,1.0
Kaishonta,1.0
Kahmiyah,1.0
Kahlina,1.0
Kahlis,1.0
Kahliya,1.0
Kahliyah,1.0
Kahloni,1.0
Kahlyn,1.0
Kahlynn,1.0
Kahmaya,1.0
Kahmia,1.0
Kahmiah,1.0
Kahmila,1.0
Kahmiya,1.0
Kahmora,1.0
Kaiana,1.0
Kahmya,1.0
Kahmyah,1.0
Kahmyla,1.0
Kahmyra,1.0
Kahniya,1.0
Kahniyah,1.0
Kaho,1.0
Kahory,1.0
Kahrin,1.0
Kahryn,1.0
Kahyla,1.0
Kaiah,1.0
Kailanie,1.0
Kailanii,1.0
Kailanni,1.0
Kaiomi,1.0
Kaily,1.0
Kailye,1.0
Kailyne,1.0
Kailynne,1.0
Kaimarie,1.0
Kaimilani,1.0
Kaimora,1.0
Kaimya,1.0
Kaina,1.0
Kainaat,1.0
Kainani,1.0
Kainat,1.0
Kaiona,1.0
Kailanny,1.0
Kaioni,1.0
Kaionna,1.0
Kaiora,1.0
Kaiore,1.0
Kaira,1.0
Kairah,1.0
Kairaluchi,1.0
Kairavi,1.0
Kaisa,1.0
Kaisee,1.0
Kaisey,1.0
Kaisha,1.0
Kailoni,1.0
Kailly,1.0
Kaille,1.0
Kailla,1.0
Kailany,1.0
Kailanys,1.0
Kailaya,1.0
Kailayah,1.0
Kailea,1.0
Kaileah,1.0
Kaileeann,1.0
Kaileemarie,1.0
Kaileen,1.0
Kaileena,1.0
Kailei,1.0
Kaileia,1.0
Kaileigh,1.0
Kaileigha,1.0
Kailena,1.0
Kailene,1.0
Kailia,1.0
Kailiah,1.0
Kailiana,1.0
Kailiani,1.0
Kailianna,1.0
Kailiany,1.0
Kailie,1.0
Kailina,1.0
Kailiyah,1.0
Kaleese,1.0
Kaleesha,1.0
Kaleesi,1.0
Kamarianna,1.0
Kamaile,1.0
Kamaira,1.0
Kamaiya,1.0
Kamaiyah,1.0
Kamala,1.0
Kamaliyah,1.0
Kamanii,1.0
Kamarah,1.0
Kamarea,1.0
Kamaria,1.0
Kamariah,1.0
Kamariana,1.0
Kamarin,1.0
Kamaia,1.0
Kamariona,1.0
Kamarionna,1.0
Kamariya,1.0
Kamariyah,1.0
Kamarra,1.0
Kamarrah,1.0
Kamarria,1.0
Kamaryn,1.0
Kamaura,1.0
Kamauria,1.0
Kamaya,1.0
Kamayah,1.0
Kamaiah,1.0
Kama,1.0
Kalonii,1.0
Kalyce,1.0
Kalonnie,1.0
Kalpana,1.0
Kalsey,1.0
Kalsoom,1.0
Kaltrina,1.0
Kaly,1.0
Kalya,1.0
Kalyah,1.0
Kalyana,1.0
Kalyani,1.0
Kalyann,1.0
Kalyanna,1.0
Kalyia,1.0
Kalysta,1.0
Kalyiah,1.0
Kalyla,1.0
Kalylah,1.0
Kalyna,1.0
Kalynda,1.0
Kalyne,1.0
Kalynne,1.0
Kalypso,1.0
Kalysa,1.0
Kalyse,1.0
Kalysia,1.0
Kalyssa,1.0
Kamayia,1.0
Kamayla,1.0
Kambel,1.0
Kameriah,1.0
Kameira,1.0
Kameisha,1.0
Kameka,1.0
Kamekia,1.0
Kamela,1.0
Kamelah,1.0
Kamelia,1.0
Kamella,1.0
Kamellia,1.0
Kamelya,1.0
Kamera,1.0
Kameria,1.0
Kamerra,1.0
Kambell,1.0
Kamery,1.0
Kamesha,1.0
Kameshia,1.0
Kametra,1.0
Kametria,1.0
Kamey,1.0
Kameya,1.0
Kameyah,1.0
Kamia,1.0
Kamiah,1.0
Kamiaya,1.0
Kamica,1.0
Kameila,1.0
Kameil,1.0
Kameika,1.0
Kameia,1.0
Kambelle,1.0
Kamber,1.0
Kamberly,1.0
Kamberlyn,1.0
Kambra,1.0
Kambre,1.0
Kambrea,1.0
Kambree,1.0
Kambreigh,1.0
Kambrey,1.0
Kambri,1.0
Kambria,1.0
Kambriah,1.0
Kambrie,1.0
Kambrielle,1.0
Kambry,1.0
Kambrya,1.0
Kameah,1.0
Kameal,1.0
Kamecia,1.0
Kamee,1.0
Kameela,1.0
Kameelah,1.0
Kameera,1.0
Kameesha,1.0
Kalonni,1.0
Kalonie,1.0
Kaleesia,1.0
Kaliece,1.0
Kaliah,1.0
Kaliana,1.0
Kaliani,1.0
Kaliann,1.0
Kalianna,1.0
Kaliannah,1.0
Kalianne,1.0
Kalice,1.0
Kalicia,1.0
Kalie,1.0
Kaliea,1.0
Kalieah,1.0
Kaliee,1.0
Kalhani,1.0
Kaliegh,1.0
Kaliese,1.0
Kaliesha,1.0
Kaliey,1.0
Kalifah,1.0
Kalifornia,1.0
Kaliha,1.0
Kalii,1.0
Kalika,1.0
Kalila,1.0
Kalilah,1.0
Kalilyn,1.0
Kalia,1.0
Kaleyah,1.0
Kalonda,1.0
Kalena,1.0
Kaleeya,1.0
Kaleeyah,1.0
Kaleia,1.0
Kaleiah,1.0
Kaleigha,1.0
Kaleila,1.0
Kaleina,1.0
Kaleinani,1.0
Kaleis,1.0
Kaleisha,1.0
Kaleiya,1.0
Kaleiyah,1.0
Kalene,1.0
Kaleya,1.0
Kalenna,1.0
Kalesa,1.0
Kalese,1.0
Kalesha,1.0
Kaleshia,1.0
Kalesi,1.0
Kalesia,1.0
Kalessi,1.0
Kalessy,1.0
Kaleta,1.0
Kaletha,1.0
Kalexy,1.0
Kalima,1.0
Kalimah,1.0
Kalimarie,1.0
Kallie,1.0
Kaliyha,1.0
Kaliza,1.0
Kalkidan,1.0
Kalla,1.0
Kallea,1.0
Kallee,1.0
Kalleen,1.0
Kalleigh,1.0
Kalley,1.0
Kalli,1.0
Kallia,1.0
Kalliann,1.0
Kallieann,1.0
Kalimba,1.0
Kallina,1.0
Kalliope,1.0
Kalliopi,1.0
Kallissa,1.0
Kallista,1.0
Kalliyah,1.0
Kalliyan,1.0
Kallye,1.0
Kallyn,1.0
Kallysta,1.0
Kalolaine,1.0
Kalona,1.0
Kaliyanna,1.0
Kaliyanei,1.0
Kaliyana,1.0
Kaliyan,1.0
Kalina,1.0
Kalinah,1.0
Kalinda,1.0
Kaline,1.0
Kalini,1.0
Kaliona,1.0
Kalionna,1.0
Kaliope,1.0
Kaliopi,1.0
Kalirae,1.0
Kalirose,1.0
Kalisa,1.0
Kalise,1.0
Kalisee,1.0
Kalisha,1.0
Kalishia,1.0
Kalisi,1.0
Kalisia,1.0
Kaliska,1.0
Kalissa,1.0
Kalisse,1.0
Kalissi,1.0
Kalista,1.0
Kalita,1.0
Kaliya,1.0
Kahlilah,1.0
Kahlie,1.0
Juany,1.0
Julye,1.0
Jullianna,1.0
Jullianne,1.0
Jullie,1.0
Julliet,1.0
Julliette,1.0
Jullisa,1.0
Jullissa,1.0
Jully,1.0
Julonda,1.0
Julya,1.0
Julyana,1.0
Julyanna,1.0
Julyn,1.0
Jullia,1.0
Julynn,1.0
Julysa,1.0
Julyssa,1.0
Jumalay,1.0
Juman,1.0
Jumana,1.0
Jumanah,1.0
Junae,1.0
Junainah,1.0
Junea,1.0
Juneann,1.0
Junee,1.0
Julliana,1.0
Jull,1.0
Junella,1.0
Julisha,1.0
Julieth,1.0
Julietha,1.0
Juliett,1.0
Julietta,1.0
Julieza,1.0
Julin,1.0
Julina,1.0
Julinda,1.0
Juline,1.0
Juliona,1.0
Julionna,1.0
Julisa,1.0
Julisia,1.0
Julizza,1.0
Julissia,1.0
Julita,1.0
Julitsa,1.0
Julitta,1.0
Julitza,1.0
Julivette,1.0
Julixa,1.0
Juliya,1.0
Juliyah,1.0
Juliyana,1.0
Juliyanna,1.0
Juliza,1.0
Junell,1.0
Junelle,1.0
Kahliah,1.0
Jurzie,1.0
Juritza,1.0
Jurlean,1.0
Jurlene,1.0
Jurline,1.0
Jurmani,1.0
Jurnei,1.0
Jurni,1.0
Jurnie,1.0
Jurnii,1.0
Jursi,1.0
Jurzee,1.0
Jurzi,1.0
Jussica,1.0
Jurie,1.0
Justa,1.0
Justeen,1.0
Justeena,1.0
Justene,1.0
Justess,1.0
Justicee,1.0
Justien,1.0
Justilia,1.0
Justinia,1.0
Justinne,1.0
Justy,1.0
Justyna,1.0
Jurita,1.0
Juridia,1.0
Junellen,1.0
Juniya,1.0
Junerose,1.0
Junetta,1.0
Junette,1.0
Juneve,1.0
Junia,1.0
Juniah,1.0
Juniata,1.0
Junice,1.0
Junietta,1.0
Junilla,1.0
Junissa,1.0
Junita,1.0
Juniyah,1.0
Juriana,1.0
Junko,1.0
Junne,1.0
Junya,1.0
Junyper,1.0
Juquana,1.0
Jura,1.0
Jurany,1.0
Jurate,1.0
Jurea,1.0
Juree,1.0
Jurene,1.0
Juretta,1.0
Juliete,1.0
Julieta,1.0
Juliessa,1.0
Juile,1.0
Judtih,1.0
Judyann,1.0
Judye,1.0
Judylynn,1.0
Judyne,1.0
Judyth,1.0
Judythe,1.0
Juelene,1.0
Juella,1.0
Juhee,1.0
Juhi,1.0
Juila,1.0
Juilette,1.0
Judithanne,1.0
Juiliana,1.0
Juilianna,1.0
Jula,1.0
Julaine,1.0
Julan,1.0
Julana,1.0
Julane,1.0
Julann,1.0
Julanne,1.0
Julayne,1.0
Julea,1.0
Juleah,1.0
Judithe,1.0
Judithann,1.0
Julieonna,1.0
Judeth,1.0
Juaquina,1.0
Juaria,1.0
Juawana,1.0
Judaline,1.0
Judalon,1.0
Judayah,1.0
Judeah,1.0
Judean,1.0
Judee,1.0
Judeen,1.0
Judell,1.0
Judene,1.0
Judette,1.0
Judite,1.0
Judey,1.0
Judeyah,1.0
Judi,1.0
Judia,1.0
Judiann,1.0
Judianne,1.0
Judie,1.0
Judieth,1.0
Judilyn,1.0
Judilynn,1.0
Judine,1.0
Judit,1.0
Juleana,1.0
Juleanna,1.0
Julee,1.0
Juliaunna,1.0
Julianie,1.0
Julianis,1.0
Julianita,1.0
Juliannah,1.0
Juliannamarie,1.0
Julianne,1.0
Juliannie,1.0
Julianny,1.0
Juliany,1.0
Julianys,1.0
Juliarose,1.0
Juliauna,1.0
Julibeth,1.0
Juleeanna,1.0
Julica,1.0
Julicia,1.0
Juliea,1.0
Julieana,1.0
Julieann,1.0
Julieanna,1.0
Julieanne,1.0
Juliella,1.0
Juliemarie,1.0
Juliena,1.0
Juliene,1.0
Julienna,1.0
Juliane,1.0
Juliandra,1.0
Julianah,1.0
Juliamarie,1.0
Juleen,1.0
Juleena,1.0
Juleesa,1.0
Juleidy,1.0
Juleigh,1.0
Juleimy,1.0
Juleisy,1.0
Julena,1.0
Julene,1.0
Julenny,1.0
Juleny,1.0
Julep,1.0
Julessa,1.0
Juletta,1.0
Julette,1.0
Juley,1.0
Juli,1.0
Juliaann,1.0
Juliaanne,1.0
Juliaette,1.0
Juliagrace,1.0
Juliah,1.0
Juliahna,1.0
Juliahnna,1.0
Juliamae,1.0
Justyne,1.0
Justyse,1.0
Jutta,1.0
Kaela,1.0
Kadra,1.0
Kadraya,1.0
Kadria,1.0
Kadriana,1.0
Kadrianna,1.0
Kady,1.0
Kae,1.0
Kaebri,1.0
Kaeda,1.0
Kaedance,1.0
Kaedynce,1.0
Kaeisha,1.0
Kaelah,1.0
Kadisha,1.0
Kaelahni,1.0
Kaelana,1.0
Kaelani,1.0
Kaelanie,1.0
Kaelanni,1.0
Kaelany,1.0
Kaele,1.0
Kaelea,1.0
Kaeleah,1.0
Kaelee,1.0
Kaeleen,1.0
Kaelei,1.0
Kadjah,1.0
Kadira,1.0
Kadelyn,1.0
Kadiatu,1.0
Kadera,1.0
Kadesha,1.0
Kadeshia,1.0
Kadesia,1.0
Kadetra,1.0
Kadetria,1.0
Kadey,1.0
Kadezha,1.0
Kadezia,1.0
Kadi,1.0
Kadia,1.0
Kadiatou,1.0
Kadidia,1.0
Kadince,1.0
Kadidiatou,1.0
Kadidja,1.0
Kadidra,1.0
Kadie,1.0
Kadiedra,1.0
Kadience,1.0
Kadiesha,1.0
Kadija,1.0
Kadijah,1.0
Kadijatou,1.0
Kadijatu,1.0
Kadijha,1.0
Kaeleigh,1.0
Kaelene,1.0
Kaeley,1.0
Kahla,1.0
Kagome,1.0
Kahala,1.0
Kahana,1.0
Kahani,1.0
Kahdejah,1.0
Kahdijah,1.0
Kahea,1.0
Kahealani,1.0
Kaheli,1.0
Kahia,1.0
Kahila,1.0
Kahira,1.0
Kahlanie,1.0
Kaeli,1.0
Kahlanii,1.0
Kahlanni,1.0
Kahlaya,1.0
Kahlayah,1.0
Kahlea,1.0
Kahleah,1.0
Kahleesi,1.0
Kahlei,1.0
Kahleia,1.0
Kahley,1.0
Kahleya,1.0
Kahlia,1.0
Kafi,1.0
Kaffie,1.0
Kaezlynn,1.0
Kaezlie,1.0
Kaelia,1.0
Kaeliana,1.0
Kaelie,1.0
Kaeliegh,1.0
Kaella,1.0
Kaelli,1.0
Kaelly,1.0
Kaeloni,1.0
Kaely,1.0
Kaelyne,1.0
Kaelynn,1.0
Kaelynne,1.0
Kaeor,1.0
Kaeori,1.0
Kaery,1.0
Kaesha,1.0
Kaeslyn,1.0
Kaethe,1.0
Kaetlin,1.0
Kaetlyn,1.0
Kaetlynn,1.0
Kaeya,1.0
Kaeyla,1.0
Kaezlee,1.0
Kaezleigh,1.0
Kadenze,1.0
Kadejiah,1.0
Juventina,1.0
Jyoti,1.0
Jymme,1.0
Jyn,1.0
Jynae,1.0
Jynell,1.0
Jynelle,1.0
Jynesis,1.0
Jynessa,1.0
Jynia,1.0
Jyniah,1.0
Jynna,1.0
Jynx,1.0
Jyonna,1.0
Jyotsna,1.0
Jyllian,1.0
Jyra,1.0
Jyrah,1.0
Jyselle,1.0
Jyssica,1.0
Jystice,1.0
Jyzelle,1.0
Jzabehl,1.0
Kaajal,1.0
Kaala,1.0
Kaaliyah,1.0
Kaalyn,1.0
Kaamilah,1.0
Jyme,1.0
Jyll,1.0
Kadejia,1.0
Jyana,1.0
Juvia,1.0
Juwairiyah,1.0
Juwana,1.0
Juwanda,1.0
Juwanna,1.0
Juwayria,1.0
Juwayriya,1.0
Juwayriyah,1.0
Juyne,1.0
Jwana,1.0
Jya,1.0
Jyah,1.0
Jyanna,1.0
Jylissa,1.0
Jyasia,1.0
Jyelle,1.0
Jyena,1.0
Jyia,1.0
Jyiah,1.0
Jykeria,1.0
Jyl,1.0
Jyla,1.0
Jylah,1.0
Jylene,1.0
Jylian,1.0
Jylisa,1.0
Kaamilya,1.0
Kaara,1.0
Kaaran,1.0
Kadedria,1.0
Kadaija,1.0
Kadaisha,1.0
Kadaja,1.0
Kadajah,1.0
Kadasha,1.0
Kadashia,1.0
Kadasia,1.0
Kadaysha,1.0
Kadaysia,1.0
Kaddie,1.0
Kaddy,1.0
Kadedra,1.0
Kadee,1.0
Kaaren,1.0
Kadeedra,1.0
Kadeeja,1.0
Kadeejah,1.0
Kadeesha,1.0
Kadeidra,1.0
Kadeidre,1.0
Kadeija,1.0
Kadeijah,1.0
Kadeisha,1.0
Kadeja,1.0
Kadejah,1.0
Kadejha,1.0
Kada,1.0
Kacia,1.0
Kachiri,1.0
Kachina,1.0
Kaari,1.0
Kaarin,1.0
Kaarina,1.0
Kaaron,1.0
Kaashi,1.0
Kaashvi,1.0
Kaavia,1.0
Kaavya,1.0
Kaaya,1.0
Kaayla,1.0
Kabao,1.0
Kabela,1.0
Kabella,1.0
Kabrea,1.0
Kabree,1.0
Kabresha,1.0
Kabreyia,1.0
Kabri,1.0
Kabria,1.0
Kabrielle,1.0
Kabrina,1.0
Kacelyn,1.0
Kacelynn,1.0
Kachelle,1.0
Kachet,1.0
Hortence,1.0
Ivadel,1.0
Faige,1.0
Evadean,1.0
Eurania,1.0
Eurasia,1.0
Euree,1.0
Eureeka,1.0
Euretha,1.0
Euretta,1.0
Eurica,1.0
Euricka,1.0
Eurika,1.0
Eurith,1.0
Euriyah,1.0
Eurma,1.0
Europa,1.0
Europe,1.0
Eurydice,1.0
Eusebia,1.0
Eusevia,1.0
Eustacia,1.0
Eustolia,1.0
Eutha,1.0
Eutimia,1.0
Euva,1.0
Euzelia,1.0
Evabella,1.0
Evabelle,1.0
Euradell,1.0
Euple,1.0
Euphoria,1.0
Eumeka,1.0
Eulema,1.0
Eulene,1.0
Euleta,1.0
Eulia,1.0
Eulina,1.0
Eulinda,1.0
Euline,1.0
Eulla,1.0
Eulogia,1.0
Eulojia,1.0
Eulonda,1.0
Euna,1.0
Euphemie,1.0
Eunetta,1.0
Eunia,1.0
Eunie,1.0
Euniece,1.0
Eunika,1.0
Euniqua,1.0
Eunise,1.0
Eunita,1.0
Eunji,1.0
Eupha,1.0
Euphemia,1.0
Evada,1.0
Evadell,1.0
Estreya,1.0
Evadene,1.0
Evaley,1.0
Evalia,1.0
Evaliah,1.0
Evalie,1.0
Evalin,1.0
Evalina,1.0
Evalinda,1.0
Evaline,1.0
Evalisa,1.0
Evalise,1.0
Evalisse,1.0
Evaliz,1.0
Evalou,1.0
Evalucia,1.0
Evaluna,1.0
Evaly,1.0
Evalyn,1.0
Evalyna,1.0
Evalyne,1.0
Evalynn,1.0
Evalynne,1.0
Evalyse,1.0
Evamae,1.0
Evamaria,1.0
Evamarie,1.0
Evalette,1.0
Evalett,1.0
Evalet,1.0
Evajean,1.0
Evadine,1.0
Evadna,1.0
Evadne,1.0
Evaeh,1.0
Evagelia,1.0
Evagene,1.0
Evaggelia,1.0
Evagrace,1.0
Evah,1.0
Evaine,1.0
Evajane,1.0
Evajo,1.0
Evalene,1.0
Evalani,1.0
Evalea,1.0
Evaleah,1.0
Evalean,1.0
Evalee,1.0
Evaleen,1.0
Evaleena,1.0
Evalei,1.0
Evaleigh,1.0
Evalen,1.0
Evalena,1.0
Eulee,1.0
Eulean,1.0
Eular,1.0
Eulane,1.0
Ethelmay,1.0
Ethelreda,1.0
Ethelrene,1.0
Ethelrine,1.0
Ethelwyn,1.0
Ethelyn,1.0
Ethelyne,1.0
Ethelynn,1.0
Ethena,1.0
Ethereal,1.0
Etherine,1.0
Ethie,1.0
Ethil,1.0
Ethiopia,1.0
Ethleen,1.0
Ethlyn,1.0
Ethna,1.0
Ethne,1.0
Ethny,1.0
Ethyl,1.0
Ethyle,1.0
Ethyleen,1.0
Ethylene,1.0
Etna,1.0
Etnie,1.0
Ethelmae,1.0
Ethellee,1.0
Ethelle,1.0
Ethany,1.0
Esveidy,1.0
Eszter,1.0
Eta,1.0
Etana,1.0
Etasha,1.0
Etelka,1.0
Etelvina,1.0
Eterniti,1.0
Eternity,1.0
Etha,1.0
Ethal,1.0
Ethelann,1.0
Ethell,1.0
Ethelda,1.0
Etheldra,1.0
Etheldreda,1.0
Ethele,1.0
Ethelean,1.0
Ethelee,1.0
Etheleen,1.0
Ethelen,1.0
Ethelene,1.0
Ethelind,1.0
Etheline,1.0
Eto,1.0
Etoile,1.0
Etola,1.0
Eugie,1.0
Eudice,1.0
Eudine,1.0
Eudora,1.0
Euella,1.0
Eufaula,1.0
Eufelia,1.0
Eufemia,1.0
Eufracia,1.0
Eufrasia,1.0
Eugena,1.0
Eugenie,1.0
Eugina,1.0
Eudena,1.0
Euginia,1.0
Eugonda,1.0
Eujin,1.0
Eulah,1.0
Eulala,1.0
Eulalah,1.0
Eulalee,1.0
Eulalia,1.0
Eulalie,1.0
Eulamae,1.0
Eulanda,1.0
Eudene,1.0
Eudella,1.0
Etolia,1.0
Ettalyn,1.0
Etonya,1.0
Etosha,1.0
Etoshia,1.0
Etoy,1.0
Etoya,1.0
Etoyle,1.0
Etrulia,1.0
Etsub,1.0
Etsuko,1.0
Ettalee,1.0
Ettalie,1.0
Ettalynn,1.0
Eudelia,1.0
Ettamae,1.0
Ettel,1.0
Etter,1.0
Etti,1.0
Ettie,1.0
Etty,1.0
Etzli,1.0
Eua,1.0
Euba,1.0
Euda,1.0
Eudean,1.0
Evana,1.0
Evanee,1.0
Evanell,1.0
Everline,1.0
Evilynn,1.0
Evina,1.0
Evionna,1.0
Evita,1.0
Evleen,1.0
Evleyn,1.0
Evlin,1.0
Evline,1.0
Evlyn,1.0
Evlynn,1.0
Evnika,1.0
Evola,1.0
Evoleht,1.0
Evolet,1.0
Evoleth,1.0
Evolett,1.0
Evolette,1.0
Evona,1.0
Evonda,1.0
Evoni,1.0
Evonia,1.0
Evonie,1.0
Evonn,1.0
Evonna,1.0
Evonne,1.0
Evilyn,1.0
Evilo,1.0
Evilin,1.0
Evey,1.0
Everlygrace,1.0
Everlyn,1.0
Everlynn,1.0
Everlynne,1.0
Everlyrose,1.0
Everlyse,1.0
Evermore,1.0
Evet,1.0
Evett,1.0
Evetta,1.0
Evette,1.0
Eveyln,1.0
Evila,1.0
Evgenia,1.0
Evi,1.0
Evia,1.0
Eviana,1.0
Evianna,1.0
Evieanna,1.0
Eviee,1.0
Evielynn,1.0
Eviemarie,1.0
Evienne,1.0
Evika,1.0
Evonni,1.0
Evonnie,1.0
Evonny,1.0
Eylen,1.0
Eyani,1.0
Eyanna,1.0
Eydi,1.0
Eydie,1.0
Eygpt,1.0
Eyla,1.0
Eylah,1.0
Eylani,1.0
Eylee,1.0
Eyleen,1.0
Eylem,1.0
Eylin,1.0
Eya,1.0
Eylul,1.0
Eymi,1.0
Eymy,1.0
Eyona,1.0
Eyonna,1.0
Eyra,1.0
Eysha,1.0
Eythel,1.0
Eyva,1.0
Eyvah,1.0
Eyvette,1.0
Eyana,1.0
Exilda,1.0
Evony,1.0
Evylen,1.0
Evora,1.0
Evorn,1.0
Evra,1.0
Evva,1.0
Evvie,1.0
Evvy,1.0
Evy,1.0
Evyan,1.0
Evyana,1.0
Evyanna,1.0
Evyenia,1.0
Evylene,1.0
Exia,1.0
Evylin,1.0
Evynne,1.0
Evyonne,1.0
Ewa,1.0
Ewanda,1.0
Ewaoluwa,1.0
Ewelina,1.0
Ewurabena,1.0
Exa,1.0
Excellence,1.0
Exer,1.0
Everlyee,1.0
Everlina,1.0
Evanelle,1.0
Everlin,1.0
Evannie,1.0
Evanny,1.0
Evanora,1.0
Evanshi,1.0
Evanthia,1.0
Evany,1.0
Evanyelin,1.0
Evara,1.0
Evarista,1.0
Evarose,1.0
Evaughn,1.0
Evaya,1.0
Evayah,1.0
Evdokia,1.0
Evdoxia,1.0
Eve,1.0
Evea,1.0
Eveah,1.0
Eveana,1.0
Eveangeline,1.0
Eveanna,1.0
Evee,1.0
Evelean,1.0
Evelee,1.0
Eveleen,1.0
Evanni,1.0
Evanne,1.0
Evannah,1.0
Evangeline,1.0
Evaney,1.0
Evangalene,1.0
Evangaline,1.0
Evangela,1.0
Evangeleen,1.0
Evangelena,1.0
Evangelene,1.0
Evangeli,1.0
Evangelia,1.0
Evangelin,1.0
Evangelina,1.0
Evangelique,1.0
Evanna,1.0
Evangelita,1.0
Evangely,1.0
Evangelyn,1.0
Evangelyne,1.0
Evangelynn,1.0
Evangline,1.0
Evani,1.0
Evania,1.0
Evanie,1.0
Evanjelina,1.0
Evanka,1.0
Eveleigh,1.0
Evelen,1.0
Evelena,1.0
Everlea,1.0
Evemarie,1.0
Evenie,1.0
Evening,1.0
Evennie,1.0
Evenny,1.0
Eveny,1.0
Evera,1.0
Everdeen,1.0
Everee,1.0
Everetta,1.0
Evergreen,1.0
Everlean,1.0
Evelyon,1.0
Everleaner,1.0
Everlee,1.0
Everleen,1.0
Everlei,1.0
Everlena,1.0
Everlene,1.0
Everlener,1.0
Everley,1.0
Everli,1.0
Everlie,1.0
Everliegh,1.0
Evelyse,1.0
Evelynrose,1.0
Evelene,1.0
Evelinn,1.0
Evelet,1.0
Evelett,1.0
Evelette,1.0
Eveli,1.0
Evelia,1.0
Evelie,1.0
Evelien,1.0
Eveliina,1.0
Evelina,1.0
Evelinda,1.0
Eveline,1.0
Evelis,1.0
Evelynne,1.0
Evelise,1.0
Evelisse,1.0
Eveliz,1.0
Evella,1.0
Evellyn,1.0
Evely,1.0
Evelyna,1.0
Evelyne,1.0
Evelyngrace,1.0
Evelynmae,1.0
Evelynn,1.0
Esty,1.0
Estrellita,1.0
Eyvonne,1.0
Erendida,1.0
Equasia,1.0
Equilla,1.0
Erabella,1.0
Erabelle,1.0
Erah,1.0
Eraina,1.0
Eraine,1.0
Eralia,1.0
Eralyn,1.0
Eralynn,1.0
Eram,1.0
Erandi,1.0
Erandy,1.0
Ercelle,1.0
Ercia,1.0
Ercie,1.0
Ercilia,1.0
Erda,1.0
Erdell,1.0
Erdene,1.0
Erdine,1.0
Ereca,1.0
Ereka,1.0
Erelene,1.0
Ereline,1.0
Equasha,1.0
Epsie,1.0
Eponine,1.0
Enzleigh,1.0
Envyi,1.0
Enya,1.0
Enyah,1.0
Enyce,1.0
Enyia,1.0
Enyla,1.0
Enylah,1.0
Enyssa,1.0
Enza,1.0
Enzie,1.0
Enzlee,1.0
Enzley,1.0
Epiphany,1.0
Enzlie,1.0
Enzly,1.0
Eola,1.0
Eolia,1.0
Eoline,1.0
Eona,1.0
Eowyn,1.0
Ephrata,1.0
Ephratah,1.0
Epifania,1.0
Epimenia,1.0
Erena,1.0
Erendira,1.0
Estrella,1.0
Erene,1.0
Erickia,1.0
Eridani,1.0
Erieanna,1.0
Eriella,1.0
Erielle,1.0
Erien,1.0
Erienne,1.0
Erieonna,1.0
Erihanna,1.0
Eriifeoluwa,1.0
Erikah,1.0
Erikia,1.0
Erikka,1.0
Eriko,1.0
Erilyn,1.0
Erilynn,1.0
Erina,1.0
Erini,1.0
Erinique,1.0
Erinisha,1.0
Erinmarie,1.0
Erinne,1.0
Eriny,1.0
Eriona,1.0
Erionna,1.0
Erickah,1.0
Ericia,1.0
Ericha,1.0
Eriane,1.0
Ereny,1.0
Eres,1.0
Eresmia,1.0
Eretria,1.0
Eretta,1.0
Erha,1.0
Eria,1.0
Eriah,1.0
Erial,1.0
Eriana,1.0
Erianah,1.0
Eriani,1.0
Ericca,1.0
Eriann,1.0
Erianna,1.0
Eriannah,1.0
Erianne,1.0
Erianny,1.0
Eribella,1.0
Ericah,1.0
Erical,1.0
Ericalynn,1.0
Ericamarie,1.0
Ericanicole,1.0
Envii,1.0
Envie,1.0
Envi,1.0
Envee,1.0
Enas,1.0
Enasia,1.0
Enaya,1.0
Enayah,1.0
Enayat,1.0
Enaysia,1.0
Enchante,1.0
Enchantee,1.0
Enchantra,1.0
Enda,1.0
Endea,1.0
Endesha,1.0
Endia,1.0
Endiah,1.0
Endie,1.0
Endiya,1.0
Endiyah,1.0
Endora,1.0
Endra,1.0
Endsley,1.0
Endya,1.0
Endyah,1.0
Endyia,1.0
Enedelia,1.0
Enedina,1.0
Enari,1.0
Enara,1.0
Enalina,1.0
Emylie,1.0
Emya,1.0
Emyah,1.0
Emyia,1.0
Emyiah,1.0
Emyla,1.0
Emylah,1.0
Emyle,1.0
Emylee,1.0
Emyleigh,1.0
Emyli,1.0
Emylia,1.0
Emyly,1.0
Enajiah,1.0
Emyra,1.0
Emyree,1.0
Emyri,1.0
Emyrie,1.0
Emyrson,1.0
Emzara,1.0
Emzley,1.0
Ena,1.0
Enaiya,1.0
Enaja,1.0
Enajah,1.0
Eneida,1.0
Enely,1.0
Energi,1.0
Enny,1.0
Eniyah,1.0
Eniylah,1.0
Enjoli,1.0
Enjolie,1.0
Enley,1.0
Enma,1.0
Enna,1.0
Ennette,1.0
Ennice,1.0
Ennie,1.0
Ennifer,1.0
Enola,1.0
Enith,1.0
Enolia,1.0
Enora,1.0
Enrica,1.0
Enrika,1.0
Enriqueta,1.0
Enriquetta,1.0
Enrriqueta,1.0
Enslee,1.0
Ensleigh,1.0
Enslie,1.0
Ensly,1.0
Eniya,1.0
Enita,1.0
Energy,1.0
Engracia,1.0
Eneri,1.0
Enesa,1.0
Enesha,1.0
Enessa,1.0
Enette,1.0
Eneyda,1.0
Enez,1.0
Enfinity,1.0
Enga,1.0
Enger,1.0
Engie,1.0
Engrid,1.0
Enissa,1.0
Eni,1.0
Enia,1.0
Eniah,1.0
Enice,1.0
Enija,1.0
Enijah,1.0
Enika,1.0
Enilda,1.0
Enisa,1.0
Enise,1.0
Enisha,1.0
Erionne,1.0
Eriqa,1.0
Eriqua,1.0
Eshika,1.0
Esmerie,1.0
Esmerlda,1.0
Esmery,1.0
Esmi,1.0
Esmia,1.0
Esmie,1.0
Esmira,1.0
Esmirna,1.0
Esmy,1.0
Esohe,1.0
Espanola,1.0
Esparanza,1.0
Esperance,1.0
Esperansa,1.0
Esprit,1.0
Esraa,1.0
Essance,1.0
Essense,1.0
Essfa,1.0
Essi,1.0
Essica,1.0
Essiemae,1.0
Essined,1.0
Esslyn,1.0
Essye,1.0
Esmeriah,1.0
Esmerelda,1.0
Esmeree,1.0
Esmaralda,1.0
Eshter,1.0
Esi,1.0
Esila,1.0
Eska,1.0
Eslee,1.0
Eslem,1.0
Eslyn,1.0
Eslynn,1.0
Esma,1.0
Esmae,1.0
Esmarae,1.0
Esmari,1.0
Esmeray,1.0
Esmarie,1.0
Esmay,1.0
Esmea,1.0
Esmee,1.0
Esmei,1.0
Esmer,1.0
Esmerae,1.0
Esmerai,1.0
Esmeraida,1.0
Esmerald,1.0
Esmeraldo,1.0
Essynce,1.0
Estacia,1.0
Estafani,1.0
Esthela,1.0
Estephany,1.0
Estera,1.0
Esterine,1.0
Esterlene,1.0
Esterline,1.0
Esteysi,1.0
Estha,1.0
Esthefani,1.0
Esthefania,1.0
Esthefany,1.0
Esthel,1.0
Estherlene,1.0
Estephania,1.0
Estherline,1.0
Esthermae,1.0
Esti,1.0
Estibaliz,1.0
Estie,1.0
Estilla,1.0
Estine,1.0
Estivalis,1.0
Estoria,1.0
Estralita,1.0
Estrelita,1.0
Estephanie,1.0
Estephani,1.0
Estafania,1.0
Estefanya,1.0
Estalee,1.0
Estaleen,1.0
Estalene,1.0
Estaline,1.0
Estanislada,1.0
Este,1.0
Esteen,1.0
Estefana,1.0
Estefanie,1.0
Estefanita,1.0
Estefanny,1.0
Esteffany,1.0
Estellise,1.0
Estefhany,1.0
Estela,1.0
Estele,1.0
Estelee,1.0
Estelene,1.0
Esteline,1.0
Estelita,1.0
Estellar,1.0
Estellene,1.0
Esteller,1.0
Estelline,1.0
Eshita,1.0
Eshell,1.0
Erisa,1.0
Eshe,1.0
Ermani,1.0
Ermelinda,1.0
Ermenia,1.0
Ermer,1.0
Ermia,1.0
Ermila,1.0
Ermina,1.0
Erminda,1.0
Erminia,1.0
Erminie,1.0
Ermma,1.0
Ernell,1.0
Ernesha,1.0
Erneshia,1.0
Ernesta,1.0
Ernesteen,1.0
Ernestene,1.0
Ernestina,1.0
Ernestyne,1.0
Ernetta,1.0
Ernette,1.0
Ernice,1.0
Ernisha,1.0
Ernistine,1.0
Ernstine,1.0
Ermaline,1.0
Ermalinda,1.0
Ermalene,1.0
Erla,1.0
Erisha,1.0
Eriss,1.0
Erissa,1.0
Eritrea,1.0
Eriyah,1.0
Eriyan,1.0
Eriyana,1.0
Eriyanna,1.0
Eriyona,1.0
Eriyonna,1.0
Erka,1.0
Erlean,1.0
Ermalee,1.0
Erleen,1.0
Erlene,1.0
Erlinda,1.0
Erline,1.0
Erlyne,1.0
Erlys,1.0
Ermadean,1.0
Ermadine,1.0
Ermagene,1.0
Ermajean,1.0
Ermalea,1.0
Eronda,1.0
Errica,1.0
Erricka,1.0
Escolastica,1.0
Esabel,1.0
Esabella,1.0
Esabelle,1.0
Esbeidi,1.0
Esbeidy,1.0
Esbeydi,1.0
Esbeydy,1.0
Escarlet,1.0
Escarleth,1.0
Escarlett,1.0
Eschelle,1.0
Ese,1.0
Eryss,1.0
Esenia,1.0
Eseosa,1.0
Eseta,1.0
Esha,1.0
Eshaal,1.0
Eshal,1.0
Eshana,1.0
Eshani,1.0
Eshanti,1.0
Eshanvi,1.0
Eshawna,1.0
Erzsebet,1.0
Eryonna,1.0
Errika,1.0
Ervena,1.0
Erryn,1.0
Ersa,1.0
Ersell,1.0
Erselle,1.0
Ersheen,1.0
Ersilia,1.0
Ersula,1.0
Ertha,1.0
Ertie,1.0
Erum,1.0
Erva,1.0
Ervene,1.0
Erynne,1.0
Ervina,1.0
Erya,1.0
Eryan,1.0
Eryana,1.0
Eryanna,1.0
Eryca,1.0
Erycka,1.0
Eryka,1.0
Erykah,1.0
Eryne,1.0
Erynn,1.0
Eyvone,1.0
Eza,1.0
Garnieta,1.0
Francellia,1.0
Fosteen,1.0
Fostina,1.0
Fostine,1.0
Fotima,1.0
Fotini,1.0
Foua,1.0
Fouzia,1.0
Foxy,1.0
Fozie,1.0
Fraces,1.0
Fracine,1.0
Fradel,1.0
Frady,1.0
Fraeya,1.0
Fraida,1.0
Fraidel,1.0
Fraidy,1.0
Franca,1.0
Franccesca,1.0
Francee,1.0
Franceen,1.0
Francel,1.0
Francelia,1.0
Francelina,1.0
Francella,1.0
Forum,1.0
Fortunate,1.0
Fortunata,1.0
Folia,1.0
Floyda,1.0
Floydell,1.0
Floydene,1.0
Floydia,1.0
Floye,1.0
Flynne,1.0
Fnu,1.0
Fola,1.0
Folami,1.0
Folasade,1.0
Folashade,1.0
Foluke,1.0
Fortuna,1.0
Fonda,1.0
Fonisha,1.0
Fontana,1.0
Fontella,1.0
Fontelle,1.0
Fontilla,1.0
Foram,1.0
Fordie,1.0
Forestine,1.0
Formeka,1.0
Forrestine,1.0
Francelle,1.0
Francely,1.0
Finessa,1.0
Francelys,1.0
Franciska,1.0
Francisquita,1.0
Franciszka,1.0
Francita,1.0
Francoise,1.0
Francy,1.0
Francyne,1.0
Francys,1.0
Franda,1.0
Franes,1.0
Franey,1.0
Frani,1.0
Frania,1.0
Franka,1.0
Frankee,1.0
Franklynn,1.0
Frann,1.0
Franne,1.0
Frannie,1.0
Franny,1.0
Franshesca,1.0
Fransheska,1.0
Fransica,1.0
Fransisca,1.0
Frantasia,1.0
Francise,1.0
Francina,1.0
Francille,1.0
Franchelle,1.0
Francena,1.0
Francene,1.0
Francenia,1.0
Francesa,1.0
Francese,1.0
Franceska,1.0
Francess,1.0
Francessca,1.0
Francetta,1.0
Francey,1.0
Franchell,1.0
Franchesca,1.0
Francile,1.0
Francheska,1.0
Franchessca,1.0
Franchesska,1.0
Franchester,1.0
Franchetta,1.0
Franchette,1.0
Franchezca,1.0
Franchon,1.0
Franci,1.0
Francia,1.0
Franciene,1.0
Floya,1.0
Flower,1.0
Flourish,1.0
Flossy,1.0
Flavia,1.0
Flechia,1.0
Flecia,1.0
Fleda,1.0
Fleeta,1.0
Flemmie,1.0
Flerida,1.0
Flesha,1.0
Fleshia,1.0
Fleta,1.0
Fleur,1.0
Fleurette,1.0
Flicia,1.0
Flo,1.0
Floda,1.0
Flodie,1.0
Floe,1.0
Floella,1.0
Floetta,1.0
Floice,1.0
Floie,1.0
Flois,1.0
Flona,1.0
Flonnie,1.0
Florabel,1.0
Flava,1.0
Flaura,1.0
Flarrie,1.0
Fiorenza,1.0
Finleigh,1.0
Finna,1.0
Finnleigh,1.0
Finola,1.0
Fion,1.0
Fionna,1.0
Fionnuala,1.0
Fionnula,1.0
Fiora,1.0
Fiorela,1.0
Fiorella,1.0
Fira,1.0
Flarence,1.0
Firdaus,1.0
Firdaws,1.0
Firdous,1.0
Firyal,1.0
Fitima,1.0
Fiza,1.0
Fizza,1.0
Fjolla,1.0
Flame,1.0
Flannery,1.0
Flara,1.0
Florabell,1.0
Florabelle,1.0
Floraida,1.0
Floriene,1.0
Floretta,1.0
Florette,1.0
Flori,1.0
Floria,1.0
Floriana,1.0
Floribel,1.0
Florice,1.0
Floridalma,1.0
Floride,1.0
Florie,1.0
Florien,1.0
Florina,1.0
Floreta,1.0
Florince,1.0
Florinda,1.0
Florisa,1.0
Florisel,1.0
Florita,1.0
Flormaria,1.0
Flornce,1.0
Florrie,1.0
Florrine,1.0
Flosie,1.0
Floss,1.0
Floretha,1.0
Florestine,1.0
Floraine,1.0
Florece,1.0
Floral,1.0
Floralee,1.0
Floramae,1.0
Florance,1.0
Florann,1.0
Floranne,1.0
Florastine,1.0
Flordemaria,1.0
Flordia,1.0
Flore,1.0
Florean,1.0
Florecita,1.0
Florestela,1.0
Floreda,1.0
Floree,1.0
Floreen,1.0
Floreine,1.0
Florella,1.0
Florena,1.0
Florencia,1.0
Florenda,1.0
Florene,1.0
Florentina,1.0
Floresita,1.0
Franyeli,1.0
Franyelis,1.0
Franzetta,1.0
Gabreella,1.0
Gaeli,1.0
Gaella,1.0
Gaelle,1.0
Gaely,1.0
Gaelyn,1.0
Gaetana,1.0
Gai,1.0
Gaia,1.0
Gaila,1.0
Gailann,1.0
Gailanne,1.0
Gaileen,1.0
Gailene,1.0
Gailya,1.0
Gailyn,1.0
Gailynn,1.0
Gaitlin,1.0
Gala,1.0
Galadriel,1.0
Galatea,1.0
Galathia,1.0
Galatia,1.0
Galaxi,1.0
Galaxie,1.0
Galena,1.0
Gaela,1.0
Gaea,1.0
Gae,1.0
Gabriellah,1.0
Gabreilla,1.0
Gabreille,1.0
Gabrella,1.0
Gabrelle,1.0
Gabria,1.0
Gabriala,1.0
Gabrialla,1.0
Gabrialle,1.0
Gabriana,1.0
Gabrianna,1.0
Gabrielah,1.0
Gabriellamarie,1.0
Gadeer,1.0
Gabriellia,1.0
Gabrielly,1.0
Gabriely,1.0
Gabrille,1.0
Gabrionna,1.0
Gabryela,1.0
Gabryele,1.0
Gabryell,1.0
Gabryella,1.0
Gabryelle,1.0
Gabrylle,1.0
Galene,1.0
Gali,1.0
Galia,1.0
Gardenia,1.0
Ganna,1.0
Gao,1.0
Gaolee,1.0
Gaonou,1.0
Gaosheng,1.0
Gaozong,1.0
Gara,1.0
Garbielle,1.0
Garbrielle,1.0
Garcelle,1.0
Garda,1.0
Gardina,1.0
Ganiya,1.0
Gargi,1.0
Gariella,1.0
Garielle,1.0
Garima,1.0
Garine,1.0
Garla,1.0
Garlene,1.0
Garna,1.0
Garnelle,1.0
Garneta,1.0
Garnetta,1.0
Ganiyah,1.0
Gania,1.0
Galiana,1.0
Galya,1.0
Galicia,1.0
Galilea,1.0
Galileah,1.0
Galilee,1.0
Galileia,1.0
Galina,1.0
Galinda,1.0
Galisa,1.0
Galit,1.0
Galiyah,1.0
Gallie,1.0
Galylea,1.0
Ganessa,1.0
Galynn,1.0
Gamila,1.0
Gamora,1.0
Gamya,1.0
Gana,1.0
Ganae,1.0
Ganajah,1.0
Ganeev,1.0
Ganell,1.0
Ganelle,1.0
Ganesa,1.0
Gabreial,1.0
Gabirelle,1.0
Franziska,1.0
Gabina,1.0
Freia,1.0
Freida,1.0
Freidy,1.0
Freiya,1.0
Freja,1.0
Frejya,1.0
Frenda,1.0
Frenesi,1.0
Freshta,1.0
Freta,1.0
Freya,1.0
Freyah,1.0
Freyda,1.0
Freydis,1.0
Freyia,1.0
Freyja,1.0
Frica,1.0
Frida,1.0
Fridah,1.0
Friday,1.0
Fridda,1.0
Frieda,1.0
Frika,1.0
Frimet,1.0
Frimie,1.0
Freesia,1.0
Freedia,1.0
Freeda,1.0
Fredericka,1.0
Fraya,1.0
Frayah,1.0
Frayda,1.0
Frayja,1.0
Freada,1.0
Fredasia,1.0
Fredda,1.0
Freddia,1.0
Freddye,1.0
Fredeline,1.0
Frederica,1.0
Frederika,1.0
Fredrika,1.0
Frederique,1.0
Fredia,1.0
Fredina,1.0
Fredine,1.0
Fredith,1.0
Fredlyn,1.0
Fredna,1.0
Fredonia,1.0
Fredreka,1.0
Fredrica,1.0
Fredricka,1.0
Frimmy,1.0
Frimy,1.0
Frita,1.0
Gaal,1.0
Fusae,1.0
Fusako,1.0
Fusaye,1.0
Fushia,1.0
Fynleigh,1.0
Fynley,1.0
Fynlie,1.0
Fynnlee,1.0
Fynnleigh,1.0
Fyona,1.0
Fyrn,1.0
Gabbanelli,1.0
Furtu,1.0
Gabbi,1.0
Gabbie,1.0
Gabbriel,1.0
Gabbriella,1.0
Gabbrielle,1.0
Gaberielle,1.0
Gaberille,1.0
Gabi,1.0
Gabie,1.0
Gabiela,1.0
Gabija,1.0
Fury,1.0
Furiosa,1.0
Fritha,1.0
Frumie,1.0
Fritzi,1.0
Fritzie,1.0
Fritzy,1.0
Frona,1.0
Froney,1.0
Fronia,1.0
Fronie,1.0
Fronnie,1.0
Frozine,1.0
Fruma,1.0
Frumi,1.0
Fryda,1.0
Furaha,1.0
Fujie,1.0
Fujiko,1.0
Fujiye,1.0
Fuka,1.0
Fumi,1.0
Fumie,1.0
Fumiko,1.0
Fumiye,1.0
Fumiyo,1.0
Funda,1.0
Funmilayo,1.0
Finlea,1.0
Finely,1.0
Ezabel,1.0
Fantaysia,1.0
Fama,1.0
Famie,1.0
Fan,1.0
Fana,1.0
Fanchon,1.0
Fanci,1.0
Fancie,1.0
Fancy,1.0
Faneisha,1.0
Fanessa,1.0
Fani,1.0
Fania,1.0
Fanie,1.0
Fanisha,1.0
Fanita,1.0
Fanna,1.0
Fannette,1.0
Fanniemae,1.0
Fanny,1.0
Fannye,1.0
Fanta,1.0
Fantaisa,1.0
Fantasha,1.0
Fantashia,1.0
Fantasia,1.0
Falysha,1.0
Falynne,1.0
Falynn,1.0
Falisa,1.0
Faleisha,1.0
Falen,1.0
Falena,1.0
Falencia,1.0
Falesha,1.0
Faleshia,1.0
Falicia,1.0
Falicity,1.0
Falin,1.0
Falina,1.0
Faline,1.0
Falisha,1.0
Falyn,1.0
Falishia,1.0
Fall,1.0
Fallan,1.0
Fallen,1.0
Fallie,1.0
Fallin,1.0
Fallyn,1.0
Fallynn,1.0
Falona,1.0
Falonda,1.0
Falone,1.0
Fantasy,1.0
Fantazia,1.0
Fina,1.0
Fany,1.0
Farisa,1.0
Farisha,1.0
Farishta,1.0
Fariya,1.0
Fariza,1.0
Farjana,1.0
Farm,1.0
Farnaz,1.0
Farol,1.0
Farra,1.0
Farran,1.0
Farrar,1.0
Farrie,1.0
Farryn,1.0
Fartun,1.0
Farwa,1.0
Farwah,1.0
Faryal,1.0
Faryl,1.0
Faryn,1.0
Farynn,1.0
Farzana,1.0
Farzeen,1.0
Farzona,1.0
Fasha,1.0
Farina,1.0
Farihah,1.0
Fariha,1.0
Farhana,1.0
Fanya,1.0
Faora,1.0
Fara,1.0
Faraday,1.0
Fardosa,1.0
Fardowsa,1.0
Fareeda,1.0
Fareedah,1.0
Fareeha,1.0
Faren,1.0
Farha,1.0
Farhat,1.0
Faridah,1.0
Farheen,1.0
Farhia,1.0
Farhiya,1.0
Farhiyo,1.0
Fari,1.0
Faria,1.0
Fariah,1.0
Fariba,1.0
Farica,1.0
Farice,1.0
Farida,1.0
Falecia,1.0
Falba,1.0
Falasteen,1.0
Falaq,1.0
Ezmia,1.0
Ezmie,1.0
Ezola,1.0
Ezora,1.0
Ezoza,1.0
Ezperanza,1.0
Ezralynn,1.0
Ezria,1.0
Ezrie,1.0
Ezriella,1.0
Ezrielle,1.0
Ezzah,1.0
Faaizah,1.0
Faatiha,1.0
Faatima,1.0
Faatimah,1.0
Fabeha,1.0
Fabia,1.0
Fabiana,1.0
Fabianna,1.0
Fabianny,1.0
Fabiene,1.0
Fabienne,1.0
Fabiha,1.0
Fabriana,1.0
Ezmi,1.0
Ezmerelda,1.0
Ezmeray,1.0
Ezgi,1.0
Ezabella,1.0
Ezabelle,1.0
Ezalea,1.0
Ezalia,1.0
Ezamae,1.0
Ezara,1.0
Ezarah,1.0
Ezaria,1.0
Ezariyah,1.0
Ezelia,1.0
Ezella,1.0
Ezichi,1.0
Ezmeralda,1.0
Ezinne,1.0
Eziya,1.0
Ezlyn,1.0
Ezlynn,1.0
Ezma,1.0
Ezmae,1.0
Ezmariah,1.0
Ezmarie,1.0
Ezmay,1.0
Ezme,1.0
Ezmee,1.0
Fabrienne,1.0
Faby,1.0
Fachon,1.0
Faithful,1.0
Faira,1.0
Fairah,1.0
Fairen,1.0
Fairie,1.0
Fairlight,1.0
Fairy,1.0
Fairyn,1.0
Faisa,1.0
Faithann,1.0
Faithanne,1.0
Faithe,1.0
Faithlyn,1.0
Faila,1.0
Faithlynn,1.0
Faithmarie,1.0
Faiza,1.0
Faizah,1.0
Fajar,1.0
Fajr,1.0
Fala,1.0
Falak,1.0
Falan,1.0
Falana,1.0
Falanda,1.0
Faina,1.0
Faiha,1.0
Fada,1.0
Faedra,1.0
Fadak,1.0
Fadeelah,1.0
Fadia,1.0
Fadila,1.0
Fadilah,1.0
Fadima,1.0
Fadra,1.0
Faduma,1.0
Fadumo,1.0
Fadwa,1.0
Fae,1.0
Faela,1.0
Faigy,1.0
Faelyn,1.0
Faelynn,1.0
Faeryn,1.0
Faheemah,1.0
Fahima,1.0
Fahm,1.0
Fahmida,1.0
Fahren,1.0
Fahtima,1.0
Faida,1.0
Faiga,1.0
Fashionette,1.0
Fateema,1.0
Fateemah,1.0
Feleica,1.0
Felisity,1.0
Felissa,1.0
Felissia,1.0
Felita,1.0
Feliza,1.0
Felizia,1.0
Fellicia,1.0
Felma,1.0
Felomina,1.0
Feloniz,1.0
Felycia,1.0
Femke,1.0
Fenan,1.0
Fenet,1.0
Fenisha,1.0
Fenleigh,1.0
Fenna,1.0
Fennie,1.0
Feodora,1.0
Feona,1.0
Fera,1.0
Fergie,1.0
Feride,1.0
Feriha,1.0
Ferin,1.0
Felisitas,1.0
Felisita,1.0
Felisia,1.0
Felicie,1.0
Feleisha,1.0
Felena,1.0
Felesha,1.0
Feleshia,1.0
Felesia,1.0
Felica,1.0
Felicea,1.0
Felicha,1.0
Felichia,1.0
Feliciana,1.0
Felicidad,1.0
Felicita,1.0
Felishia,1.0
Felicitas,1.0
Felicite,1.0
Feliciti,1.0
Felina,1.0
Felinda,1.0
Felipa,1.0
Felipita,1.0
Felisa,1.0
Feliscia,1.0
Felise,1.0
Felisha,1.0
Ferma,1.0
Fermina,1.0
Ferna,1.0
Fikir,1.0
Fidela,1.0
Fidelia,1.0
Fidelina,1.0
Fidella,1.0
Fidencia,1.0
Fiera,1.0
Fierra,1.0
Fiesta,1.0
Fiffany,1.0
Fifi,1.0
Fiia,1.0
Fikisha,1.0
Fianna,1.0
Filamena,1.0
Filicia,1.0
Filicity,1.0
Filipa,1.0
Filippa,1.0
Filisha,1.0
Filiz,1.0
Filomena,1.0
Filomina,1.0
Filsan,1.0
Filza,1.0
Fibbie,1.0
Fiana,1.0
Fernande,1.0
Fey,1.0
Ferne,1.0
Fernetta,1.0
Ferra,1.0
Ferrah,1.0
Ferren,1.0
Ferrie,1.0
Ferryn,1.0
Feryal,1.0
Feryl,1.0
Fetina,1.0
Feven,1.0
Feya,1.0
Fiammetta,1.0
Feyisayo,1.0
Feyra,1.0
Feyre,1.0
Feyza,1.0
Feza,1.0
Ffion,1.0
Fia,1.0
Fiadh,1.0
Fiala,1.0
Fiama,1.0
Fiamma,1.0
Feleicia,1.0
Felecity,1.0
Fateha,1.0
Felecie,1.0
Fatoumata,1.0
Fatoumatta,1.0
Fattima,1.0
Fatu,1.0
Fatuma,1.0
Fatumata,1.0
Fatumo,1.0
Faty,1.0
Fatyma,1.0
Faun,1.0
Fauna,1.0
Faune,1.0
Fauniel,1.0
Fausta,1.0
Faustina,1.0
Faustine,1.0
Fauzia,1.0
Faven,1.0
Faviana,1.0
Faviola,1.0
Fawn,1.0
Fawna,1.0
Fawnda,1.0
Fawne,1.0
Fawnia,1.0
Fatouma,1.0
Fatou,1.0
Fatmire,1.0
Fatimah,1.0
Fatema,1.0
Fatemah,1.0
Fatemeh,1.0
Faten,1.0
Fathia,1.0
Fathima,1.0
Fathma,1.0
Fatia,1.0
Fatiha,1.0
Fatihah,1.0
Fatim,1.0
Fatimat,1.0
Fatmeh,1.0
Fatimata,1.0
Fatimatou,1.0
Fatimazahra,1.0
Fatime,1.0
Fatimetou,1.0
Fatina,1.0
Fatisha,1.0
Fatma,1.0
Fatmah,1.0
Fatmata,1.0
Fatme,1.0
Fawnna,1.0
Fawzia,1.0
Faya,1.0
Fedaa,1.0
Fayth,1.0
Faythe,1.0
Fayza,1.0
Fe,1.0
Feather,1.0
Febbie,1.0
Febe,1.0
Feben,1.0
Febie,1.0
Febra,1.0
Feda,1.0
Feddie,1.0
Fayrouz,1.0
Fedelia,1.0
Fedelina,1.0
Federica,1.0
Fedora,1.0
Fedra,1.0
Feiga,1.0
Feige,1.0
Feigy,1.0
Felcia,1.0
Felechia,1.0
Felecia,1.0
Fayte,1.0
Fayrene,1.0
Fayann,1.0
Fayla,1.0
Faydean,1.0
Faydell,1.0
Faydene,1.0
Faydra,1.0
Fayelyn,1.0
Fayelynn,1.0
Fayerene,1.0
Fayeth,1.0
Fayetta,1.0
Fayga,1.0
Fayha,1.0
Faylee,1.0
Fayre,1.0
Fayleen,1.0
Faylen,1.0
Faylene,1.0
Faylin,1.0
Faylinn,1.0
Faylyn,1.0
Faylynn,1.0
Fayma,1.0
Faynell,1.0
Fayola,1.0
Fayra,1.0
Emy,1.0
Emunah,1.0
Emuna,1.0
Egina,1.0
Eeliyah,1.0
Eelyn,1.0
Eemaan,1.0
Eeman,1.0
Eera,1.0
Eesha,1.0
Eeshani,1.0
Eeva,1.0
Eevee,1.0
Eevi,1.0
Eevie,1.0
Efat,1.0
Effa,1.0
Effat,1.0
Effy,1.0
Efia,1.0
Efigenia,1.0
Efnan,1.0
Efrat,1.0
Efrata,1.0
Efrosini,1.0
Efstathia,1.0
Efthimia,1.0
Efthymia,1.0
Eftihia,1.0
Edythe,1.0
Edytha,1.0
Edyth,1.0
Eduvina,1.0
Edriana,1.0
Edrianna,1.0
Edrica,1.0
Edricka,1.0
Edrie,1.0
Edrielle,1.0
Edrina,1.0
Eduarda,1.0
Eduvigen,1.0
Eduviges,1.0
Eduvijes,1.0
Edwa,1.0
Edyta,1.0
Edwana,1.0
Edwarda,1.0
Edwardine,1.0
Edweina,1.0
Edwena,1.0
Edwina,1.0
Edwinna,1.0
Edwyna,1.0
Edyce,1.0
Edye,1.0
Edynn,1.0
Efua,1.0
Egla,1.0
Earsley,1.0
Ehani,1.0
Eileithyia,1.0
Eilen,1.0
Eilene,1.0
Eiley,1.0
Eiliana,1.0
Eilidh,1.0
Eilin,1.0
Eilis,1.0
Eilise,1.0
Eilish,1.0
Eiliyah,1.0
Eilla,1.0
Eilleen,1.0
Eillen,1.0
Eilley,1.0
Eillie,1.0
Eilonwy,1.0
Eily,1.0
Eilyn,1.0
Eilynn,1.0
Eilzabeth,1.0
Eimaan,1.0
Eiman,1.0
Eimear,1.0
Eimi,1.0
Eileigh,1.0
Eileene,1.0
Eileena,1.0
Eibhleann,1.0
Ehi,1.0
Ehika,1.0
Ehlana,1.0
Ehlani,1.0
Ehlanie,1.0
Ehlany,1.0
Ehlena,1.0
Ehleni,1.0
Ehliana,1.0
Ehva,1.0
Ehvie,1.0
Eibhlin,1.0
Eilee,1.0
Eidel,1.0
Eidy,1.0
Eiko,1.0
Eila,1.0
Eilaf,1.0
Eilah,1.0
Eilani,1.0
Eilanny,1.0
Eilany,1.0
Eile,1.0
Eilean,1.0
Edria,1.0
Edrena,1.0
Edra,1.0
Edora,1.0
Ebonique,1.0
Ebonne,1.0
Ebonnie,1.0
Ebonye,1.0
Ebru,1.0
Ebtisam,1.0
Ebunoluwa,1.0
Ebyan,1.0
Ecaterina,1.0
Ecclesia,1.0
Ece,1.0
Echelle,1.0
Echoe,1.0
Eclipsa,1.0
Eclipse,1.0
Ecrin,1.0
Ecstasy,1.0
Eda,1.0
Edalia,1.0
Edaline,1.0
Edalyn,1.0
Edalynn,1.0
Edana,1.0
Edda,1.0
Eddica,1.0
Ebonii,1.0
Ebonie,1.0
Eboney,1.0
Ebanie,1.0
Earthalee,1.0
Earthel,1.0
Earther,1.0
Eary,1.0
Easha,1.0
Easther,1.0
Eastlyn,1.0
Eastlynn,1.0
Eava,1.0
Eavie,1.0
Ebadat,1.0
Ebany,1.0
Ebonee,1.0
Ebbony,1.0
Ebe,1.0
Ebecca,1.0
Ebelia,1.0
Ebelin,1.0
Ebelina,1.0
Ebelyn,1.0
Ebere,1.0
Eberly,1.0
Ebna,1.0
Ebone,1.0
Eddith,1.0
Eddythe,1.0
Ede,1.0
Edmere,1.0
Edita,1.0
Editha,1.0
Edithe,1.0
Edithmae,1.0
Edla,1.0
Edlyn,1.0
Edlynn,1.0
Edma,1.0
Edmae,1.0
Edmay,1.0
Edmee,1.0
Edmona,1.0
Edisyn,1.0
Edmonia,1.0
Ednah,1.0
Ednamae,1.0
Ednamay,1.0
Ednar,1.0
Ednesha,1.0
Ednita,1.0
Edolia,1.0
Edom,1.0
Edona,1.0
Edony,1.0
Edit,1.0
Edisha,1.0
Edee,1.0
Edenrose,1.0
Edelia,1.0
Edelin,1.0
Edelina,1.0
Edeline,1.0
Edelle,1.0
Edelmira,1.0
Edelweiss,1.0
Edelyn,1.0
Edelynn,1.0
Edena,1.0
Edengrace,1.0
Edessa,1.0
Edisa,1.0
Edia,1.0
Ediani,1.0
Edianny,1.0
Ediany,1.0
Edica,1.0
Edice,1.0
Edid,1.0
Edieth,1.0
Edika,1.0
Edilia,1.0
Edina,1.0
Eimie,1.0
Eimile,1.0
Eimly,1.0
Elaysha,1.0
Eleane,1.0
Eleaner,1.0
Eleanna,1.0
Eleanny,1.0
Eleanora,1.0
Eleanorah,1.0
Eleanore,1.0
Eleanorrose,1.0
Eleany,1.0
Eleasa,1.0
Eleasah,1.0
Elease,1.0
Eleasha,1.0
Elecia,1.0
Elecktra,1.0
Electa,1.0
Electra,1.0
Eleda,1.0
Elee,1.0
Eleecia,1.0
Eleen,1.0
Eleena,1.0
Eleene,1.0
Eleesa,1.0
Eleese,1.0
Eleanar,1.0
Eleana,1.0
Eleah,1.0
Eldamae,1.0
Elaysia,1.0
Elayza,1.0
Elazia,1.0
Elberta,1.0
Elbertha,1.0
Elbia,1.0
Elbira,1.0
Elbonie,1.0
Elbony,1.0
Elcie,1.0
Elcy,1.0
Eldana,1.0
Elea,1.0
Eldeen,1.0
Eldena,1.0
Eldene,1.0
Elderine,1.0
Eldina,1.0
Eldine,1.0
Eldona,1.0
Eldonna,1.0
Eldora,1.0
Eldoris,1.0
Ele,1.0
Eleesha,1.0
Eleesia,1.0
Eleeza,1.0
Elesia,1.0
Elenore,1.0
Eleny,1.0
Eleonor,1.0
Eleonora,1.0
Eleonore,1.0
Eleora,1.0
Eleri,1.0
Elesa,1.0
Elese,1.0
Elesha,1.0
Eleshia,1.0
Elessa,1.0
Elenor,1.0
Elessia,1.0
Elestine,1.0
Eleta,1.0
Eletha,1.0
Elethia,1.0
Elettra,1.0
Eleuteria,1.0
Elevyn,1.0
Elexa,1.0
Elexas,1.0
Elexcia,1.0
Elenora,1.0
Elenoa,1.0
Elefteria,1.0
Elen,1.0
Eleftheria,1.0
Elegance,1.0
Elei,1.0
Eleia,1.0
Eleigh,1.0
Eleigha,1.0
Eleina,1.0
Eleisa,1.0
Eleise,1.0
Eleisha,1.0
Elektra,1.0
Elenah,1.0
Elenny,1.0
Elenamarie,1.0
Elenarose,1.0
Elender,1.0
Elene,1.0
Elener,1.0
Eleni,1.0
Elenia,1.0
Elenie,1.0
Elenis,1.0
Elenita,1.0
Elenna,1.0
Elayshia,1.0
Elaynna,1.0
Eimmy,1.0
Elayne,1.0
Eizley,1.0
Eja,1.0
Ejla,1.0
Eka,1.0
Ekaterina,1.0
Ekaterini,1.0
Ekaya,1.0
Ekco,1.0
Ekhlas,1.0
Ekram,1.0
Ekta,1.0
Ela,1.0
Elaahi,1.0
Elaani,1.0
Eladia,1.0
Eladie,1.0
Elaena,1.0
Elaf,1.0
Elah,1.0
Elaha,1.0
Elaheh,1.0
Elahi,1.0
Elahna,1.0
Elahni,1.0
Elaia,1.0
Eizabeth,1.0
Eizabella,1.0
Eiza,1.0
Eirinn,1.0
Eimy,1.0
Eina,1.0
Einav,1.0
Einin,1.0
Eira,1.0
Eire,1.0
Eireann,1.0
Eireen,1.0
Eirene,1.0
Eiress,1.0
Eirini,1.0
Eirlys,1.0
Eiyla,1.0
Eisele,1.0
Eisha,1.0
Eisla,1.0
Eislee,1.0
Eisleigh,1.0
Eislyn,1.0
Eitana,1.0
Eithel,1.0
Eithne,1.0
Eiva,1.0
Eiyanna,1.0
Elaiah,1.0
Elaida,1.0
Elain,1.0
Elara,1.0
Elannah,1.0
Elanni,1.0
Elannie,1.0
Elanny,1.0
Elanor,1.0
Elanora,1.0
Elanore,1.0
Elantra,1.0
Elanur,1.0
Elany,1.0
Elaph,1.0
Elaria,1.0
Elanii,1.0
Elasha,1.0
Elasia,1.0
Elauna,1.0
Elaura,1.0
Elaya,1.0
Elayah,1.0
Elayiah,1.0
Elayjah,1.0
Elayla,1.0
Elayna,1.0
Elaynah,1.0
Elanna,1.0
Elanie,1.0
Elaina,1.0
Elaiya,1.0
Elainah,1.0
Elainea,1.0
Elainey,1.0
Elaini,1.0
Elainie,1.0
Elainna,1.0
Elainy,1.0
Elaira,1.0
Elaisa,1.0
Elaise,1.0
Elaisha,1.0
Elaiyah,1.0
Elania,1.0
Elaiza,1.0
Elajah,1.0
Elana,1.0
Elanah,1.0
Elanda,1.0
Elander,1.0
Elandra,1.0
Elane,1.0
Elanese,1.0
Elaney,1.0
Elani,1.0
Earstine,1.0
Earsell,1.0
Emslie,1.0
Dotsie,1.0
Dorri,1.0
Dorrie,1.0
Dorrine,1.0
Dorrit,1.0
Dorry,1.0
Dorsa,1.0
Dorsha,1.0
Dorsi,1.0
Dorth,1.0
Dortha,1.0
Dorthay,1.0
Dorthe,1.0
Dorthea,1.0
Dorthella,1.0
Dorthey,1.0
Dorthia,1.0
Dorthie,1.0
Dorthula,1.0
Doryce,1.0
Dorylee,1.0
Dorys,1.0
Dosha,1.0
Doshia,1.0
Doshie,1.0
Dosia,1.0
Dorretta,1.0
Dorrene,1.0
Dorreen,1.0
Dorothe,1.0
Dorlis,1.0
Dorlisa,1.0
Dorma,1.0
Dormalee,1.0
Dormilee,1.0
Dorna,1.0
Dornisha,1.0
Dorohty,1.0
Dorota,1.0
Dorotea,1.0
Dorotha,1.0
Dorothee,1.0
Dorraine,1.0
Dorothene,1.0
Dorothey,1.0
Dorothia,1.0
Dorothie,1.0
Dorothyann,1.0
Dorothye,1.0
Dorothymae,1.0
Doroty,1.0
Dorpha,1.0
Dorra,1.0
Dorrace,1.0
Dotha,1.0
Dotsy,1.0
Earnstine,1.0
Dott,1.0
Dreami,1.0
Dreamie,1.0
Dreamlyn,1.0
Dreamlynn,1.0
Dreamy,1.0
Dreana,1.0
Dreanna,1.0
Dreauna,1.0
Dreda,1.0
Dree,1.0
Dreem,1.0
Dreema,1.0
Dreena,1.0
Dreka,1.0
Drema,1.0
Dreme,1.0
Drena,1.0
Drenda,1.0
Drene,1.0
Drenisha,1.0
Dreniyah,1.0
Drenna,1.0
Dreona,1.0
Dreonna,1.0
Dresha,1.0
Dreame,1.0
Dreama,1.0
Dreah,1.0
Dovey,1.0
Dotti,1.0
Dottie,1.0
Dotty,1.0
Dottye,1.0
Doty,1.0
Douaa,1.0
Douachee,1.0
Dounia,1.0
Dova,1.0
Dovelyn,1.0
Dovetta,1.0
Dovion,1.0
Drea,1.0
Down,1.0
Doxa,1.0
Doxie,1.0
Doyla,1.0
Doylene,1.0
Draizy,1.0
Drashti,1.0
Draxie,1.0
Draya,1.0
Drayah,1.0
Draylee,1.0
Dorline,1.0
Dorles,1.0
Dorlene,1.0
Dorleen,1.0
Doralene,1.0
Doraline,1.0
Doraliz,1.0
Doraly,1.0
Doralyn,1.0
Doralynn,1.0
Doramae,1.0
Doranda,1.0
Dorane,1.0
Dorann,1.0
Doranna,1.0
Doranne,1.0
Doras,1.0
Doratha,1.0
Dorathea,1.0
Dorathy,1.0
Doray,1.0
Dorca,1.0
Dorcas,1.0
Dorcia,1.0
Dorea,1.0
Doreatha,1.0
Doreathea,1.0
Doreather,1.0
Doree,1.0
Doralee,1.0
Doraine,1.0
Dorah,1.0
Donnitta,1.0
Donnette,1.0
Donnia,1.0
Donnica,1.0
Donnice,1.0
Donniece,1.0
Donnielle,1.0
Donniesha,1.0
Donnika,1.0
Donnise,1.0
Donnisha,1.0
Donnita,1.0
Dontajah,1.0
Doraelia,1.0
Dontasia,1.0
Dontaysha,1.0
Dontrice,1.0
Donyetta,1.0
Donza,1.0
Donzaleigh,1.0
Donzella,1.0
Donzetta,1.0
Dorabelle,1.0
Dorace,1.0
Dorae,1.0
Doreena,1.0
Doreene,1.0
Dorelia,1.0
Dorismar,1.0
Dorina,1.0
Dorinda,1.0
Dorine,1.0
Dorinna,1.0
Dorinne,1.0
Dorisa,1.0
Dorisann,1.0
Dorise,1.0
Dorisha,1.0
Dorislee,1.0
Dorismae,1.0
Dorissa,1.0
Dories,1.0
Doristeen,1.0
Doristene,1.0
Doristine,1.0
Dorit,1.0
Dorita,1.0
Doritha,1.0
Dorithy,1.0
Dorla,1.0
Dorlas,1.0
Dorlean,1.0
Dorlee,1.0
Dorilla,1.0
Dorienne,1.0
Dorella,1.0
Dorethy,1.0
Dorelle,1.0
Dorena,1.0
Dorenda,1.0
Dorene,1.0
Doresa,1.0
Dorese,1.0
Doresha,1.0
Doretha,1.0
Dorethea,1.0
Dorether,1.0
Dorethia,1.0
Doretta,1.0
Doriene,1.0
Dorette,1.0
Dori,1.0
Doria,1.0
Doriana,1.0
Doriane,1.0
Doriann,1.0
Dorianna,1.0
Dorianne,1.0
Dorica,1.0
Dorice,1.0
Dorielle,1.0
Dretha,1.0
Drewann,1.0
Drewcilla,1.0
Dyanne,1.0
Dynastie,1.0
Dynastii,1.0
Dyneisha,1.0
Dynelle,1.0
Dynesha,1.0
Dyneshia,1.0
Dynesti,1.0
Dynesty,1.0
Dynetta,1.0
Dynette,1.0
Dynisha,1.0
Dynisty,1.0
Dynita,1.0
Dyona,1.0
Dyoni,1.0
Dyonna,1.0
Dyonne,1.0
Dyor,1.0
Dysha,1.0
Dysheka,1.0
Dystanie,1.0
Dystany,1.0
Dystinee,1.0
Dystini,1.0
Dystiny,1.0
Dynasti,1.0
Dynastee,1.0
Dynasia,1.0
Dylanne,1.0
Dyasia,1.0
Dyeisha,1.0
Dyemond,1.0
Dyesha,1.0
Dyisha,1.0
Dykeria,1.0
Dylana,1.0
Dylane,1.0
Dylaney,1.0
Dylani,1.0
Dylanie,1.0
Dylara,1.0
Dynasha,1.0
Dylilah,1.0
Dylynn,1.0
Dyman,1.0
Dymin,1.0
Dymone,1.0
Dymonique,1.0
Dymphna,1.0
Dymple,1.0
Dyna,1.0
Dynah,1.0
Dynalee,1.0
Dyuthi,1.0
Dyuti,1.0
Dyvonne,1.0
Earlyn,1.0
Earleane,1.0
Earleen,1.0
Earleene,1.0
Earlen,1.0
Earlena,1.0
Earlesha,1.0
Earletta,1.0
Earlette,1.0
Earlina,1.0
Earlisa,1.0
Earlisha,1.0
Earlyne,1.0
Earldine,1.0
Earlynn,1.0
Earma,1.0
Earmer,1.0
Earmie,1.0
Earna,1.0
Earnease,1.0
Earnestean,1.0
Earnesteen,1.0
Earnestene,1.0
Earnice,1.0
Earnistine,1.0
Earlean,1.0
Earldene,1.0
Dywana,1.0
Ea,1.0
Dywanna,1.0
Dyxie,1.0
Dzaria,1.0
Dzejla,1.0
Dzeneta,1.0
Dzenita,1.0
Dziah,1.0
Dzire,1.0
Dziyah,1.0
Dzya,1.0
Dzyre,1.0
Eabha,1.0
Earldean,1.0
Eadie,1.0
Eadlyn,1.0
Eadyn,1.0
Ealyn,1.0
Eana,1.0
Eanna,1.0
Eara,1.0
Eardie,1.0
Earica,1.0
Earie,1.0
Earla,1.0
Dyanni,1.0
Dyanna,1.0
Dreya,1.0
Dyann,1.0
Drusilla,1.0
Druvika,1.0
Druzella,1.0
Drystal,1.0
Dsani,1.0
Dshae,1.0
Dshanti,1.0
Dshayla,1.0
Dua,1.0
Duaa,1.0
Duana,1.0
Duann,1.0
Duanna,1.0
Dublyn,1.0
Dubraska,1.0
Duchess,1.0
Duella,1.0
Duewa,1.0
Duha,1.0
Duice,1.0
Dujuana,1.0
Dula,1.0
Dulaney,1.0
Dulcemaria,1.0
Dulcey,1.0
Drusie,1.0
Drusella,1.0
Druscilla,1.0
Drishya,1.0
Dreyah,1.0
Dreyanna,1.0
Dria,1.0
Driana,1.0
Drianna,1.0
Drina,1.0
Drinda,1.0
Drisana,1.0
Driscilla,1.0
Drisha,1.0
Drishti,1.0
Dristi,1.0
Druecilla,1.0
Dristy,1.0
Drita,1.0
Drithi,1.0
Driti,1.0
Driya,1.0
Driyah,1.0
Druann,1.0
Druanne,1.0
Drucella,1.0
Drucie,1.0
Drucilla,1.0
Dulcia,1.0
Dulcie,1.0
Dulcinea,1.0
Dwanna,1.0
Duwanna,1.0
Duyen,1.0
Dvora,1.0
Dvorah,1.0
Dvosia,1.0
Dvyne,1.0
Dwaina,1.0
Dwala,1.0
Dwana,1.0
Dwanda,1.0
Dwania,1.0
Dwayna,1.0
Duveen,1.0
Dwendolyn,1.0
Dwija,1.0
Dwyla,1.0
Dwyn,1.0
Dyala,1.0
Dyamon,1.0
Dyana,1.0
Dyanara,1.0
Dyandra,1.0
Dyane,1.0
Dyanira,1.0
Duwana,1.0
Duuna,1.0
Dulcy,1.0
Durga,1.0
Dulse,1.0
Duna,1.0
Duniya,1.0
Dunya,1.0
Dura,1.0
Durah,1.0
Durdona,1.0
Dureen,1.0
Durenda,1.0
Durene,1.0
Duretta,1.0
Durinda,1.0
Duuana,1.0
Duriyah,1.0
Durlene,1.0
Durrani,1.0
Durriyah,1.0
Duru,1.0
Durva,1.0
Dusharme,1.0
Duska,1.0
Dustee,1.0
Dustina,1.0
Dutchess,1.0
Elexes,1.0
Elexi,1.0
Elexia,1.0
Emberlie,1.0
Emalynne,1.0
Emanda,1.0
Emane,1.0
Emanee,1.0
Emanie,1.0
Emanii,1.0
Emanni,1.0
Emanuela,1.0
Emanuella,1.0
Emanuelly,1.0
Emara,1.0
Emaree,1.0
Emaria,1.0
Emariah,1.0
Emariya,1.0
Emarosa,1.0
Emauni,1.0
Emaya,1.0
Emayah,1.0
Emaza,1.0
Emberlea,1.0
Emberlee,1.0
Emberlei,1.0
Emberleigh,1.0
Emberley,1.0
Emalynn,1.0
Emalyne,1.0
Emalyn,1.0
Emaleigh,1.0
Emagene,1.0
Emagin,1.0
Emagine,1.0
Emah,1.0
Emahni,1.0
Emajean,1.0
Emalani,1.0
Emalea,1.0
Emaleah,1.0
Emalee,1.0
Emalei,1.0
Emalena,1.0
Emaly,1.0
Emalene,1.0
Emaley,1.0
Emali,1.0
Emalia,1.0
Emaliah,1.0
Emalie,1.0
Emalin,1.0
Emalina,1.0
Emaline,1.0
Emalise,1.0
Emaliya,1.0
Emberli,1.0
Emberlin,1.0
Elexis,1.0
Emberly,1.0
Emelina,1.0
Emelinda,1.0
Emeline,1.0
Emelisse,1.0
Emelita,1.0
Emellia,1.0
Emellie,1.0
Emelly,1.0
Emelya,1.0
Emelye,1.0
Emelyn,1.0
Emelyne,1.0
Emelynn,1.0
Emem,1.0
Emera,1.0
Emeralda,1.0
Emeraude,1.0
Emercyn,1.0
Emeree,1.0
Emereigh,1.0
Emerey,1.0
Emeria,1.0
Emeriee,1.0
Emerii,1.0
Emerine,1.0
Emelin,1.0
Emelie,1.0
Emeliana,1.0
Embrii,1.0
Emberlyn,1.0
Emberlynn,1.0
Emberlynne,1.0
Emberrose,1.0
Embersyn,1.0
Embla,1.0
Embra,1.0
Embrace,1.0
Embrey,1.0
Embri,1.0
Embrie,1.0
Embrya,1.0
Emeliah,1.0
Embyr,1.0
Eme,1.0
Emee,1.0
Emeilia,1.0
Emela,1.0
Emelda,1.0
Emele,1.0
Emelee,1.0
Emelene,1.0
Emeli,1.0
Emelia,1.0
Ema,1.0
Elzora,1.0
Elzira,1.0
Elzina,1.0
Elspeth,1.0
Elssa,1.0
Elswyth,1.0
Elsy,1.0
Elsye,1.0
Elta,1.0
Eltha,1.0
Elthea,1.0
Eltis,1.0
Eltra,1.0
Elu,1.0
Elua,1.0
Elunay,1.0
Eluney,1.0
Eluteria,1.0
Elvada,1.0
Elvana,1.0
Elveda,1.0
Elvena,1.0
Elvenia,1.0
Elvera,1.0
Elverda,1.0
Elveria,1.0
Elverna,1.0
Elverta,1.0
Elsiemae,1.0
Elsiana,1.0
Elsia,1.0
Elrene,1.0
Elowin,1.0
Elowise,1.0
Elowyn,1.0
Elowynn,1.0
Eloyce,1.0
Eloyse,1.0
Elpha,1.0
Elphie,1.0
Elpida,1.0
Elpidia,1.0
Elrena,1.0
Elreta,1.0
Elsi,1.0
Elrita,1.0
Elrose,1.0
Elsabeth,1.0
Elsah,1.0
Elsbeth,1.0
Else,1.0
Elsea,1.0
Elsee,1.0
Elsey,1.0
Elsha,1.0
Elshaday,1.0
Elveta,1.0
Elvida,1.0
Elvina,1.0
Elyvia,1.0
Elyra,1.0
Elyria,1.0
Elys,1.0
Elysa,1.0
Elysabeth,1.0
Elysani,1.0
Elyshia,1.0
Elysiana,1.0
Elyssa,1.0
Elysse,1.0
Elyssia,1.0
Elyza,1.0
Elynor,1.0
Elyzabeth,1.0
Elyzah,1.0
Elyze,1.0
Elyzza,1.0
Elzabeth,1.0
Elzada,1.0
Elzadie,1.0
Elzbieta,1.0
Elzena,1.0
Elzenia,1.0
Elziabeth,1.0
Elynore,1.0
Elynnor,1.0
Elvine,1.0
Elyanna,1.0
Elvire,1.0
Elviria,1.0
Elvita,1.0
Elwanda,1.0
Elwillie,1.0
Elyahna,1.0
Elyana,1.0
Elyanah,1.0
Elyane,1.0
Elyani,1.0
Elyanis,1.0
Elyannah,1.0
Elynne,1.0
Elyanni,1.0
Elyce,1.0
Elycia,1.0
Elyda,1.0
Elydia,1.0
Elyf,1.0
Elyiana,1.0
Elyna,1.0
Elyne,1.0
Elynn,1.0
Elynna,1.0
Emerita,1.0
Emerlee,1.0
Emerleigh,1.0
Emmalinn,1.0
Emmavictoria,1.0
Emme,1.0
Emmee,1.0
Emmelee,1.0
Emmelene,1.0
Emmelia,1.0
Emmelie,1.0
Emmelin,1.0
Emmelina,1.0
Emmeline,1.0
Emmely,1.0
Emmelyn,1.0
Emmelyne,1.0
Emmelynn,1.0
Emmeri,1.0
Emmerie,1.0
Emmerly,1.0
Emmerlyn,1.0
Emmerlynn,1.0
Emmersen,1.0
Emmersyn,1.0
Emmeryn,1.0
Emmey,1.0
Emmi,1.0
Emmie,1.0
Emmasue,1.0
Emmasophia,1.0
Emmasofia,1.0
Emmamae,1.0
Emmalise,1.0
Emmaliz,1.0
Emmalou,1.0
Emmalouise,1.0
Emmaluna,1.0
Emmaly,1.0
Emmalyn,1.0
Emmalyne,1.0
Emmalynn,1.0
Emmalynne,1.0
Emmalyse,1.0
Emmamarie,1.0
Emmary,1.0
Emman,1.0
Emmani,1.0
Emmanuela,1.0
Emmanuella,1.0
Emmara,1.0
Emmarae,1.0
Emmaree,1.0
Emmari,1.0
Emmariah,1.0
Emmarie,1.0
Emmarose,1.0
Emmielou,1.0
Emmilee,1.0
Emmilene,1.0
Emperess,1.0
Emonii,1.0
Emonni,1.0
Emonnie,1.0
Emony,1.0
Emora,1.0
Emoree,1.0
Emorie,1.0
Emoriee,1.0
Emorii,1.0
Emoura,1.0
Emperatriz,1.0
Empress,1.0
Emonei,1.0
Empris,1.0
Empriss,1.0
Empryss,1.0
Emrakel,1.0
Emreigh,1.0
Emriella,1.0
Emrielle,1.0
Emrynn,1.0
Emryss,1.0
Emslee,1.0
Emsleigh,1.0
Emoney,1.0
Emonee,1.0
Emmilia,1.0
Emmorie,1.0
Emmilie,1.0
Emmiline,1.0
Emmilou,1.0
Emmily,1.0
Emmilyn,1.0
Emmilyne,1.0
Emmilynn,1.0
Emmo,1.0
Emmogene,1.0
Emmoni,1.0
Emmori,1.0
Emmrie,1.0
Emolene,1.0
Emmry,1.0
Emmy,1.0
Emmye,1.0
Emmylou,1.0
Emmyrose,1.0
Emna,1.0
Emnet,1.0
Emogean,1.0
Emogene,1.0
Emogine,1.0
Emojean,1.0
Emmalisa,1.0
Emmaline,1.0
Emerley,1.0
Emmalina,1.0
Emiliani,1.0
Emiliann,1.0
Emilianna,1.0
Emilianne,1.0
Emiliarose,1.0
Emiliee,1.0
Emilienne,1.0
Emilija,1.0
Emilin,1.0
Emilina,1.0
Emiline,1.0
Emiliya,1.0
Emiliyah,1.0
Emille,1.0
Emillee,1.0
Emillia,1.0
Emilliana,1.0
Emillianna,1.0
Emillie,1.0
Emilly,1.0
Emilse,1.0
Emilya,1.0
Emilyah,1.0
Emilyann,1.0
Emilyanne,1.0
Emiliana,1.0
Emiliah,1.0
Emili,1.0
Emi,1.0
Emerlie,1.0
Emerline,1.0
Emerly,1.0
Emerlyn,1.0
Emerlynn,1.0
Emersynn,1.0
Emeryn,1.0
Emerynn,1.0
Emeryrose,1.0
Emerysn,1.0
Emese,1.0
Emia,1.0
Emiley,1.0
Emiah,1.0
Emie,1.0
Emijah,1.0
Emika,1.0
Emila,1.0
Emilce,1.0
Emilda,1.0
Emilea,1.0
Emileah,1.0
Emileigh,1.0
Emilene,1.0
Emilye,1.0
Emilyelizabeth,1.0
Emilygrace,1.0
Emmalea,1.0
Emmadell,1.0
Emmagene,1.0
Emmagrace,1.0
Emmah,1.0
Emmajane,1.0
Emmajean,1.0
Emmajo,1.0
Emmajoy,1.0
Emmakate,1.0
Emmakay,1.0
Emmalani,1.0
Emmaleah,1.0
Emmabeth,1.0
Emmalee,1.0
Emmaleen,1.0
Emmalei,1.0
Emmaleigh,1.0
Emmalena,1.0
Emmalene,1.0
Emmaley,1.0
Emmali,1.0
Emmalia,1.0
Emmalie,1.0
Emmalin,1.0
Emmaclaire,1.0
Emmabelle,1.0
Emilyjane,1.0
Emira,1.0
Emilyjo,1.0
Emilymae,1.0
Emilymarie,1.0
Emilyn,1.0
Emilyna,1.0
Emilyne,1.0
Emilynn,1.0
Emilyrose,1.0
Emina,1.0
Emine,1.0
Emiola,1.0
Emirah,1.0
Emmabella,1.0
Emiree,1.0
Emireth,1.0
Emirra,1.0
Emiry,1.0
Emisha,1.0
Emiya,1.0
Emiyah,1.0
Emlee,1.0
Emley,1.0
Emly,1.0
Emlynn,1.0
Elowese,1.0
Elowen,1.0
Elovie,1.0
Elisheva,1.0
Elizabeath,1.0
Elizabeht,1.0
Elizabel,1.0
Elizabell,1.0
Elizabella,1.0
Elizabelle,1.0
Elizaberh,1.0
Elizabet,1.0
Elizabeta,1.0
Elizabete,1.0
Elizabetha,1.0
Elizabethann,1.0
Elizabethanne,1.0
Elizabethe,1.0
Elizabethgrace,1.0
Elizabethmarie,1.0
Elizabethrose,1.0
Elizabith,1.0
Elizabth,1.0
Elizadeth,1.0
Elizaeth,1.0
Elizaida,1.0
Elizajane,1.0
Elizama,1.0
Elizamae,1.0
Elizabe,1.0
Elizabath,1.0
Eliz,1.0
Elisya,1.0
Elishka,1.0
Elisia,1.0
Elisiana,1.0
Elisianna,1.0
Eliska,1.0
Elissa,1.0
Elissabeth,1.0
Elissar,1.0
Elisse,1.0
Elissha,1.0
Elissia,1.0
Elita,1.0
Eliyannah,1.0
Elitania,1.0
Elitha,1.0
Elithia,1.0
Elitza,1.0
Elivia,1.0
Elixabeth,1.0
Elixis,1.0
Eliyahna,1.0
Eliyana,1.0
Eliyanah,1.0
Eliyanna,1.0
Elizamarie,1.0
Elizandra,1.0
Elizarose,1.0
Ellamaria,1.0
Ellaina,1.0
Ellaine,1.0
Ellajade,1.0
Ellajane,1.0
Ellajean,1.0
Ellajo,1.0
Ellakate,1.0
Ellalee,1.0
Ellalouise,1.0
Ellalynn,1.0
Ellamae,1.0
Ellamarie,1.0
Ellah,1.0
Ellamay,1.0
Ellan,1.0
Ellana,1.0
Ellanah,1.0
Ellanese,1.0
Ellani,1.0
Ellanie,1.0
Ellanoir,1.0
Ellanor,1.0
Ellanora,1.0
Ellanore,1.0
Ellaia,1.0
Ellagrace,1.0
Elizaveta,1.0
Elizza,1.0
Elizbeath,1.0
Elizbeth,1.0
Elizeabeth,1.0
Elizebath,1.0
Elizebeth,1.0
Elizebth,1.0
Elizet,1.0
Elizeth,1.0
Elizette,1.0
Elizia,1.0
Elizibeth,1.0
Elizzabeth,1.0
Elladora,1.0
Elizzie,1.0
Eljean,1.0
Elka,1.0
Elke,1.0
Elky,1.0
Ellaann,1.0
Ellabelle,1.0
Ellaclaire,1.0
Elladean,1.0
Elladee,1.0
Elladie,1.0
Elishia,1.0
Elisheba,1.0
Ellar,1.0
Elishea,1.0
Eliane,1.0
Elianet,1.0
Elianeth,1.0
Eliani,1.0
Elianie,1.0
Elianis,1.0
Elianiz,1.0
Elianna,1.0
Eliannah,1.0
Elianne,1.0
Elianni,1.0
Eliannie,1.0
Elianny,1.0
Eliannys,1.0
Eliany,1.0
Elianys,1.0
Eliara,1.0
Eliazbeth,1.0
Elibeth,1.0
Elica,1.0
Elicia,1.0
Eliciana,1.0
Elida,1.0
Elide,1.0
Elided,1.0
Eliandra,1.0
Elianarose,1.0
Elianah,1.0
Elfie,1.0
Elexius,1.0
Elexsis,1.0
Elexus,1.0
Elexys,1.0
Eleya,1.0
Eleyah,1.0
Eleyana,1.0
Eleyna,1.0
Elezabeth,1.0
Elfa,1.0
Elfida,1.0
Elfreda,1.0
Elianagrace,1.0
Elfredia,1.0
Elfreida,1.0
Elfrida,1.0
Elfrieda,1.0
Elfriede,1.0
Elgina,1.0
Elhana,1.0
Eliabeth,1.0
Eliada,1.0
Eliahana,1.0
Eliahna,1.0
Elidet,1.0
Elideth,1.0
Elidi,1.0
Elisabet,1.0
Elinora,1.0
Elinore,1.0
Eliona,1.0
Elionna,1.0
Eliora,1.0
Eliorah,1.0
Eliose,1.0
Eliotte,1.0
Elira,1.0
Elisabel,1.0
Elisabella,1.0
Elisabeta,1.0
Elinna,1.0
Elisabethe,1.0
Elisabetta,1.0
Elisama,1.0
Elisandra,1.0
Elisaria,1.0
Elisavet,1.0
Elisbeth,1.0
Eliscia,1.0
Elisea,1.0
Elisebeth,1.0
Eliset,1.0
Elinor,1.0
Elinn,1.0
Elidia,1.0
Elihana,1.0
Elieana,1.0
Elieen,1.0
Elien,1.0
Eliena,1.0
Eliene,1.0
Eliese,1.0
Eliesha,1.0
Elieth,1.0
Eliett,1.0
Eliette,1.0
Elif,1.0
Eliiana,1.0
Eliner,1.0
Elijana,1.0
Elika,1.0
Elilah,1.0
Elilta,1.0
Elimar,1.0
Elina,1.0
Elinah,1.0
Elinam,1.0
Elinar,1.0
Elinda,1.0
Eline,1.0
Ellany,1.0
Ellara,1.0
Elouisa,1.0
Ellisandra,1.0
Ellowen,1.0
Ellowyn,1.0
Ellowynn,1.0
Ellsa,1.0
Ellsie,1.0
Ellya,1.0
Ellyana,1.0
Ellyanah,1.0
Ellyanna,1.0
Ellyannah,1.0
Ellyce,1.0
Ellycia,1.0
Ellye,1.0
Ellyette,1.0
Ellymae,1.0
Ellymay,1.0
Ellyn,1.0
Ellyne,1.0
Ellynn,1.0
Ellynor,1.0
Ellyona,1.0
Ellyonna,1.0
Ellys,1.0
Ellysa,1.0
Ellyse,1.0
Elloween,1.0
Ellouise,1.0
Ellory,1.0
Elliyanna,1.0
Ellisen,1.0
Ellisha,1.0
Ellisia,1.0
Ellissa,1.0
Ellissia,1.0
Ellisyn,1.0
Ellivia,1.0
Elliya,1.0
Elliyah,1.0
Elliyana,1.0
Elliyanah,1.0
Elliza,1.0
Ellorie,1.0
Ellizabeth,1.0
Ellnora,1.0
Elloa,1.0
Ellodie,1.0
Ellody,1.0
Elloise,1.0
Ellon,1.0
Ellora,1.0
Ellorah,1.0
Elloree,1.0
Ellori,1.0
Ellysen,1.0
Ellysia,1.0
Ellyson,1.0
Eloni,1.0
Elodie,1.0
Elody,1.0
Eloida,1.0
Eloina,1.0
Eloine,1.0
Eloisa,1.0
Eloiza,1.0
Eloize,1.0
Elona,1.0
Elonda,1.0
Elondra,1.0
Elonie,1.0
Elodi,1.0
Elonna,1.0
Elonni,1.0
Elonnie,1.0
Elora,1.0
Elorah,1.0
Elori,1.0
Eloria,1.0
Elorie,1.0
Eloris,1.0
Elosia,1.0
Elosie,1.0
Elodia,1.0
Elodee,1.0
Ellyssa,1.0
Elna,1.0
Ellyza,1.0
Elmae,1.0
Elmarie,1.0
Elmeda,1.0
Elmedina,1.0
Elmerine,1.0
Elmeta,1.0
Elmina,1.0
Elmira,1.0
Elmire,1.0
Elmyra,1.0
Elnara,1.0
Eloda,1.0
Elnaz,1.0
Elneda,1.0
Elneta,1.0
Elnita,1.0
Elnor,1.0
Elnorah,1.0
Elnore,1.0
Elnoria,1.0
Eloa,1.0
Eloah,1.0
Elocin,1.0
Ellise,1.0
Ellisa,1.0
Ellarae,1.0
Elliora,1.0
Elleanor,1.0
Elleanora,1.0
Elleanore,1.0
Ellease,1.0
Ellece,1.0
Ellee,1.0
Elleen,1.0
Elleia,1.0
Elleigh,1.0
Elleighana,1.0
Ellena,1.0
Ellenah,1.0
Ellender,1.0
Ellene,1.0
Elleni,1.0
Ellenie,1.0
Ellenmarie,1.0
Ellenor,1.0
Ellenora,1.0
Ellenore,1.0
Elleny,1.0
Elleona,1.0
Elleonna,1.0
Elleora,1.0
Eller,1.0
Elleanna,1.0
Elleana,1.0
Ellean,1.0
Ellasyn,1.0
Ellaree,1.0
Ellarene,1.0
Ellaria,1.0
Ellarie,1.0
Ellarine,1.0
Ellarose,1.0
Ellary,1.0
Ellasandra,1.0
Ellasia,1.0
Ellason,1.0
Ellasophia,1.0
Ellavie,1.0
Elleah,1.0
Ellawease,1.0
Ellawee,1.0
Ellawese,1.0
Ellawyn,1.0
Ellawynn,1.0
Ellay,1.0
Ellaya,1.0
Ellayah,1.0
Ellayna,1.0
Elle,1.0
Ellea,1.0
Elleri,1.0
Ellerie,1.0
Ellese,1.0
Elliet,1.0
Elliee,1.0
Elliegrace,1.0
Elliejo,1.0
Elliekate,1.0
Elliemae,1.0
Elliemarie,1.0
Elliemay,1.0
Elliena,1.0
Ellienna,1.0
Ellieonna,1.0
Ellierose,1.0
Elliett,1.0
Ellieanna,1.0
Elliette,1.0
Ellika,1.0
Ellimae,1.0
Ellin,1.0
Ellina,1.0
Elline,1.0
Ellinor,1.0
Ellinora,1.0
Ellinore,1.0
Elliona,1.0
Ellionna,1.0
Ellieanne,1.0
Ellieann,1.0
Ellesha,1.0
Elliahna,1.0
Elleson,1.0
Ellesse,1.0
Ellesyn,1.0
Ellette,1.0
Ellexa,1.0
Ellexis,1.0
Ellexus,1.0
Elley,1.0
Elleyna,1.0
Ellia,1.0
Elliah,1.0
Elliana,1.0
Ellieana,1.0
Ellianah,1.0
Elliani,1.0
Elliann,1.0
Ellianna,1.0
Elliannah,1.0
Ellianne,1.0
Elliany,1.0
Elliauna,1.0
Ellice,1.0
Ellicia,1.0
Ellidy,1.0
Garnette,1.0
Zyyanna,1.0
Guylene,1.0
Guisselle,1.0
Guinda,1.0
Guinette,1.0
Guinevere,1.0
Guinivere,1.0
Guinnevere,1.0
Guisel,1.0
Guisela,1.0
Guisell,1.0
Guiselle,1.0
Gul,1.0
Gurbani,1.0
Hina,1.0
Gula,1.0
Guliana,1.0
Gulianna,1.0
Gunda,1.0
Guneet,1.0
Gunhild,1.0
Himaya,1.0
Gunvor,1.0
Guilliana,1.0
Guillermina,1.0
Guillerma,1.0
Guilianna,1.0
Grovene,1.0
Hinal,1.0
Guadelupe,1.0
Guadulupe,1.0
Gudelia,1.0
Hinako,1.0
Gudrun,1.0
Guelda,1.0
Guendalina,1.0
Guendi,1.0
Guendolyn,1.0
Guenevere,1.0
Guerina,1.0
Guerline,1.0
Guida,1.0
Guila,1.0
Guilda,1.0
Guiliana,1.0
Hinaea,1.0
Gurasees,1.0
Gurleen,1.0
Gilberta,1.0
Gwanda,1.0
Guyla,1.0
Hermenia,1.0
Guynell,1.0
Himari,1.0
Guynelle,1.0
Guyneth,1.0
Gwan,1.0
Himani,1.0
Gwana,1.0
Gwelda,1.0
Gurlie,1.0
Gwena,1.0
Gwenaelle,1.0
Gwenavere,1.0
Gwenda,1.0
Hima,1.0
Gwendalin,1.0
Gwendalina,1.0
Gwendalyn,1.0
Gwendalynn,1.0
Guydra,1.0
Guyanne,1.0
Guyann,1.0
Gustine,1.0
Gurnaaz,1.0
Gurnadar,1.0
Himawari,1.0
Gurnaz,1.0
Gurneet,1.0
Gurseerat,1.0
Gursifat,1.0
Gursimar,1.0
Gursirat,1.0
Gurtha,1.0
Gurtie,1.0
Gurtrude,1.0
Gurtrue,1.0
Gurveen,1.0
Gusta,1.0
Gustava,1.0
Gustavia,1.0
Gustena,1.0
Gustina,1.0
Hinami,1.0
Grizelda,1.0
Grizel,1.0
Hindy,1.0
Greeicy,1.0
Hinsley,1.0
Hinley,1.0
Greenlea,1.0
Greenlee,1.0
Greenleigh,1.0
Greenley,1.0
Greenly,1.0
Hinlee,1.0
Hindel,1.0
Grissel,1.0
Greeta,1.0
Hinda,1.0
Gregorita,1.0
Greicy,1.0
Greidi,1.0
Greidis,1.0
Greidy,1.0
Greidys,1.0
Greisy,1.0
Gredmarie,1.0
Greda,1.0
Grecia,1.0
Grechen,1.0
Hipolita,1.0
Gravity,1.0
Grayce,1.0
Graycee,1.0
Graycelyn,1.0
Graycelynn,1.0
Grayci,1.0
Graycie,1.0
Graylee,1.0
Grayleigh,1.0
Grayli,1.0
Graylie,1.0
Graylynn,1.0
Graysie,1.0
Grazia,1.0
Graziana,1.0
Hinza,1.0
Graziella,1.0
Greathel,1.0
Grenda,1.0
Grenisha,1.0
Gresa,1.0
Greydis,1.0
Greydys,1.0
Greyleigh,1.0
Greylynn,1.0
Greys,1.0
Greyshell,1.0
Greysi,1.0
Gricel,1.0
Gricelda,1.0
Gricell,1.0
Hinano,1.0
Grinda,1.0
Grindl,1.0
Grindle,1.0
Griscelda,1.0
Grisela,1.0
Grisell,1.0
Griselle,1.0
Grisha,1.0
Grishma,1.0
Greydy,1.0
Greydi,1.0
Gresia,1.0
Greycie,1.0
Gretal,1.0
Hind,1.0
Gretchan,1.0
Gretchin,1.0
Gretchyn,1.0
Grete,1.0
Gretel,1.0
Gretell,1.0
Gretha,1.0
Grethe,1.0
Grethel,1.0
Hinatea,1.0
Gretl,1.0
Gretna,1.0
Gretta,1.0
Grettel,1.0
Grettell,1.0
Greya,1.0
Greyce,1.0
Gwendel,1.0
Gwendelyn,1.0
Gwendelynn,1.0
Hiliana,1.0
Haddasah,1.0
Haddassah,1.0
Haddi,1.0
Haddie,1.0
Haddison,1.0
Haddley,1.0
Hade,1.0
Hadeel,1.0
Hadeer,1.0
Hadel,1.0
Haarika,1.0
Hadelyn,1.0
Hadessa,1.0
Hadessah,1.0
Hadia,1.0
Hilia,1.0
Hadiah,1.0
Hadiatou,1.0
Hadicha,1.0
Hadie,1.0
Hadassha,1.0
Hadassah,1.0
Hadassa,1.0
Hadasha,1.0
Habeba,1.0
Hilinai,1.0
Habeeba,1.0
Habiba,1.0
Habibah,1.0
Habibatou,1.0
Habon,1.0
Habsa,1.0
Haby,1.0
Hada,1.0
Hadalyn,1.0
Hadalynn,1.0
Hadar,1.0
Hiliary,1.0
Hadara,1.0
Hadarah,1.0
Hadas,1.0
Hadasa,1.0
Hadasah,1.0
Hadija,1.0
Hadil,1.0
Hadilyn,1.0
Haeleigh,1.0
Haeli,1.0
Haelie,1.0
Haelo,1.0
Haely,1.0
Haelyn,1.0
Haelynn,1.0
Haether,1.0
Haeun,1.0
Haevynn,1.0
Haezel,1.0
Hafeeza,1.0
Hafeezah,1.0
Hafiza,1.0
Hafsa,1.0
Hafsah,1.0
Hafso,1.0
Hagar,1.0
Hahna,1.0
Haide,1.0
Haeley,1.0
Haelee,1.0
Hadilynn,1.0
Haein,1.0
Hadis,1.0
Hadisa,1.0
Hadiya,1.0
Hadiyah,1.0
Hadiyyah,1.0
Hadiza,1.0
Hadja,1.0
Hadlea,1.0
Hadlei,1.0
Hadleigh,1.0
Hadleyann,1.0
Hili,1.0
Hadli,1.0
Hadlie,1.0
Hadly,1.0
Hadlyn,1.0
Hadlynn,1.0
Hadya,1.0
Hae,1.0
Haasini,1.0
Haaniya,1.0
Gwender,1.0
Gwennan,1.0
Gweneva,1.0
Gwenevere,1.0
Gweneviere,1.0
Gwenevieve,1.0
Gwenith,1.0
Gwenivere,1.0
Gwenlyn,1.0
Gwenn,1.0
Gwenna,1.0
Gwenne,1.0
Haania,1.0
Gwenneth,1.0
Hillarie,1.0
Hillari,1.0
Gwennetta,1.0
Gwennette,1.0
Gwennyth,1.0
Gwenyth,1.0
Gwenyvere,1.0
Gwili,1.0
Gwenette,1.0
Gwenetta,1.0
Gweneth,1.0
Gwenell,1.0
Gwendia,1.0
Gwendloyn,1.0
Hilma,1.0
Gwendlyn,1.0
Gwendlyon,1.0
Gwendol,1.0
Gwendola,1.0
Gwendolen,1.0
Gwendolene,1.0
Gwendolin,1.0
Gwendoline,1.0
Gwendoly,1.0
Gwendolyne,1.0
Gwendolynn,1.0
Gwendolynne,1.0
Gwendoyln,1.0
Gwendy,1.0
Gwendylan,1.0
Gwendylon,1.0
Gwinda,1.0
Gwindolyn,1.0
Gwinevere,1.0
Gyda,1.0
Gyllian,1.0
Gyna,1.0
Gynesis,1.0
Gyneth,1.0
Gynith,1.0
Gypsie,1.0
Gypsy,1.0
Gyra,1.0
Gysel,1.0
Gyselle,1.0
Gyzelle,1.0
Haadia,1.0
Haadiya,1.0
Haadiyah,1.0
Hilja,1.0
Haajar,1.0
Haala,1.0
Haana,1.0
Haani,1.0
Gyla,1.0
Gyanni,1.0
Hillarey,1.0
Gyanna,1.0
Gwladys,1.0
Gwynavere,1.0
Gwynda,1.0
Gwyndolin,1.0
Gwyndolyn,1.0
Gwyne,1.0
Gwyned,1.0
Gwyneth,1.0
Gwynetta,1.0
Gwynette,1.0
Gwynevere,1.0
Hillaree,1.0
Gwynith,1.0
Gwynivere,1.0
Hilla,1.0
Gwynneth,1.0
Gwynnevere,1.0
Gwytha,1.0
Gyana,1.0
Graviela,1.0
Gratia,1.0
Grasiela,1.0
Giyana,1.0
Hiwot,1.0
Giuseppina,1.0
Hitzel,1.0
Hitomi,1.0
Giustina,1.0
Givanna,1.0
Givonna,1.0
Giya,1.0
Giyah,1.0
Giyani,1.0
Gissela,1.0
Giyanna,1.0
Hitney,1.0
Giyanni,1.0
Gizel,1.0
Gizela,1.0
Gizele,1.0
Gizell,1.0
Hitha,1.0
Gizella,1.0
Giuseppa,1.0
Giulliana,1.0
Hixie,1.0
Giuliette,1.0
Gissell,1.0
Gissella,1.0
Gisselle,1.0
Gissette,1.0
Gita,1.0
Gitana,1.0
Gitanjali,1.0
Gitel,1.0
Gitta,1.0
Gittel,1.0
Hiya,1.0
Gittle,1.0
Gitty,1.0
Gitzel,1.0
Giuditta,1.0
Giulia,1.0
Giuliana,1.0
Giulianna,1.0
Giulietta,1.0
Gizelle,1.0
Gizem,1.0
Gizzel,1.0
Gleda,1.0
Gleice,1.0
Glema,1.0
Glena,1.0
Glenadine,1.0
Glenalee,1.0
Hisayo,1.0
Glendalee,1.0
Glendalis,1.0
Glendaliz,1.0
Hisaye,1.0
Glendaly,1.0
Glendalys,1.0
Glendean,1.0
Glendene,1.0
Glender,1.0
Glendi,1.0
Glendia,1.0
Glendine,1.0
Glendola,1.0
Gleeta,1.0
Glayds,1.0
Gizzelle,1.0
Glatha,1.0
Glada,1.0
Gladene,1.0
Historia,1.0
Hisela,1.0
Glades,1.0
Gladie,1.0
Gladies,1.0
Gladine,1.0
Gladiola,1.0
Gladiz,1.0
Gladolia,1.0
Gladus,1.0
Gladyce,1.0
Gladyes,1.0
Gladyne,1.0
Gladyse,1.0
Gladystine,1.0
Glafira,1.0
Glanda,1.0
Gissele,1.0
Gissel,1.0
Glendora,1.0
Ginevieve,1.0
Ginelie,1.0
Ginell,1.0
Ginelle,1.0
Hjordis,1.0
Giner,1.0
Ginessa,1.0
Ginetta,1.0
Ginette,1.0
Gineva,1.0
Ginevra,1.0
Gislaine,1.0
Ging,1.0
Gini,1.0
Ginia,1.0
Ginine,1.0
Ginna,1.0
Ginneh,1.0
Ginnette,1.0
Ginney,1.0
Ginni,1.0
Hla,1.0
Hlee,1.0
Gineen,1.0
Ginebra,1.0
Gilda,1.0
Gili,1.0
Gilia,1.0
Gilian,1.0
Giliana,1.0
Gillan,1.0
Gillermina,1.0
Gilliana,1.0
Gillianna,1.0
Gillianne,1.0
Gilly,1.0
Gillyan,1.0
Gilma,1.0
Gimena,1.0
Ginae,1.0
Ginamarie,1.0
Ginaya,1.0
Hli,1.0
Gindy,1.0
Ginnie,1.0
Ginnifer,1.0
Ginny,1.0
Girlene,1.0
Girolama,1.0
Girtha,1.0
Girther,1.0
Girthie,1.0
Hiyabel,1.0
Girtie,1.0
Girtrude,1.0
Girtrue,1.0
Girty,1.0
Gisel,1.0
Gisela,1.0
Giselda,1.0
Gisele,1.0
Giselise,1.0
Gisell,1.0
Gisella,1.0
Giselly,1.0
Gisely,1.0
Gisette,1.0
Girlie,1.0
Girlee,1.0
Gioanna,1.0
Girlean,1.0
Gioconda,1.0
Gioia,1.0
Giona,1.0
Gionna,1.0
Giordana,1.0
Giorgia,1.0
Giorgiana,1.0
Giorgina,1.0
Giovana,1.0
Giovanna,1.0
Giovannah,1.0
Giovannina,1.0
Giovina,1.0
Giovonna,1.0
Gipsy,1.0
Girasol,1.0
Hiyam,1.0
Girdie,1.0
Girl,1.0
Glendolyn,1.0
Glendoria,1.0
Grasha,1.0
Graceanna,1.0
Gorizia,1.0
Gouri,1.0
Govanna,1.0
Gowri,1.0
Grabiela,1.0
Hirie,1.0
Grabriela,1.0
Gracean,1.0
Graceann,1.0
Graceanne,1.0
Golde,1.0
Gracee,1.0
Graceelizabeth,1.0
Graceigh,1.0
Gracelan,1.0
Graceland,1.0
Hiraya,1.0
Gracelee,1.0
Graceleigh,1.0
Gracelen,1.0
Gorgeous,1.0
Goretty,1.0
Goretti,1.0
Gorete,1.0
Goldena,1.0
Goldene,1.0
Goldi,1.0
Goldia,1.0
Goldina,1.0
Goldine,1.0
Goldy,1.0
Goldye,1.0
Golena,1.0
Hiroko,1.0
Golie,1.0
Golnaz,1.0
Gonzala,1.0
Gonzella,1.0
Gopi,1.0
Gopika,1.0
Gordana,1.0
Hirma,1.0
Gordean,1.0
Gracelin,1.0
Gracelinn,1.0
Gracella,1.0
Gracilyn,1.0
Gracilynn,1.0
Gracious,1.0
Graclyn,1.0
Graclynn,1.0
Gracy,1.0
Hira,1.0
Gracye,1.0
Gracynn,1.0
Gradys,1.0
Graecie,1.0
Graelyn,1.0
Graelynn,1.0
Grai,1.0
Graice,1.0
Graicyn,1.0
Graidys,1.0
Grainne,1.0
Granada,1.0
Graple,1.0
Hirah,1.0
Graciemae,1.0
Gracely,1.0
Gracielynn,1.0
Hiral,1.0
Gracelyn,1.0
Gracelynd,1.0
Gracelynn,1.0
Gracelynne,1.0
Gracemarie,1.0
Gracemary,1.0
Gracesyn,1.0
Gracey,1.0
Graceyn,1.0
Graci,1.0
Gracia,1.0
Graciana,1.0
Gracianna,1.0
Gracianne,1.0
Gracieann,1.0
Graciee,1.0
Graciella,1.0
Gracielle,1.0
Goldean,1.0
Golda,1.0
Glendoris,1.0
Glenys,1.0
Glennisha,1.0
Glennora,1.0
Glennys,1.0
Glenola,1.0
Glenora,1.0
Glenrose,1.0
Glenva,1.0
Gleny,1.0
Glenyce,1.0
Gleora,1.0
Gohar,1.0
Glessie,1.0
Glida,1.0
Glika,1.0
Glinda,1.0
Glinnie,1.0
Glo,1.0
Glodine,1.0
Glora,1.0
Glorene,1.0
Glennice,1.0
Glennia,1.0
Glennette,1.0
Glennetta,1.0
Glendy,1.0
Glenell,1.0
Glenese,1.0
Hisako,1.0
Glenesha,1.0
Glenetta,1.0
Glenette,1.0
Gleneva,1.0
Glenice,1.0
Hisae,1.0
Hisa,1.0
Glenise,1.0
Glenisha,1.0
Glenita,1.0
Hirva,1.0
Glennda,1.0
Glenndora,1.0
Glenne,1.0
Glennell,1.0
Gloretha,1.0
Gloretta,1.0
Glori,1.0
Glorius,1.0
Gloryann,1.0
Gloryvee,1.0
Glossie,1.0
Glyda,1.0
Glyna,1.0
Glynda,1.0
Glyndia,1.0
Glyndora,1.0
Glynes,1.0
Glynice,1.0
Glyniss,1.0
Glynna,1.0
Glynne,1.0
Glynnis,1.0
Gnesis,1.0
Gniya,1.0
Goddess,1.0
Godiva,1.0
Gogi,1.0
Glorya,1.0
Gloristine,1.0
Gloriajean,1.0
Gloristeen,1.0
Glorian,1.0
Gloriana,1.0
Gloriane,1.0
Gloriann,1.0
Glorianna,1.0
Glorianne,1.0
Gloribel,1.0
Glorice,1.0
Gloricely,1.0
Glorida,1.0
Glorie,1.0
Glories,1.0
Glorietta,1.0
Gloriette,1.0
Glorimar,1.0
Glorine,1.0
Glorious,1.0
Hiromy,1.0
Gloris,1.0
Haidee,1.0
Haidi,1.0
Hiley,1.0
Hazely,1.0
Hazelgrace,1.0
Hazelie,1.0
Hazeline,1.0
Hazelle,1.0
Hazellynn,1.0
Hazelmae,1.0
Hazelmarie,1.0
Hazelrose,1.0
Hazeltine,1.0
Hazelyn,1.0
Haylyn,1.0
Hazelynn,1.0
Hazie,1.0
Hazlee,1.0
Hazlei,1.0
Hazleigh,1.0
Heven,1.0
Hevan,1.0
Heva,1.0
Hazley,1.0
Hazeley,1.0
Hazelene,1.0
Hazeleigh,1.0
Hevin,1.0
Hayoon,1.0
Hayoung,1.0
Haysel,1.0
Hevyn,1.0
Hayslee,1.0
Haysley,1.0
Hayvin,1.0
Hayvn,1.0
Hayzel,1.0
Hayzlee,1.0
Hayzleigh,1.0
Hayzley,1.0
Hayzlie,1.0
Hazal,1.0
Hazelann,1.0
Hazelanne,1.0
Hazele,1.0
Hazelee,1.0
Hazeleen,1.0
Hetvi,1.0
Hazlie,1.0
Hazlyn,1.0
Heatherlee,1.0
Heatherlyn,1.0
Heatherlynn,1.0
Heathermarie,1.0
Heathr,1.0
Heathre,1.0
Heathyr,1.0
Heavan,1.0
Heavenlee,1.0
Heavenlei,1.0
Heavenleigh,1.0
Heavenley,1.0
Heavenli,1.0
Heavenly,1.0
Heavenlyjoy,1.0
Heavenlyn,1.0
Hetal,1.0
Heavenn,1.0
Heavenor,1.0
Heavin,1.0
Heatherly,1.0
Heatherann,1.0
Hazlynn,1.0
Hether,1.0
Hazy,1.0
Hazyl,1.0
Hazzel,1.0
Heahter,1.0
Healani,1.0
Healey,1.0
Hettye,1.0
Healy,1.0
Heang,1.0
Hetty,1.0
Heart,1.0
Hearther,1.0
Heartlee,1.0
Heartley,1.0
Heartly,1.0
Heartlyn,1.0
Heartlynn,1.0
Heater,1.0
Hettie,1.0
Haylynn,1.0
Hayly,1.0
Hestia,1.0
Havanna,1.0
Haunani,1.0
Hauwa,1.0
Hava,1.0
Havah,1.0
Havala,1.0
Havan,1.0
Heyli,1.0
Havana,1.0
Havanah,1.0
Havannah,1.0
Haylo,1.0
Havengrace,1.0
Havilah,1.0
Haviland,1.0
Havilland,1.0
Havilyn,1.0
Havin,1.0
Havisha,1.0
Havva,1.0
Havya,1.0
Haumea,1.0
Haukea,1.0
Hatziry,1.0
Hattye,1.0
Hasya,1.0
Hateya,1.0
Hathaway,1.0
Hather,1.0
Hatice,1.0
Heylie,1.0
Hatina,1.0
Hatleigh,1.0
Hatley,1.0
Hatsue,1.0
Hatsuko,1.0
Hatsumi,1.0
Hatsuye,1.0
Hatsuyo,1.0
Hatten,1.0
Hatteras,1.0
Hatti,1.0
Hattiemae,1.0
Hatty,1.0
Havynn,1.0
Hawa,1.0
Hawah,1.0
Hayde,1.0
Haydi,1.0
Hayeslee,1.0
Hayla,1.0
Haylah,1.0
Haylan,1.0
Hayle,1.0
Haylea,1.0
Heyab,1.0
Hayleah,1.0
Hayleen,1.0
Haylei,1.0
Hayleigh,1.0
Hewan,1.0
Hayli,1.0
Haylie,1.0
Hayliee,1.0
Hayliegh,1.0
Haylin,1.0
Hayllie,1.0
Haydee,1.0
Heyam,1.0
Hawaii,1.0
Hayat,1.0
Heyley,1.0
Hawanatu,1.0
Heylen,1.0
Hawanya,1.0
Hawi,1.0
Hawo,1.0
Hawra,1.0
Hawraa,1.0
Hawwa,1.0
Hawwaa,1.0
Haya,1.0
Hayaa,1.0
Heylee,1.0
Hayaat,1.0
Heydy,1.0
Hayah,1.0
Heydi,1.0
Hayam,1.0
Hayami,1.0
Heavon,1.0
Heavyn,1.0
Hasti,1.0
Hermonie,1.0
Henesy,1.0
Henleigh,1.0
Henli,1.0
Henlie,1.0
Henna,1.0
Hennah,1.0
Hennesey,1.0
Hennesie,1.0
Hermosa,1.0
Hennessey,1.0
Helmie,1.0
Hennessi,1.0
Hennesy,1.0
Hennie,1.0
Hennley,1.0
Hermoni,1.0
Hermoine,1.0
Henreitta,1.0
Henrene,1.0
Henretta,1.0
Henessy,1.0
Henessey,1.0
Henesis,1.0
Henerietta,1.0
Heloise,1.0
Helsea,1.0
Helvi,1.0
Helvie,1.0
Helyn,1.0
Helyne,1.0
Hema,1.0
Hemali,1.0
Hemani,1.0
Hemen,1.0
Hemma,1.0
Hena,1.0
Henchy,1.0
Hend,1.0
Hendel,1.0
Hendley,1.0
Herta,1.0
Hendy,1.0
Heneretta,1.0
Henretter,1.0
Henrettia,1.0
Henriella,1.0
Herica,1.0
Herika,1.0
Herlaine,1.0
Herlane,1.0
Herlene,1.0
Herlinda,1.0
Herline,1.0
Hermina,1.0
Herma,1.0
Hermilinda,1.0
Hermajesty,1.0
Hermalinda,1.0
Hermance,1.0
Hermanda,1.0
Hermania,1.0
Hermela,1.0
Hermila,1.0
Hermia,1.0
Hermelinda,1.0
Hermena,1.0
Hermine,1.0
Heriberta,1.0
Henriette,1.0
Hercilia,1.0
Henrika,1.0
Henrine,1.0
Henritta,1.0
Henryetta,1.0
Henryka,1.0
Henslee,1.0
Hensleigh,1.0
Henslie,1.0
Hermione,1.0
Henya,1.0
Henza,1.0
Herminia,1.0
Henzlee,1.0
Henzley,1.0
Hephzibah,1.0
Hera,1.0
Heran,1.0
Herani,1.0
Herberta,1.0
Heloisa,1.0
Helmi,1.0
Heavynn,1.0
Heidimarie,1.0
Heera,1.0
Heeya,1.0
Hefziba,1.0
Heida,1.0
Heide,1.0
Heidee,1.0
Heidemarie,1.0
Heidiann,1.0
Heidie,1.0
Heidy,1.0
Helma,1.0
Heike,1.0
Heilani,1.0
Heiley,1.0
Heili,1.0
Heilly,1.0
Heily,1.0
Heilyn,1.0
Heimy,1.0
Heiress,1.0
Heer,1.0
Heena,1.0
Heela,1.0
Heeba,1.0
Heba,1.0
Hebah,1.0
Hebe,1.0
Hecate,1.0
Hedaya,1.0
Hedda,1.0
Heddie,1.0
Heddy,1.0
Hedi,1.0
Hedie,1.0
Hedieh,1.0
Hedit,1.0
Hedvig,1.0
Hedwig,1.0
Hestel,1.0
Hedwige,1.0
Hedy,1.0
Hee,1.0
Hesta,1.0
Heiry,1.0
Heisel,1.0
Heisy,1.0
Heleni,1.0
Helenmarie,1.0
Helenna,1.0
Hesper,1.0
Heleyna,1.0
Hertha,1.0
Helga,1.0
Helia,1.0
Heliana,1.0
Helin,1.0
Helina,1.0
Helissa,1.0
Hella,1.0
Hellan,1.0
Hellen,1.0
Hellena,1.0
Hellene,1.0
Heller,1.0
Hellon,1.0
Helly,1.0
Helenmae,1.0
Helene,1.0
Heizel,1.0
Helenann,1.0
Hela,1.0
Helaena,1.0
Helaina,1.0
Helaine,1.0
Helan,1.0
Helana,1.0
Hessa,1.0
Helane,1.0
Helani,1.0
Helany,1.0
Helayna,1.0
Helayne,1.0
Heldana,1.0
Heleana,1.0
Heleen,1.0
Heleena,1.0
Heleina,1.0
Helem,1.0
Helena,1.0
Hasty,1.0
Hasset,1.0
Haidy,1.0
Hilari,1.0
Hallei,1.0
Halleigh,1.0
Hallel,1.0
Halleli,1.0
Hallelujah,1.0
Hilaria,1.0
Hallema,1.0
Hallene,1.0
Halli,1.0
Hallow,1.0
Halema,1.0
Hallye,1.0
Hallyn,1.0
Halona,1.0
Haly,1.0
Halye,1.0
Halyn,1.0
Halyna,1.0
Halynn,1.0
Hamani,1.0
Halleh,1.0
Hallee,1.0
Hallah,1.0
Hilarie,1.0
Halene,1.0
Haleyann,1.0
Haleyjo,1.0
Halia,1.0
Haliana,1.0
Halie,1.0
Haliee,1.0
Haliegh,1.0
Haliey,1.0
Halima,1.0
Halimah,1.0
Halimatou,1.0
Halime,1.0
Halimo,1.0
Halina,1.0
Haline,1.0
Haliya,1.0
Haliyah,1.0
Halla,1.0
Hamda,1.0
Hilaree,1.0
Hameedah,1.0
Hanani,1.0
Hanaya,1.0
Hanayo,1.0
Hande,1.0
Haneefa,1.0
Haneefah,1.0
Haneen,1.0
Hanen,1.0
Hang,1.0
Hikmah,1.0
Hania,1.0
Haniah,1.0
Haniely,1.0
Hanifa,1.0
Hanifah,1.0
Hikma,1.0
Hanika,1.0
Hanin,1.0
Haniya,1.0
Haniyah,1.0
Hanay,1.0
Hanane,1.0
Hilani,1.0
Hanami,1.0
Hamida,1.0
Hamidah,1.0
Hamna,1.0
Hamnah,1.0
Hamsika,1.0
Hamsini,1.0
Hilah,1.0
Hamta,1.0
Hanaa,1.0
Hanaan,1.0
Hila,1.0
Hanabi,1.0
Hanadi,1.0
Hanady,1.0
Hanae,1.0
Hanah,1.0
Hanai,1.0
Hanako,1.0
Hanalee,1.0
Halena,1.0
Haleigha,1.0
Hanlee,1.0
Hailyn,1.0
Hailiey,1.0
Haille,1.0
Haillee,1.0
Hailley,1.0
Haillie,1.0
Hailly,1.0
Hailo,1.0
Haily,1.0
Hailye,1.0
Hailynn,1.0
Haleia,1.0
Haimi,1.0
Hainsley,1.0
Haislee,1.0
Hildegarde,1.0
Haisleigh,1.0
Haisley,1.0
Haislyn,1.0
Haislynn,1.0
Haiti,1.0
Hailie,1.0
Haili,1.0
Haileyrose,1.0
Haileymarie,1.0
Hildy,1.0
Haidynn,1.0
Hildur,1.0
Haiely,1.0
Haifa,1.0
Haila,1.0
Hailah,1.0
Hildra,1.0
Hailea,1.0
Haileah,1.0
Haileen,1.0
Hailei,1.0
Haileigh,1.0
Hailen,1.0
Hildie,1.0
Haileyann,1.0
Haileyjade,1.0
Hildia,1.0
Haileyjo,1.0
Haivyn,1.0
Haiylee,1.0
Haiza,1.0
Hakima,1.0
Halah,1.0
Halaina,1.0
Hildagarde,1.0
Halana,1.0
Halane,1.0
Halani,1.0
Halaya,1.0
Halayah,1.0
Halayna,1.0
Halcy,1.0
Halea,1.0
Haleah,1.0
Halee,1.0
Haleema,1.0
Haleemah,1.0
Hildagard,1.0
Haleena,1.0
Haleh,1.0
Halei,1.0
Hakimah,1.0
Hakeema,1.0
Haizea,1.0
Hajrah,1.0
Haizel,1.0
Haizlee,1.0
Haizleigh,1.0
Hildegard,1.0
Haizley,1.0
Haizlie,1.0
Haizlyn,1.0
Hilde,1.0
Haizlynn,1.0
Hildana,1.0
Haizyl,1.0
Haja,1.0
Hajar,1.0
Hajara,1.0
Hajer,1.0
Hildah,1.0
Hajira,1.0
Hajirah,1.0
Hajra,1.0
Haniyyah,1.0
Hannabella,1.0
Hasseltine,1.0
Harshini,1.0
Harpyr,1.0
Harrietta,1.0
Harriette,1.0
Harrilyn,1.0
Harriot,1.0
Harryette,1.0
Harseerat,1.0
Harshi,1.0
Harshika,1.0
Harshita,1.0
Harmoney,1.0
Harshitha,1.0
Heyzel,1.0
Harsimrat,1.0
Harsirat,1.0
Heyssel,1.0
Hartense,1.0
Hartie,1.0
Hartleigh,1.0
Hartli,1.0
Harperrose,1.0
Harperrae,1.0
Hialeah,1.0
Harperlynn,1.0
Hibba,1.0
Hibaq,1.0
Harmonie,1.0
Harmoniee,1.0
Harmonii,1.0
Harmonni,1.0
Harmyni,1.0
Harnaaz,1.0
Harneet,1.0
Hibah,1.0
Haroldene,1.0
Haroldine,1.0
Harolene,1.0
Harolyn,1.0
Harpar,1.0
Harperann,1.0
Harpergrace,1.0
Harperlee,1.0
Hiba,1.0
Hartlie,1.0
Hartly,1.0
Hartlyn,1.0
Heysell,1.0
Hasinah,1.0
Hasini,1.0
Hasita,1.0
Hasitha,1.0
Hasleigh,1.0
Heysel,1.0
Hasley,1.0
Hasly,1.0
Haslyn,1.0
Hasmik,1.0
Hasna,1.0
Hasnaa,1.0
Hasrat,1.0
Hassana,1.0
Hassanah,1.0
Heymi,1.0
Hassanatou,1.0
Heylin,1.0
Hassatou,1.0
Hasina,1.0
Hasika,1.0
Hartlynn,1.0
Hashley,1.0
Harue,1.0
Haruka,1.0
Haruko,1.0
Haruna,1.0
Haruno,1.0
Haruye,1.0
Haruyo,1.0
Harvee,1.0
Harveen,1.0
Harvetta,1.0
Harvi,1.0
Hasana,1.0
Hasanah,1.0
Hasanat,1.0
Haseena,1.0
Hasenat,1.0
Haset,1.0
Haseya,1.0
Hasha,1.0
Harmoni,1.0
Harmonei,1.0
Hannabelle,1.0
Hansini,1.0
Hannha,1.0
Hanni,1.0
Hannia,1.0
Hanniah,1.0
Hannie,1.0
Hanny,1.0
Hannya,1.0
Hanora,1.0
Hansika,1.0
Hanvi,1.0
Harmonee,1.0
Hanvika,1.0
Hiede,1.0
Hanvitha,1.0
Hanya,1.0
Haper,1.0
Happiness,1.0
Hidie,1.0
Hara,1.0
Hareem,1.0
Hanner,1.0
Hiedi,1.0
Hannelore,1.0
Hanne,1.0
Hiilei,1.0
Hiilani,1.0
Hannaha,1.0
Hannahelizabeth,1.0
Hannahgrace,1.0
Hannahjo,1.0
Hannahlee,1.0
Hannahlynn,1.0
Hannahmae,1.0
Hiiaka,1.0
Hannahmarie,1.0
Higinia,1.0
Hannahrae,1.0
Hannahrose,1.0
Hannalee,1.0
Hannaleigh,1.0
Hannaley,1.0
Hannalise,1.0
Hifza,1.0
Hareer,1.0
Hariah,1.0
Harika,1.0
Hidayah,1.0
Harleyrose,1.0
Harli,1.0
Harliee,1.0
Harliegh,1.0
Hidaya,1.0
Harline,1.0
Harliquinn,1.0
Harliv,1.0
Harloe,1.0
Harlynn,1.0
Harlynne,1.0
Harmani,1.0
Harmanie,1.0
Harmany,1.0
Harmehar,1.0
Harminee,1.0
Hibo,1.0
Harminnie,1.0
Harmone,1.0
Harleyrae,1.0
Harleyquinn,1.0
Hariklia,1.0
Harleymae,1.0
Harini,1.0
Haripriya,1.0
Harir,1.0
Harita,1.0
Hariyah,1.0
Harkiran,1.0
Hidi,1.0
Harla,1.0
Harlea,1.0
Harlean,1.0
Hideko,1.0
Harleaux,1.0
Harleen,1.0
Harleequinn,1.0
Harlei,1.0
Harlene,1.0
Harlequin,1.0
Harlequinn,1.0
Harleyann,1.0
Gilberte,1.0
Hermene,1.0
Genavie,1.0
Genevie,1.0
Genevi,1.0
Gereline,1.0
Ghada,1.0
Gezelle,1.0
Geysha,1.0
Genevia,1.0
Gearlene,1.0
Gewel,1.0
Gevena,1.0
Ghadah,1.0
Geneviene,1.0
Gaylyn,1.0
Gerene,1.0
Geretha,1.0
Gerette,1.0
Gaylynn,1.0
Gevalia,1.0
Geneviev,1.0
Genasis,1.0
Genavecia,1.0
Genara,1.0
Genaveve,1.0
Gerdie,1.0
Ghala,1.0
Georgann,1.0
Genevee,1.0
Geneveive,1.0
Gereldine,1.0
Hollee,1.0
Gaylia,1.0
Georgana,1.0
Gerelene,1.0
Georgan,1.0
Genever,1.0
Geneveve,1.0
Ghaida,1.0
Ghadeer,1.0
Genavee,1.0
Gelani,1.0
Hopelyn,1.0
Gaylynne,1.0
Gearleen,1.0
Genevea,1.0
Gerianne,1.0
Getrudes,1.0
Genysis,1.0
Genya,1.0
Geniece,1.0
Geniel,1.0
Geniene,1.0
Gaynel,1.0
Geriann,1.0
Gemmalynn,1.0
Genica,1.0
Getrude,1.0
Gemmalee,1.0
Gethsemani,1.0
Genieva,1.0
Genieve,1.0
Gemma,1.0
Gethsemane,1.0
Gelen,1.0
Genice,1.0
Gena,1.0
Geleah,1.0
Gayna,1.0
Genevive,1.0
Geriah,1.0
Genai,1.0
Getzemany,1.0
Georga,1.0
Getzemani,1.0
Geordyn,1.0
Genae,1.0
Genevra,1.0
Geogia,1.0
Geonna,1.0
Gettie,1.0
Genevy,1.0
Getsemany,1.0
Geni,1.0
Genia,1.0
Geona,1.0
Geniah,1.0
Holliday,1.0
Ghalia,1.0
Geraleen,1.0
Ghislaine,1.0
Geneal,1.0
Hollye,1.0
Genea,1.0
Georgeann,1.0
Georgeana,1.0
Gerane,1.0
Gayane,1.0
Genesys,1.0
Gayann,1.0
Geralynn,1.0
Gencie,1.0
Hoora,1.0
Ghina,1.0
Hollylynn,1.0
Gayanne,1.0
Genaya,1.0
Geena,1.0
Ghianna,1.0
Gaya,1.0
Genesy,1.0
Gayatri,1.0
Hokulani,1.0
Ghita,1.0
Genece,1.0
Geet,1.0
Geneane,1.0
Hopi,1.0
Genessy,1.0
Genean,1.0
Georgeanna,1.0
Hollyanne,1.0
Honey,1.0
Geralene,1.0
Genessys,1.0
Geisha,1.0
Geraline,1.0
Holiday,1.0
Hongan,1.0
Geralyn,1.0
Ghislane,1.0
Gayathri,1.0
Gaye,1.0
Gaylene,1.0
Holle,1.0
Gerardina,1.0
Georganne,1.0
Genette,1.0
Gaylee,1.0
Ghazal,1.0
Genavive,1.0
Hollynn,1.0
Ghana,1.0
Hopelynn,1.0
Genett,1.0
Ghalya,1.0
Gerardine,1.0
Georganna,1.0
Geneve,1.0
Genavieve,1.0
Gela,1.0
Gerda,1.0
Gayleen,1.0
Genetta,1.0
Genay,1.0
Genet,1.0
Ghena,1.0
Gerarda,1.0
Hopemarie,1.0
Hollymarie,1.0
Gecenia,1.0
Ghia,1.0
Hollyn,1.0
Ghenet,1.0
Georgean,1.0
Gayel,1.0
Gearline,1.0
Gerardette,1.0
Hoorain,1.0
Ghazl,1.0
Geneta,1.0
Georgea,1.0
Genetha,1.0
Hollynd,1.0
Geissie,1.0
Gerica,1.0
Getha,1.0
Holleigh,1.0
Gerrika,1.0
Gennelle,1.0
Honestii,1.0
Genovieve,1.0
Gerrilynn,1.0
Honestie,1.0
Gelsomina,1.0
Gelsey,1.0
Gerrilyn,1.0
Gelinda,1.0
Genowefa,1.0
Gerlene,1.0
Gennesis,1.0
Geline,1.0
Gerrica,1.0
Gennessy,1.0
Gerrianne,1.0
Gerriann,1.0
Genovia,1.0
Gelina,1.0
Gema,1.0
Geanine,1.0
Geanette,1.0
Honestee,1.0
Geniyah,1.0
Genna,1.0
Gerldean,1.0
Gennavieve,1.0
Gertie,1.0
Gennavive,1.0
Gerldine,1.0
Gerthie,1.0
Gennell,1.0
Gertha,1.0
Gerta,1.0
Gerryn,1.0
Holliann,1.0
Gemelli,1.0
Gerrye,1.0
Geanie,1.0
Gerlean,1.0
Genoveva,1.0
Gella,1.0
Gearlean,1.0
Gerniya,1.0
Geanne,1.0
Geanni,1.0
Genoria,1.0
Gerlisa,1.0
Gerlyn,1.0
Genora,1.0
Genola,1.0
Genoa,1.0
Germya,1.0
Gelisa,1.0
Gennieve,1.0
Gennifer,1.0
Genny,1.0
Honora,1.0
Gennine,1.0
Germanii,1.0
Geannie,1.0
Gelisha,1.0
Gerogia,1.0
Gennia,1.0
Gennesy,1.0
Genova,1.0
Gerline,1.0
Gerre,1.0
Hooria,1.0
Geronima,1.0
Gennesys,1.0
Genneth,1.0
Gennett,1.0
Geargia,1.0
Gennetta,1.0
Genni,1.0
Gennette,1.0
Gerolyn,1.0
Geroline,1.0
Geanna,1.0
Honesti,1.0
Gennevieve,1.0
Geroldine,1.0
Gelissa,1.0
Geniya,1.0
Genrose,1.0
Geane,1.0
Gearldene,1.0
Gelene,1.0
Gesina,1.0
Gerie,1.0
Hooriya,1.0
Gesica,1.0
Gazal,1.0
Gentrie,1.0
Georjean,1.0
Honorah,1.0
Genise,1.0
Genises,1.0
Geshia,1.0
Geles,1.0
Gerika,1.0
Gentri,1.0
Gesenia,1.0
Gelia,1.0
Geselle,1.0
Gaythel,1.0
Genine,1.0
Gertrud,1.0
Geniffer,1.0
Gaynelle,1.0
Genievieve,1.0
Gelena,1.0
Holyn,1.0
Gaynol,1.0
Genifer,1.0
Gayola,1.0
Genvieve,1.0
Genika,1.0
Genina,1.0
Gaytha,1.0
Genva,1.0
Gessica,1.0
Gesselle,1.0
Honesty,1.0
Gessell,1.0
Gessel,1.0
Gemise,1.0
Genisha,1.0
Geminis,1.0
Gearldean,1.0
Genive,1.0
Gervaise,1.0
Honorae,1.0
Gerturde,1.0
Gertude,1.0
Honeste,1.0
Gemia,1.0
Gertrue,1.0
Gertrudis,1.0
Gertrudes,1.0
Genisis,1.0
Geriyah,1.0
Geana,1.0
Gerladine,1.0
Genivieve,1.0
Gensis,1.0
Gelila,1.0
Gensie,1.0
Genivive,1.0
Gerita,1.0
Geniva,1.0
Gerise,1.0
Gerilynn,1.0
Gesell,1.0
Genissa,1.0
Gerilyn,1.0
Genisse,1.0
Gentree,1.0
Genisus,1.0
Gesele,1.0
Hollianne,1.0
Genisys,1.0
Gesel,1.0
Gazella,1.0
Honoka,1.0
Genita,1.0
Gazelle,1.0
Gemiah,1.0
Gea,1.0
Gentiana,1.0
Genecis,1.0
Geannine,1.0
Ghofran,1.0
Georgiaann,1.0
Giannina,1.0
Georgiagrace,1.0
Honorine,1.0
Giannie,1.0
Giannella,1.0
Gianne,1.0
Honi,1.0
Hollyann,1.0
Giannarose,1.0
Genel,1.0
Geraldene,1.0
Gaviota,1.0
Hoor,1.0
Genesiss,1.0
Geetanjali,1.0
Giannys,1.0
Geneil,1.0
Genella,1.0
Genesi,1.0
Gauri,1.0
Garryn,1.0
Hollins,1.0
Genelle,1.0
Giavana,1.0
Giauna,1.0
Gavina,1.0
Giara,1.0
Genesia,1.0
Geraldeen,1.0
Giany,1.0
Gaurika,1.0
Georgine,1.0
Genelda,1.0
Hodalis,1.0
Georgett,1.0
Gianelli,1.0
Gavrielle,1.0
Gianina,1.0
Gilana,1.0
Gianetta,1.0
Gianessa,1.0
Gianelly,1.0
Gianelle,1.0
Honie,1.0
Georgetta,1.0
Hodan,1.0
Honoria,1.0
Gianella,1.0
Geneice,1.0
Geraldina,1.0
Gavriella,1.0
Geeta,1.0
Genessa,1.0
Giannah,1.0
Giannamarie,1.0
Genesse,1.0
Giannamaria,1.0
Giannalee,1.0
Geneieve,1.0
Georgette,1.0
Geraldin,1.0
Genell,1.0
Gilah,1.0
Giannagrace,1.0
Gavriela,1.0
Garri,1.0
Gianinna,1.0
Geetika,1.0
Genena,1.0
Georgialee,1.0
Geidy,1.0
Geidi,1.0
Gartha,1.0
Gathel,1.0
Georgiana,1.0
Gigi,1.0
Georgian,1.0
Gifti,1.0
Georgiamae,1.0
Genendel,1.0
Gieselle,1.0
Gihanna,1.0
Gidgette,1.0
Geethika,1.0
Generra,1.0
Geradette,1.0
Gera,1.0
Gifty,1.0
Gaurangi,1.0
Georgiann,1.0
Gigette,1.0
Genene,1.0
Giget,1.0
Georgieann,1.0
Georgianne,1.0
Georgianna,1.0
Gasia,1.0
Generose,1.0
Geneiva,1.0
Genera,1.0
Geovanna,1.0
Georgiane,1.0
Gatha,1.0
Generosa,1.0
Geovana,1.0
Genesa,1.0
Geetha,1.0
Georgietta,1.0
Geraine,1.0
Georgiena,1.0
Gila,1.0
Geralda,1.0
Giavona,1.0
Geraldean,1.0
Geneivieve,1.0
Gidgett,1.0
Giavannah,1.0
Geneses,1.0
Giavanna,1.0
Gaudy,1.0
Genesha,1.0
Georgina,1.0
Geneine,1.0
Gaudalupe,1.0
Geneiveve,1.0
Giavonna,1.0
Giavonnie,1.0
Gibelly,1.0
Gicel,1.0
Gicela,1.0
Gicell,1.0
Geneive,1.0
Geradine,1.0
Georgieanna,1.0
Hoda,1.0
Genesee,1.0
Gicelle,1.0
Genese,1.0
Gidget,1.0
Genessee,1.0
Geraldi,1.0
Genendy,1.0
Geraldyn,1.0
Garnita,1.0
Georgeen,1.0
Georgeina,1.0
Georgella,1.0
Geisel,1.0
Genee,1.0
Giacomina,1.0
Georginia,1.0
Geraldinne,1.0
Giada,1.0
Georgenne,1.0
Georgena,1.0
Giah,1.0
Giahan,1.0
Geneen,1.0
Genelia,1.0
Gilani,1.0
Genessis,1.0
Giana,1.0
Georgene,1.0
Georgenia,1.0
Genessi,1.0
Giahna,1.0
Georgenna,1.0
Giahnna,1.0
Gialani,1.0
Giamarie,1.0
Giabella,1.0
Geraldy,1.0
Gehad,1.0
Gavy,1.0
Georgeanne,1.0
Genele,1.0
Gi,1.0
Gianeliz,1.0
Gianara,1.0
Geraldyne,1.0
Gianah,1.0
Hodaya,1.0
Giaa,1.0
Brielle,0.9998952945364689
Lyla,0.9998917514613552
Valentina,0.9998828804711551
Phoebe,0.9998802768000383
Alaina,0.9998780661288028
Juliette,0.9998701602222857
Aileen,0.9998659445546678
Juliet,0.9998642263618096
Therese,0.9998592025230908
Alayna,0.9998557165118024
Annabelle,0.9998499444794574
Fiona,0.999849854358728
Talia,0.9998483561810021
Aniyah,0.9998364623536338
Daphne,0.999835065149266
Dorothea,0.9998251442559888
Daniella,0.9998194619967503
Lexi,0.999819142009694
Greta,0.9998181884295116
Cecelia,0.9998165413032238
Isabelle,0.9998112103305707
Leanna,0.9998049541642285
Glenna,0.9998048552025603
Mikayla,0.9998047914818101
Trudy,0.9998047103855017
Angelique,0.999799819837854
Ciara,0.9997984161267098
Leila,0.9997971864225529
Camilla,0.9997960986882349
Betsy,0.9997954633777177
Kayleigh,0.9997954352844911
Carmela,0.9997944332524771
Keira,0.999790224459828
Amira,0.9997866348041308
Lainey,0.9997794831084061
Catalina,0.9997708599299486
Samara,0.9997707158251937
Isla,0.9997702425855368
Gia,0.9997687540468042
Harriett,0.9997686149289647
Louisa,0.9997677443329617
Tessa,0.9997634169866604
Katy,0.9997606624862381
Makenna,0.9997593478326264
Ariella,0.9997573640025235
Sybil,0.9997526222046309
Nelda,0.9997516638521903
Jeannine,0.9997506545318539
Maura,0.9997480346704294
Paulina,0.9997474109623642
Everleigh,0.9997407849033128
Thea,0.9997401517513772
Adele,0.999738138881615
Lenore,0.9997377163839832
Adelyn,0.9997363564460849
Lina,0.9997362451864746
Emilie,0.9997357393635093
Lana,0.9997353610557329
Katharine,0.9997331068785636
Sienna,0.9997313055861569
Alanna,0.999729865318566
Sarai,0.9997295713706225
Katlyn,0.9997286443069575
Angeline,0.9997278837519388
Matilda,0.9997255612272902
Joselyn,0.9997233289065959
Mariam,0.9997216655533289
Althea,0.9997192903660453
Libby,0.9997185477061638
Neva,0.9997167005052174
Maci,0.9997141768292683
Lucinda,0.9997127337302831
Leann,0.999712277528875
Madisyn,0.9997094374709438
Nathalie,0.9997077020509573
Nicolette,0.9997061416397296
Suzette,0.9997048231890903
Jacklyn,0.9997047011575715
Kyleigh,0.99970001499925
Melany,0.9996987951807229
Corinne,0.9996977878067453
Francine,0.9996975778736975
Zelda,0.9996953263055268
Kaitlynn,0.9996947124190988
Tiana,0.9996934604904633
Shayna,0.9996912627354122
Sherrie,0.9996870999857773
Rosella,0.9996858112353902
Bonita,0.9996828920247344
Chrystal,0.9996826807133338
Rosalinda,0.9996783117802226
Terra,0.9996744367756218
Rhiannon,0.9996738421395955
Janine,0.9996716319890147
Isabell,0.9996708144051616
Stephany,0.9996692246626091
Cheri,0.9996673504463048
Madeleine,0.999667066187242
Cathleen,0.9996657977407928
Emilee,0.9996654959023248
Janae,0.9996654399464704
Felicity,0.9996648980731639
Jolene,0.9996648887151275
Deanne,0.999663435648896
Adeline,0.9996621226494783
Alyson,0.9996619565952268
Kiersten,0.9996617965367965
Rosanne,0.9996609020006781
Aline,0.999658213138287
Ximena,0.9996576785338108
Serena,0.9996560323329607
Nola,0.9996529919802591
Concetta,0.9996474404174306
Mira,0.9996471667489945
Earlene,0.9996471418489767
Karyn,0.9996463932107497
Rebeca,0.9996436208125445
Lilia,0.9996428571428572
Katelynn,0.9996408280545941
Tamra,0.999635435654393
Veda,0.9996350631340778
Lilly,0.9996335821920945
Deena,0.9996335385517443
Aida,0.9996331352263556
Yasmine,0.9996324880558618
Hailee,0.9996324430286695
Kailey,0.9996309826930883
Kaleigh,0.9996294008647313
Halle,0.9996286898941766
Celina,0.9996242955541641
Mckayla,0.9996205797541357
Wilhelmina,0.9996141082040596
Luann,0.9996130030959752
Allyson,0.9996080188150969
Nia,0.9996003676617512
Trista,0.9995988124849555
Anissa,0.9995983613141618
Maren,0.9995969692084475
Micaela,0.9995948409750827
Khloe,0.9995899790889335
Kaliyah,0.9995885112336433
Rosanna,0.9995883926733896
Abbigail,0.9995874247050086
Kaylynn,0.9995873566064207
Lizette,0.9995867085468673
Anastasia,0.9995840717566639
Ayana,0.999579584629614
Carissa,0.9995776432493313
Julissa,0.9995718011600296
Renata,0.9995707847485514
Dalia,0.9995700465782873
Aliza,0.9995671370444117
Scarlett,0.9995662096150582
Alivia,0.9995610569748047
Ciera,0.9995600140795494
Casandra,0.9995564567228488
Madelyn,0.9995562537163751
Princess,0.9995560910647473
Florine,0.999555910826894
Elouise,0.999547797775165
Savanna,0.9995421245421245
Rhoda,0.9995388340186773
Jeanine,0.999538145022463
Karly,0.999537251272559
Alana,0.9995316300784142
Ashlynn,0.9995308651628289
Leilani,0.9995253014335896
Arleen,0.99952373392602
Alvina,0.9995231282784931
Adrianna,0.999520763444669
Kassandra,0.99951992318771
Milagros,0.9995163474559876
Jimena,0.999515855725006
Justina,0.9995085592595626
Luella,0.9995041527209619
Lawanda,0.9995040912472105
Ashlie,0.9995033770361541
Salma,0.9995018431802332
Meaghan,0.9995015310118921
Leora,0.9994983697015299
Eugenia,0.9994980255672311
Gabriella,0.9994967510842054
Julianna,0.9994953807934167
Penelope,0.9994867722818298
Magdalena,0.9994860197368421
Addilyn,0.9994793293762366
Clarissa,0.9994787659162551
Shanice,0.9994782971619366
Roxanna,0.9994778067885117
Lura,0.9994767137624281
Melisa,0.9994754511120436
Pattie,0.9994741823535598
Amaya,0.9994737345708544
Antonella,0.9994726850875343
Jena,0.9994706594071385
Etta,0.9994652157738095
Laila,0.99946181205541
Roslyn,0.9994595178899578
Selene,0.9994591671173607
Gracie,0.999456475789016
Eliana,0.9994550408719346
Lauryn,0.9994549171019759
Janiya,0.9994548923412374
Abril,0.9994522348816828
Shayla,0.9994486605695012
Bella,0.9994484077370008
Gayla,0.99944669863519
Lia,0.9994440532226382
Marlys,0.9994421510654915
Daria,0.9994419642857143
Carli,0.999439838673538
Ofelia,0.999438832772166
Elisabeth,0.9994346260155792
Allene,0.9994292237442922
Alene,0.9994284407864655
Holli,0.9994276556776557
Dania,0.9994180633147114
Farrah,0.9994162288382954
Claudette,0.9994144887422154
Poppy,0.9994105163876444
Myah,0.9994080505130228
Nayeli,0.9994044327221678
Deana,0.9994033158590121
Yaritza,0.9994030563514804
Astrid,0.9993997599039616
Violeta,0.9993962081874169
Kyra,0.9993942586252305
Ophelia,0.9993899959333062
Freda,0.9993887099428679
Saundra,0.9993841675064382
Ingrid,0.999382940108893
Emilia,0.9993789494930675
Darla,0.9993781094527363
Geri,0.999377024669823
Natalia,0.9993745564763474
Bette,0.9993698261293003
Haleigh,0.9993688196928255
Alisa,0.999364161849711
Rosemarie,0.9993572388539373
Caitlyn,0.9993531817749453
Tana,0.9993530997304583
Enid,0.9993485342019544
Chaya,0.9993412384716732
Nataly,0.9993409779886648
Haylee,0.9993350179545152
Lissette,0.9993316401550595
Bridgette,0.9993286055977508
Kyla,0.999328439432184
Kira,0.9993257585216632
Marva,0.9993249107917832
Mona,0.9993224488011715
Mara,0.9993206233280965
Evelin,0.9993191721132898
Emely,0.9993129508759876
Elsa,0.9993117236406542
Reva,0.9993108201240524
Pam,0.999306142150356
Mariela,0.9993033179482713
Gianna,0.9993027564996466
Bess,0.9993027471761261
Gretchen,0.9992937590603278
Jeannette,0.9992926741248647
Arianna,0.9992904630457603
Tonja,0.9992851015155848
Alaia,0.9992841803865425
Estefania,0.9992809893586425
Kiana,0.9992788005314102
Lakesha,0.9992659652556888
Chantel,0.999265736599693
Juliana,0.999264076415902
Tenley,0.9992631889183613
Willa,0.9992523597395719
Marianne,0.999251394087541
Deidre,0.9992505280370648
Portia,0.9992467752565671
Yazmin,0.9992410278651198
Lila,0.9992386193631118
Rihanna,0.9992339512793014
Eboni,0.9992338338951885
Vanesa,0.9992325402916347
Lorna,0.9992279889111134
Alisson,0.9992270830112846
Nannie,0.9992181391712275
Jessa,0.9992164237580317
Marci,0.9992147904918267
Breanna,0.9992108394240342
Lily,0.9992078493930487
Malani,0.999204834605598
Alesha,0.9992042440318303
Liza,0.9992011868081707
Malka,0.9992006394884093
Myra,0.9991972801964303
Alissa,0.9991952441525401
Nadine,0.9991932155052723
Polly,0.9991898460707535
Abigayle,0.9991885751379422
Danae,0.9991859991859992
Myrtis,0.9991838067254326
Iona,0.9991800590357495
Ailani,0.9991788471013303
Christa,0.9991781072113483
Corine,0.9991757675664538
Brooklynn,0.9991742801587513
Maryann,0.9991730674427111
Chantal,0.9991718916361055
Marcie,0.9991679467485919
Kelsea,0.9991669443518827
Viviana,0.9991652754590985
Litzy,0.999162712810494
Jana,0.9991529657059705
Lenora,0.999151266255989
Jenifer,0.9991392127709523
Antoinette,0.9991363105217701
Cherie,0.9991328419437682
Verda,0.9991324823398191
Sophie,0.9991313450787358
Oralia,0.9991304347826087
Hana,0.9991255266714365
Shirlee,0.9991249562478124
Kiera,0.9991223613099912
Arleth,0.9991204925241864
Layla,0.9991198178265153
Angelina,0.9991155167055786
Yajaira,0.9991144172865746
Ginger,0.9991127653588973
Giselle,0.9991096902126626
Celeste,0.9991094584882667
Elise,0.9991065989847716
Hayley,0.9991027716553863
Estefany,0.9991015274034142
Aliyah,0.9991014335269779
Sherlyn,0.9990999099909991
Ivette,0.9990986931050022
Kamille,0.9990979613927476
Nichelle,0.9990976358058112
Elyse,0.9990942892554104
Valencia,0.9990900066181337
Trina,0.9990793309805125
Roxanne,0.9990742922543508
Nyah,0.9990713224368499
Debora,0.9990692417644517
Everly,0.9990662702410497
Khadijah,0.9990604026845638
Chasity,0.9990575315522046
Kandy,0.9990574929311969
Milani,0.9990552668871044
Elena,0.9990508198785437
Kesha,0.9990468928707587
Alexia,0.9990432494727
Mya,0.9990430466798585
Mollie,0.9990415867988999
Francesca,0.9990398603433227
Chiquita,0.9990359897172236
Keily,0.9990321331784746
Selena,0.9990298367742924
Camila,0.9990284808508463
Jalisa,0.9990280252713429
Harleigh,0.9990264797507789
Lakisha,0.9990261321214089
Cinthia,0.9990212071778141
Angelia,0.9990204808548531
Marla,0.999018797769056
Aaliyah,0.999013219139825
Aurora,0.9990116323272257
Lizeth,0.999010009899901
Kennedi,0.999009900990099
Serenity,0.9990044600191144
Sofia,0.9990035156862306
Ava,0.9990018062553475
Tatiana,0.9990014835102135
Brittni,0.9989986648865153
Tessie,0.9989982971050786
Aubri,0.9989981967541575
Brynlee,0.9989981394017461
Lyda,0.9989945706816811
Shara,0.9989886731391586
Esme,0.9989883662114315
Keilani,0.9989843591306115
Isis,0.9989797653460296
Patti,0.9989720900091618
Mila,0.9989717352594487
Amelia,0.9989650499605379
Aisha,0.998963452088452
Kate,0.9989590643274854
Essence,0.9989577411407997
Racquel,0.9989498004620878
Lesa,0.998949303913843
Christi,0.9989489776418881
Sana,0.998942246668077
Miah,0.9989412387506618
Meadow,0.998934942753173
Vonda,0.998934418289257
Gearldine,0.998934129183543
Aura,0.998932536293766
Marguerite,0.9989261259728661
Sahara,0.9989210185584808
Adilene,0.9989182506567764
Adria,0.9989160730876432
Tanisha,0.9989143359354805
Rachelle,0.998909165954185
Patrica,0.9989078200087375
Bernadette,0.9989048696794919
Charity,0.9989001071690451
Dovie,0.9988957597173145
Harmony,0.9988895848755766
Ayah,0.9988893824966681
Henrietta,0.9988893435435786
Jayla,0.998888961505784
Isabella,0.9988884735692786
Sonja,0.9988866396761134
Keshia,0.9988860007426662
Tressie,0.9988808058198098
Shari,0.9988771450191618
Aracely,0.998873527905786
Ashlyn,0.9988708125967128
India,0.9988700564971752
Jayne,0.998865160425049
Dianna,0.9988629499342643
Jayda,0.998862451417196
Treva,0.9988621082031655
Lara,0.998858639094968
Aubree,0.9988568862397681
Kristie,0.9988540771414434
Kierra,0.9988486631700141
Stefanie,0.9988432464423103
Berenice,0.9988416175231677
Migdalia,0.9988355845365626
Cara,0.998834520743651
Rosalie,0.9988340316997631
Sophia,0.9988288176445649
Savannah,0.9988288174221321
Katelyn,0.9988281308313554
Wilda,0.9988256478509355
Viridiana,0.9988235294117647
Cornelia,0.9988209151512403
Shamika,0.9988158673771462
America,0.9988077496274218
Kenia,0.9988056136160047
Jacie,0.998804399808704
Madeline,0.9988020731468805
Soledad,0.9988018212317278
Chantelle,0.9988014981273409
Lizbeth,0.9987973308504035
Fatima,0.9987911279302008
Mirna,0.9987887596899225
Erna,0.998787344283982
Sherryl,0.9987831589194451
Lynette,0.9987782106549252
Genevieve,0.9987750466455747
Audrie,0.9987745098039216
Davida,0.9987596129992558
Kenisha,0.9987546699875467
Caroline,0.9987543085202878
Doreen,0.9987516948970149
Ananya,0.998738329548322
Jesenia,0.9987381703470032
Kaylee,0.9987372197309416
Elnora,0.998736664795059
Jaycie,0.9987354577642893
Mia,0.9987308966549108
Margo,0.9987265440653208
Jacquelyn,0.9987093140590899
Michaela,0.9987071872892154
Cloe,0.9987063389391979
Estella,0.9987025547875729
Charmaine,0.9987008769080871
Cierra,0.9986954631105958
Letha,0.99869533451623
Janette,0.9986952064369816
Marina,0.9986947174447175
Kaitlin,0.9986932431961529
Celia,0.9986870819509253
Trisha,0.9986852550109149
Alli,0.9986814345991561
Claudine,0.9986768986504366
Myrna,0.9986768319576587
Paisley,0.9986752613127837
Dionna,0.9986744432661718
Fernanda,0.9986735370644355
Ariane,0.9986712729205421
Monet,0.9986699179782753
Deonna,0.9986673773987207
Luna,0.9986654749807167
Valeria,0.9986593120355474
Harriet,0.998658491967582
Jamia,0.9986562150055991
Nadia,0.9986544554885195
Marisa,0.998646126074381
Maya,0.9986416893051783
Macie,0.9986399333128592
Lorine,0.9986304496690254
Alyssa,0.9986257094138905
Paulette,0.9986173742874159
Chloe,0.9986114297443823
Kaitlyn,0.9986072172560979
Olivia,0.9985913841769698
Florida,0.9985843714609286
Jacki,0.9985807550383197
Makayla,0.9985784236297583
Aimee,0.9985721869336799
Chantell,0.9985697940503433
Ruthie,0.9985652154418688
Loree,0.9985607369027059
Perla,0.9985506546209962
Janell,0.9985383833248602
Makala,0.9985307081986482
Tiera,0.9985279685966634
Marni,0.9985255086994986
Avril,0.9985189573459715
Jaqueline,0.9985127707727126
Porsha,0.9985119047619048
Melba,0.9985107967237528
Lydia,0.9984992306525367
Shaina,0.9984918307498952
Hailey,0.998487064682172
Brianne,0.998486475930085
Melody,0.9984815734471856
Janelle,0.9984811825583244
Jovita,0.9984797810884768
Jeannie,0.9984786457180792
Naomi,0.9984770515718431
Babette,0.9984765386959171
Lynda,0.9984756683361727
Lona,0.9984420821114369
Hannah,0.9984406360301751
Rosetta,0.9984371670100164
Mindy,0.9984274884408665
Rebekah,0.9984259467467361
Raelynn,0.9984246131035122
Dejah,0.9984217171717171
Lela,0.9984183839605526
Rubi,0.998415572657311
Violet,0.9984067946840798
Johana,0.9984048723897911
Mariah,0.9984026256295663
Ani,0.9984025559105432
Elysia,0.9983900643974241
Yessenia,0.9983888292158969
Lucia,0.9983865248226951
Velvet,0.998380829015544
Eloise,0.9983805077327108
Nereida,0.9983796921415069
Elvira,0.9983796722518873
Cecilia,0.9983786606087809
Bridget,0.9983719541976448
Phillis,0.9983708932935107
Gladis,0.99836867862969
Maple,0.9983660130718954
Leonor,0.9983609244386166
Abigail,0.9983565945312748
Miranda,0.9983526540573521
Tomeka,0.9983489268024216
Anahi,0.9983476360535153
Sadie,0.9983462340799297
Becky,0.9983449987932282
Kayla,0.9983424632613046
Keely,0.9983404457088667
Brianna,0.9983399029714979
Delia,0.9983348999597154
Ally,0.998326442213034
Arielle,0.9983168872314445
Ariana,0.9983097401225438
Reba,0.9983089540881035
Esperanza,0.9983082797621925
Flossie,0.9983062485694667
Magali,0.998303647158609
Chyanne,0.9982975825672454
Ambar,0.9982882574460801
Dena,0.9982769230769231
Jenna,0.9982751534507037
Arlet,0.9982740766309975
Charlotte,0.9982709561476358
Meagan,0.998270020903914
Tillie,0.9982675649663137
Reyna,0.9982397271577095
Nettie,0.9982224735895934
Shauna,0.9982212735681252
Amaria,0.9982174688057041
Tomika,0.998205312275664
Yadira,0.998203125
Kisha,0.9981992797118847
Kristi,0.9981986685811252
Marli,0.9981929887965305
Buffy,0.9981884057971014
Rosamond,0.998175737306172
Bethany,0.9981731170197978
Brandie,0.9981723073044684
Kaley,0.9981707763225287
Jaleesa,0.9981634527089073
Sandie,0.9981610886355278
Bree,0.9981605713049123
Janee,0.9981572481572482
Leah,0.9981543982231637
Leola,0.998153671353501
Amie,0.9981498612395929
Madysen,0.9981488337652721
Latrice,0.99814187342879
Brittani,0.9981317934782609
Candace,0.9981304455183604
Nina,0.9981212895468551
Stella,0.9981193846153846
Sheri,0.998117911211636
Jannie,0.9981140971239981
Tia,0.998106228732061
Mariana,0.9981014071923163
Ina,0.9980923311713087
Catina,0.998088867654085
Vicki,0.9980854264484661
Faith,0.9980730996541112
Queen,0.9980670906596832
Sia,0.9980612640558356
Deneen,0.9980609418282549
Eleanor,0.9980584291478324
Dianne,0.99805135619323
Shanika,0.9980392156862745
Ericka,0.9980341040215394
Addyson,0.9980323176912528
Imogene,0.9980276841425805
Della,0.9980259327112891
Deanna,0.9980246106774991
Keisha,0.9980243365812043
Zina,0.9980229339659945
Daina,0.9980135081446166
Priscilla,0.9980078054834337
Abbey,0.9980026251212691
Zoey,0.9980014275517487
Rashida,0.9979993331110371
Angie,0.9979967887453169
Krista,0.9979952047464882
Iesha,0.9979911611088791
Alda,0.9979903536977492
Cathy,0.9979898496196538
Emily,0.9979849210714081
Khalia,0.9979838709677419
Colleen,0.9979758202528385
Beth,0.9979650616742847
Samantha,0.9979647298664491
Natalie,0.9979606016888022
Nika,0.9979583503470805
Arline,0.9979575626914785
Bettye,0.9979535855793095
Belinda,0.9979452617736501
Mozelle,0.9979435408487568
Molly,0.9979414102483459
Latisha,0.9979397093905877
Chelsey,0.9979393209269886
Katie,0.9979319233941323
Jaclyn,0.9979263971654051
Sandi,0.9979242858554908
Yesica,0.9979227253842958
Debra,0.9979213822173977
Caelyn,0.9979175343606831
Shaquita,0.9979131886477463
Karmen,0.9979114452798663
Kya,0.9979025492094223
Sherri,0.9979004878979828
Kelis,0.9978954752718344
Tania,0.9978861281491492
Melva,0.99788508988368
Briana,0.9978737898148339
Marcia,0.9978735830126237
Carina,0.9978652028057334
Eileen,0.9978583786977254
Dolly,0.9978560639282756
Bettie,0.9978423624831029
Alexa,0.997841748487704
Hali,0.9978373702422145
Tyla,0.9978354978354979
Marjorie,0.9978349929291015
China,0.9978308026030369
Martina,0.9978232477144101
Roxana,0.9978228102495394
Kailee,0.9978211812310326
Loma,0.9978204010462075
Liliana,0.9978192324253747
Tricia,0.9978114896791843
Kristine,0.9978096140184702
Rachael,0.9978092736713426
Hilda,0.9978063418902432
Cassandra,0.9978001275457965
Jeanne,0.997799215053369
Rosemary,0.9977939364062115
Kathy,0.9977928636921597
Alexandria,0.9977909255061662
Mackenna,0.9977900552486187
Cheryl,0.9977796948783145
Lyndsey,0.997778703318062
Safa,0.997773654916512
Deborah,0.9977719905074433
Marissa,0.9977682446003918
Lena,0.9977622492826842
Elly,0.9977608598298253
Suzanne,0.9977608476011032
Emma,0.9977550231031382
Samone,0.9977426636568849
Susan,0.997741997949855
Maddison,0.997735139523952
Maureen,0.9977312499567692
Candice,0.9977244032063893
Ivonne,0.9977097987894651
Autumn,0.9976997713712151
Alisha,0.9976994134382354
Shawna,0.9976987310145309
Joye,0.9976978417266187
Maggie,0.9976942888679939
Debbie,0.9976894025910561
Lindsy,0.9976830398517146
Shelia,0.9976822367459439
Adrianne,0.9976768585131894
Pamela,0.9976759706092445
Latanya,0.9976704142611161
Shelba,0.9976646426903316
Britney,0.9976640774513115
Renae,0.9976637168141593
Luisa,0.9976605699702255
Brylie,0.9976602714085167
Katrina,0.9976585173889517
Staci,0.9976508359108883
Meghan,0.9976507115135834
Maud,0.9976497346474602
Melanie,0.9976489328299344
Emerie,0.997636306334699
Kathleen,0.9976353916566102
Tami,0.9976318282286075
Desiree,0.9976317772435322
Joanne,0.9976271968437952
Carole,0.9976203567662091
Dina,0.9976197187509788
Tonia,0.997616799316516
Johanna,0.9976138507639377
Kathryn,0.997605935176091
Miriam,0.9976047904191617
Annis,0.9976035604245121
Graciela,0.9975991135188377
Jill,0.9975977329503771
Marsha,0.9975964070594769
Carly,0.9975894175430138
Windy,0.997588908981314
Silvia,0.9975869410929737
Diya,0.9975859987929994
Heidi,0.9975737127571629
Ila,0.9975735026489263
Victoria,0.9975700607103954
Flora,0.997565635836105
Johna,0.9975629569455727
Sabrina,0.9975559938019439
Dulce,0.9975502449755025
Brooklin,0.9975381585425899
Tabitha,0.9975325333784012
Melinda,0.9975231697547423
Susana,0.9975196756498926
Daniela,0.9975172536095881
Elaine,0.9975126178459195
Mikala,0.9975111996017919
Lori,0.9975105647778478
Dominga,0.9975074775672981
Joslyn,0.9974975422289749
Megan,0.9974958547777231
Amethyst,0.9974925917483474
Cora,0.997486425398145
Caitlin,0.9974811083123426
Arlene,0.9974797718530309
Krystal,0.9974762904125601
Josefina,0.9974745652644491
Araya,0.9974741096236424
Bianca,0.9974726855632023
Sheryl,0.9974687389257328
Kristy,0.9974672798019102
Anne,0.9974590982410323
Blanche,0.9974552384430168
Shanell,0.9974543911752227
Brianda,0.9974515800203874
Valerie,0.9974492988332291
Tiara,0.997440308841425
Abigael,0.9974253347064882
Linda,0.9974249068276991
Kristina,0.9974232071945807
Lizzie,0.9974201380984901
Jazmine,0.9974107493134563
Ashleigh,0.997400319478811
Ella,0.997398224670952
Leona,0.9973957871986111
Amber,0.997389904074309
Grace,0.9973772701769449
Chanda,0.9973744666885461
Ada,0.9973712329673863
Marta,0.9973693240306531
Gina,0.9973657957709285
Amy,0.997361413701283
Bobbi,0.9973523084560648
Christiane,0.997348652231551
Janel,0.9973437370299659
Gregoria,0.9973404255319149
Diane,0.9973383284548842
Noelle,0.9973284393439577
Donna,0.9973218001628749
Sierra,0.9973201833034468
Vera,0.9973174808584061
Gwendolyn,0.9973116109343968
Phyllis,0.997306416048936
Glenda,0.9973059360730594
Amanda,0.9973035443999945
Sallie,0.9973033977188742
Maira,0.997299872935197
Ellen,0.9972986986616774
Jurnee,0.9972985141828006
Sheila,0.9972927128855168
Janet,0.997286035713262
Marquita,0.9972826086956522
Peggy,0.9972815441374353
Judith,0.9972761313602662
Catherine,0.9972750005982436
Jillian,0.9972731094960658
Rita,0.9972706734209899
Kaia,0.9972585734236797
April,0.9972554602761822
Marlene,0.9972544070972429
Lucile,0.9972536903535874
Cynthia,0.9972516724834926
Lucy,0.9972512630791904
Joanna,0.9972447821937296
Sonya,0.9972366043637357
Chelsea,0.9972333494874642
Kara,0.9972297536248969
Lottie,0.9972241354121011
Emiko,0.9972129319955407
Misty,0.9972070330913547
Rebecca,0.9972068072023433
Lakeisha,0.9972058366966781
Teresa,0.9972056386135171
Nakiya,0.9972020145495244
Heather,0.9971984598167714
Katherine,0.9971984234988372
Karen,0.9971895678859676
Marisela,0.9971874696925613
Deloris,0.997182369684598
Carla,0.997177729965203
Rhonda,0.9971769419907113
Pinkie,0.9971736896197327
Loretta,0.9971730095622107
Summer,0.9971644506960492
Estelle,0.9971630446419013
Janice,0.9971609591394051
Zola,0.9971562944328994
Marilyn,0.9971534620417101
Judy,0.9971507819723152
Charlene,0.9971494877286193
Demetra,0.9971489665003563
Lorene,0.9971373562344834
Sara,0.9971366032956595
Lola,0.9971360133305561
Billi,0.997134670487106
Barbara,0.9971295426636039
Lisa,0.9971291540388286
Nichole,0.997120771132601
Eliza,0.9971186192774609
Exie,0.9971112181030333
Kavya,0.9971112181030333
Beatriz,0.997108091886288
Ann,0.9971064728880328
Carolina,0.9971056134198129
Mabel,0.9971026402102534
Beulah,0.997099870651508
Maude,0.9970986671320433
Yvette,0.9970984649943841
Carolyn,0.9970978819912829
Alondra,0.9970952380952381
Agnes,0.9970889285378909
Natasha,0.997083832151518
Tracee,0.9970785860356413
Nancy,0.9970758085463839
Abby,0.997064214231262
Darlene,0.9970599116026403
Annette,0.9970585634707773
Karlyn,0.9970526315789474
Margene,0.9970449172576832
Margaret,0.9970419856372408
Babygirl,0.9970326409495549
Julie,0.9970261789912425
Tasha,0.9970242272816597
Brittany,0.9970176918927144
Jane,0.9970154286271236
Sheena,0.9970131954350927
Constance,0.9970124990196149
Sharmaine,0.9970113568439928
Cindy,0.9970112224526583
Katina,0.9970017636684303
Aerial,0.997
Evelyn,0.9969990766389658
Theresa,0.9969977002087806
Carline,0.9969897652016857
Anna,0.9969880011846904
Josephine,0.9969813826546775
Helen,0.99697554722627
Lillian,0.9969753605120509
Elisa,0.9969653240524595
Noemi,0.9969650318891576
Sarah,0.9969619575947876
Edith,0.9969568873937678
Marly,0.9969512195121951
Whittney,0.996947496947497
Felicia,0.9969458462414205
Regina,0.99694086579475
Rayann,0.9969400244798041
Alicia,0.9969368877566493
Alfreda,0.9969346645647224
Sandra,0.9969340315662634
Latonya,0.9969299853372434
Virginia,0.9969299230876202
Emrie,0.9969154842689698
Tara,0.9969153510989417
Tina,0.9969145809939555
Elizabeth,0.9969112477172218
Vida,0.996906796906797
Shanna,0.9968975850520007
Gerri,0.9968881566904632
Rachel,0.9968824305553138
Latonia,0.996875
Jocelyn,0.9968741397224022
Rena,0.9968599218809834
Patricia,0.996855692571249
Sally,0.9968542297725029
Angelita,0.9968435420576693
Delphine,0.9968390804597701
Kaylyn,0.9968386023294509
Dollie,0.9968369198859217
Francie,0.9968354430379747
Angela,0.9968352319471105
Tamara,0.9968309939431707
Anita,0.9968286791263103
Hanna,0.9968231046931408
Kiyomi,0.996822033898305
Manuela,0.9968170243724991
Demi,0.9968100942794358
Olga,0.9968072240586955
Gertrude,0.996802719939657
Laura,0.9967905560962012
Tameka,0.9967896014407642
Kailynn,0.9967873206254015
Brittney,0.9967856189806167
Vertie,0.9967679379444085
Lucille,0.9967671856411318
Susie,0.9967657495200978
Mandy,0.9967585089141004
Paula,0.9967560845620892
Jacqueline,0.9967418470050056
Viola,0.9967411300919843
Maxine,0.9967327341901601
Monserrat,0.996727913415555
Melissa,0.9967252103674983
Jeanette,0.9967236519383534
Jennifer,0.9967229618950318
Vesta,0.9967105263157895
Dorothy,0.9967027034782577
Nicole,0.9967011160804222
Bria,0.9967002639788817
Merida,0.9966799468791501
Ruth,0.9966789315238687
Brienne,0.9966711051930759
Alice,0.9966600572512903
Karla,0.9966247951938831
Sherell,0.9966216216216216
Marcella,0.9966137372443142
Krystle,0.9966109527844104
Jessica,0.9966049394430506
Irma,0.9965931674079682
Merideth,0.9965928449744463
Maritza,0.9965907129293976
Clara,0.9965896198231704
Pauline,0.9965877520110249
Yara,0.9965561773568661
Wanda,0.9965552436846135
Angelica,0.9965531681860645
Christine,0.9965477267009798
Tanya,0.9965448697714495
Emarie,0.9965421853388658
Cristal,0.9965402277159212
Destiny,0.9965350969645869
Dajah,0.9965346534653465
Brenda,0.9965271577898963
Geneva,0.9965257476950753
Diana,0.9965126535043083
Mildred,0.9965047085969154
Zakiyah,0.9965034965034965
Candy,0.9965028851197761
Tiffany,0.9964944915541087
Lashay,0.9964875307341061
Vickie,0.9964865256447406
Edna,0.9964804907047125
Ramona,0.9964803166301506
Temeka,0.9964763918252291
Geraldine,0.9964720475801925
Stephanie,0.996469646723784
Esmeralda,0.9964652514580837
Piper,0.9964574483787906
Mai,0.9964551577454803
Alexandra,0.9964530177920546
Janis,0.9964492694473921
Eva,0.9964490614873037
Vivien,0.9964476021314387
Jeane,0.9964476021314387
Nell,0.9964468293390377
Kendra,0.9964452569571399
Mamie,0.9964434209684642
Crystal,0.9964424243152042
Earline,0.9964421395404933
Mari,0.9964255422270689
Sue,0.9964217261207099
Anabel,0.9964216337797771
Dawn,0.9964210989979078
Patience,0.9964207272431465
Esther,0.9964169127646093
Joann,0.9964167042573874
Lamonica,0.9964028776978417
Ernestine,0.996401982304089
Martha,0.9964016945109124
Tonya,0.9964004071263663
Betty,0.9963977074329261
Kally,0.996395097332372
Rawan,0.9963898916967509
Wendy,0.9963855696433458
Estefani,0.9963735267452403
Chyenne,0.9963689179375453
Alizah,0.9963689179375453
Myrtle,0.9963643265973601
Delores,0.9963630212298064
Janie,0.9963542217055902
Denise,0.9963487284607008
Mary,0.9963479086409078
Brina,0.9963396778916545
Julia,0.9963345789599788
Kahlani,0.9963312368972747
Kehlani,0.9963296896194048
Daenerys,0.9963262307127112
Zoe,0.9963076067095339
Sylvia,0.9962931059118428
Zora,0.9962896109105496
Jaymi,0.9962880475129918
Yasmin,0.9962878752726092
Pa,0.996276991809382
Kylie,0.9962757285088845
Veronica,0.9962746735872571
Casie,0.9962593516209476
Shani,0.9962513781697905
Jennie,0.9962455224524028
Beatrice,0.9962422589509085
Vanessa,0.9962410754191545
Latasha,0.9962407254740313
Clarice,0.9962378022494808
Elois,0.9962292609351433
Cleone,0.9962264150943396
Tammie,0.9962263088231152
Shantae,0.9962240402769037
Earnestine,0.9962189301431847
Margie,0.996212014399985
Irene,0.9962116322533211
Jada,0.996205271115591
Shana,0.9961979744961476
Brandi,0.9961962314334047
Chandra,0.9961955268618861
Penny,0.9961840784648865
Gladys,0.9961784010549556
Morghan,0.9961568024596464
Jonni,0.9961479198767335
Female,0.9961449498843485
Joshlyn,0.9961360123647605
Refugia,0.9961360123647605
Vianney,0.9961330239752514
Dorthy,0.9961289690317523
Kailani,0.9961200206932229
Nellie,0.9961169498739482
Monica,0.9960973944251895
Lacie,0.9960944764738702
Aylin,0.9960740325294447
Norah,0.9960658737419945
Tamika,0.9960610967657227
Patty,0.9960602918893053
Kaiya,0.9960540475905776
Kiara,0.9960498328775448
Yvonne,0.9960484401233346
Lula,0.9960343919985962
Michelle,0.996032225652821
Hala,0.9960294951786727
Kirsten,0.9960248260861413
Theodora,0.9960214355310165
Vernelle,0.996
Kelli,0.9959960625731616
Mable,0.995973254921057
Alta,0.9959676029639841
Elvia,0.9959645925540224
Latoya,0.9959554000874508
Marie,0.9959522913021329
Daisy,0.9959519615692554
Yecenia,0.9959514170040485
Ida,0.9959359083191851
Peri,0.9959216965742251
Alizae,0.9958779884583677
Karina,0.9958761206193969
Christina,0.9958678544421085
Nora,0.995850600276271
Sonia,0.9958417470645426
Gloria,0.9958302626430422
Caris,0.9958298582151793
Tammy,0.9958244092078976
Mckenna,0.9958150384193194
Grisel,0.9958133971291866
Lavette,0.9957983193277311
Adriana,0.9957893420325805
Gaynell,0.9957835558678847
Sherry,0.9957728605520402
Gillian,0.995770881273711
Rose,0.9957663369819859
Journie,0.9957528957528957
Dynasty,0.9957519116397621
Brailey,0.9957228400342173
Andee,0.9957228400342173
Sharon,0.9957214507395168
Florence,0.9957202944578696
Maricela,0.9957147229874502
Kellee,0.995710455764075
Fannie,0.9957033069399162
Bessie,0.9956865269811541
Erma,0.9956853574083139
Ariya,0.9956647398843931
Gabriela,0.9956647229980018
Erika,0.9956504484482895
Ailin,0.9956255468066492
Nevaeh,0.9955992991858188
Erica,0.9955954147579413
Evie,0.995572666025024
Courteney,0.995571302037201
Georgia,0.9955651539116681
Lorraine,0.9955603671362706
Traci,0.9955538593645644
Carrie,0.9955510027067849
Macey,0.9955485729248494
Chanel,0.9955289043185525
Kacie,0.9955227397690676
Memory,0.9955190440627334
Bertha,0.9955118932434115
Kinsley,0.9954761604174557
Roberta,0.9954605350995838
Jayline,0.9954421148587056
Mariko,0.9954372623574145
Norma,0.9954234720735109
Oakleigh,0.9954190245216923
Ensley,0.9954102122776821
Tracye,0.9953917050691244
Shasta,0.9953863898500577
Makiya,0.9953810623556582
Jovie,0.9953778599491565
Petra,0.9953681299688905
Jazmen,0.995366079703429
Blanch,0.9953488372093023
Paityn,0.9953443570396532
Lourdes,0.9953419293863498
Tierra,0.995329597010942
Elda,0.9953291814946619
Naja,0.9953161592505855
Elsie,0.9953048408892187
Juana,0.9952923554271652
Italy,0.9952896844088553
Andreina,0.99528672427337
Lorie,0.995285371050365
Hattie,0.995284594751964
Mossie,0.9952651515151515
Yolanda,0.9952645502645503
Lora,0.9952503576537911
Juanita,0.995249554196307
Monique,0.9952346041055719
Hadlee,0.9951749095295537
Truly,0.9951737451737451
Cydney,0.9951550387596899
Teri,0.9951544244180781
Francisca,0.9951533449864929
Landri,0.9951503394762367
Lorena,0.9951333333333333
Brelynn,0.9951314508276533
Jasmine,0.9951117750874694
Minnie,0.9950815881408153
Blanca,0.9950667554128656
Margarita,0.9950639944438933
Glynis,0.9950592885375494
Millie,0.9950426750847656
Dusti,0.9950413223140496
Addisen,0.9950372208436724
Kasie,0.9950166112956811
Bev,0.9950149551345963
Alexxis,0.9950124688279302
Leticia,0.9950087057457923
Kimberly,0.994970852601139
Stacie,0.9949631137115238
Thelma,0.9949596373763633
Miley,0.9949569661108123
Juna,0.9949545913218971
Alison,0.9949497975639193
Lorrie,0.9949489151647343
Emmer,0.9949215143120961
Danielle,0.994921395530828
Kizzy,0.9949130987706656
Shantell,0.9949079514296906
Yohana,0.99490538573508
Amparo,0.9948872180451128
Jazmin,0.9948699405636285
Kiri,0.9948665297741273
Cristina,0.9948638931689779
Velma,0.9948383248643626
Dora,0.9948307784847602
Jenay,0.9948132780082988
Lovely,0.9948119325551232
Jaliah,0.9948006932409013
Ardys,0.9947862356621481
Haley,0.9947757509857957
Mikki,0.9947519083969466
Deja,0.9947242500460094
Mae,0.9947231389486333
Shaylin,0.9947173798203909
Consuelo,0.9947158290277125
Kaelyn,0.9947154733518077
Cadance,0.9946977730646872
Ethel,0.9946857835794279
Annie,0.994654156968599
Mackenzi,0.994647201946472
Wilma,0.9946452666714012
Kila,0.9946294307196563
Kensey,0.9945945945945946
Leandra,0.9945907473309609
Christyn,0.9945897204688909
Effie,0.9945735386832387
Ana,0.9945689990150098
Reather,0.9945474372955289
Valrie,0.9945295404814004
Lillie,0.994521906100576
Danna,0.9945192032393962
Raegen,0.9945054945054945
Akemi,0.9944994499449945
Mackensie,0.9944994499449945
Courtnee,0.9944987775061125
Imo,0.9944933920704846
Mazzy,0.9944690265486725
Rosie,0.9944656398662334
Raquel,0.994464581199275
Gaile,0.9944629014396457
Itzel,0.9944106925880923
Kiya,0.9943875061005368
Ariell,0.9943757030371203
Kanani,0.9943630214205186
Alberta,0.9943607428555276
Gabrielle,0.9943565374301756
Joyce,0.9943495541948651
Fabiola,0.9943460635801152
Channa,0.9943052391799544
Shantel,0.9942779555814178
Anaiah,0.9942748091603053
Toya,0.9942384769539078
Taelynn,0.9942163100057837
Tierney,0.9941977800201817
Rasheeda,0.9941961694718514
Wynell,0.9941916747337851
Hope,0.9941885670637296
Eureka,0.9941860465116279
Kami,0.9941775836972343
Adrienne,0.9941719847306
Mattie,0.9941613707305024
Olive,0.9941094993835523
Ashlee,0.9941032614906407
Claudia,0.9941018059338936
Raelyn,0.9941006816990037
Mavis,0.9940286624203821
Thu,0.994026284348865
Dayna,0.994011563876652
Divya,0.9939894815927873
Octavia,0.9939878892733564
Asia,0.9939877300613497
Chimere,0.9939686369119421
Keiko,0.9939655172413793
Manon,0.9939613526570048
Paola,0.9939497996893141
Macel,0.9939467312348669
Esta,0.9939421135292797
Marine,0.9939393939393939
Sable,0.9939283545840923
Kadynce,0.993920972644377
Jamilah,0.9939140357550399
Sanai,0.9939039258717386
Desha,0.9938875305623472
Arla,0.9938848920863309
Kimberley,0.9938571727310749
Alani,0.9938430866658848
Rogene,0.9938347718865598
Altha,0.9937979917306556
Terri,0.9937826935765838
Lundyn,0.9937629937629938
Soleil,0.9937460913070669
Dolores,0.9937189709643448
Lanie,0.9936982355059417
Danyelle,0.9936206896551724
Avie,0.9936046511627907
Raelin,0.993581514762516
Hassie,0.993581514762516
Amariah,0.9935772130689752
Danelle,0.993570929419986
Alaska,0.9935483870967742
Jonelle,0.9935404490925869
Asha,0.9935282303057353
Marshay,0.9935064935064936
Louise,0.993504457551216
Azuri,0.993485342019544
Jenny,0.9934637698382688
Leondra,0.9934469200524246
Zhavia,0.9934272300469483
Belen,0.993427073799817
Rosa,0.993415143485876
Zelma,0.9933802234174597
Tracie,0.993354671543972
Griselda,0.9933231173380035
Andria,0.9933199732798931
Makenzie,0.9932968109745234
Karin,0.9932811140121846
Sharay,0.9932795698924731
Ariah,0.9932659932659933
Whitlee,0.9932356257046223
Kassey,0.9932065217391305
Tennie,0.9932045779685265
Zettie,0.9931880108991825
Jessamyn,0.9931693989071039
Tennille,0.9931631722880584
Mardi,0.9931350114416476
Alaijah,0.9931318681318682
Railyn,0.993127147766323
Manar,0.9931224209078404
Araceli,0.9931130851382374
December,0.9931120851596744
Kellie,0.9930707798308801
Albany,0.9930458970792768
Doris,0.993040972589033
Eula,0.9930084656530346
Sheril,0.9929478138222849
Cammie,0.992936427850656
Hally,0.9929278642149929
Joslin,0.9929128277817151
Koryn,0.9928909952606635
Makiyah,0.9928795215038451
Oaklie,0.9928263988522238
Stori,0.9928263988522238
Leandrea,0.9928263988522238
Faye,0.9928132413946197
Luellen,0.9928057553956835
Shauntae,0.9927953890489913
Diondra,0.9927849927849928
Envy,0.9927641099855282
Keandra,0.9927641099855282
Jaya,0.9927272727272727
Willow,0.9927215241984619
Jasmaine,0.9927184466019418
Malika,0.992708122341503
Ravyn,0.9926979246733282
Josie,0.992684399791375
Lynne,0.9926614324627464
Birdie,0.9926317252884749
Mulan,0.992603550295858
Nyia,0.992603550295858
Keeley,0.9925813777441332
Maribel,0.992578328719862
Helon,0.992548435171386
Jaylene,0.9925321119187493
Holly,0.9925226479821825
Baylie,0.9925050446814644
Aria,0.9924922094196711
Audra,0.9924861792416102
Maria,0.9924710659469063
Nichol,0.9924709103353867
Precious,0.9924572835958746
Verna,0.992455378955537
Jubilee,0.9924475524475525
Tomiko,0.9924324324324324
Rosio,0.9923786602486964
Nirvana,0.9923566878980892
Timi,0.9923547400611621
Nira,0.9923371647509579
Columbia,0.9923312883435583
Iris,0.9923186979330499
Mazikeen,0.992280701754386
Toriana,0.9922720247295209
Meena,0.9922680412371134
Jasey,0.9922360248447205
Shalimar,0.9922360248447205
Sunshine,0.9921314915194964
Lois,0.9921186142592272
Yesenia,0.9920852973054722
Mercedes,0.9920510113957045
Danya,0.9920438957475994
Gerrie,0.9920174165457184
Cailin,0.9919700214132763
Billee,0.9919224555735057
Moriah,0.9918680822227242
Vicky,0.9918438467384655
Carrigan,0.9918300653594772
Cady,0.9918166939443536
Dyamond,0.9917830731306492
Cassie,0.9917817576365616
Ruby,0.9917596005041561
Adyson,0.9917535774921173
Nikkia,0.9917412250516173
Rema,0.9917287014061208
Chante,0.9917272499373276
Ailen,0.9917218543046358
Racine,0.9916943521594684
Jalah,0.9916943521594684
Trang,0.9916926272066459
Odessa,0.9916873583072439
Jossie,0.9916870415647921
Cari,0.9916757429593901
Alla,0.9916457811194653
Frances,0.9916347920619729
Samora,0.9915540540540541
Rochelle,0.9915341904701586
Kayci,0.9915151515151515
Mitra,0.9914821124361158
Luise,0.9914675767918089
Winnie,0.9914568345323741
Wendolyn,0.9914383561643836
Omie,0.9914310197086547
Lu,0.9914110429447853
Renee,0.9913927970739782
Journi,0.991373869135283
Eisley,0.991304347826087
Rubie,0.9912862284523584
Ladean,0.9912739965095986
Kyah,0.9912280701754386
Allure,0.9911971830985915
Monzerrat,0.9911347517730497
Kalynn,0.9910955207771182
Oaklynn,0.9910831897861992
Aisa,0.9910233393177738
Tama,0.9910096818810512
Marisol,0.9909806728704367
Gwen,0.9909610772920125
Kristin,0.9909464747628839
Paige,0.9909296589959439
Rolanda,0.9909277143693298
Nitya,0.9909255898366606
Cristy,0.9909200968523002
Era,0.9909152086137282
Santa,0.9909028883329543
Nelly,0.9908960853166862
Shontell,0.9908814589665653
Dela,0.9908424908424909
Islah,0.9908424908424909
Dona,0.9908025437536133
Glady,0.990791896869245
Callie,0.990776938001332
Symphony,0.990764331210191
Zakia,0.9907514450867052
Kailyn,0.9907238229093465
Riane,0.9907235621521335
Cecile,0.9907232017096508
Nakita,0.9907223326706428
Rylinn,0.9907063197026023
Kamea,0.9906890130353817
Kerri,0.9906849755079098
Denelle,0.9906687402799378
Dea,0.9906593406593407
Maheen,0.9905956112852664
Aniston,0.9905845429580228
Marian,0.9905575319583162
Korri,0.9905511811023622
Avrie,0.9905482041587902
Audrey,0.990427180530036
Hazel,0.990420078712512
Alizay,0.9904122722914669
Ceola,0.9903890160183066
Avneet,0.9903660886319846
Vessie,0.9903474903474904
Darice,0.9903417533432393
Dunia,0.9903225806451613
Renie,0.9903225806451613
Tyra,0.9902965325371514
Patsey,0.990234375
Opal,0.9902328871476765
Ressie,0.9902227050516024
Avielle,0.9901960784313726
Alejandra,0.9901949901949902
Brylynn,0.9901574803149606
Kristen,0.990151552885029
Kylee,0.9901432982345024
Kerrin,0.9901380670611439
Ruther,0.9901153212520593
Courtny,0.9900793650793651
Tani,0.9900695134061569
Ashanta,0.9900497512437811
Tela,0.99
Keri,0.9899604596564933
Sequoya,0.9899598393574297
Rowynn,0.9899598393574297
Journee,0.9899432848038355
Ashly,0.9899356541824781
Blondell,0.9899328859060402
Zariah,0.9899257298330759
Paetyn,0.9899175068744271
Liberty,0.9898710865561694
Venus,0.9898584195200322
Brooke,0.9898517605316174
Vergie,0.9898466191402031
Jo,0.9897935488151449
Pinkey,0.9897435897435898
Marchell,0.9897260273972602
Mayra,0.9896938013442867
Dalani,0.9896907216494846
Katye,0.989648033126294
Ronda,0.9896467195385724
Juliann,0.9896428097198248
Jaymee,0.9896349707075259
Isra,0.9896278218425869
Alis,0.9896049896049897
Jaimee,0.9895788102475033
Claire,0.9895358056812409
Carol,0.9895141575832168
Jasia,0.989492119089317
Jorie,0.9894815927873779
Yolando,0.9894291754756871
Ashely,0.9893697798025817
Rya,0.9893557422969188
Taylar,0.989344909234412
Jomarie,0.9893390191897654
Brystol,0.989329268292683
Loretto,0.9892818863879957
Kaida,0.9892802450229708
Aja,0.9892331618614667
Amara,0.9892166071764043
Dodi,0.9892008639308856
Shauntel,0.9891657638136512
Eartha,0.989159891598916
Roxie,0.9890725090165258
Eather,0.9890710382513661
Metztli,0.9890350877192983
Raegan,0.9890335020486865
Idell,0.9890268553277505
Silva,0.9890230515916575
Bonney,0.9889380530973452
Izamar,0.9889240506329114
Keli,0.9888585720782174
Kelcie,0.9888487040385775
Lexani,0.9888392857142857
Romee,0.9888392857142857
Brilynn,0.9888268156424581
Navie,0.9887850467289719
Sade,0.9887
Vivian,0.9886619021440352
Karna,0.9886578449905482
Lien,0.9885714285714285
Michaele,0.9885683179096353
Brixley,0.988558352402746
Brinley,0.9885214747244394
Ona,0.9885129229616682
Goldie,0.9885009733939001
Ebony,0.9884605630230788
Sharell,0.9884225759768451
Laurie,0.9883954341913032
Maryon,0.9883720930232558
Rondi,0.9883720930232558
Marcy,0.9883615202764139
Cherry,0.9883501798869282
Lorane,0.9883177570093458
Simi,0.9883040935672515
Ellie,0.9882757387278183
Shontae,0.9882629107981221
Sari,0.9882352941176471
Julienne,0.9881918819188192
Selma,0.9881728749861832
Easter,0.9881699229252554
Jodi,0.9881537163838444
Kala,0.9881473846946663
Anais,0.9881348414282546
Dustie,0.9881337648327939
Kenzi,0.9881138567406944
Sahar,0.988109881098811
Danai,0.9880952380952381
Ersie,0.9880952380952381
Iridian,0.9880952380952381
Valery,0.9880827199439187
Allison,0.988078440676273
Meridith,0.9880774962742176
Lilo,0.9880382775119617
Kerrie,0.9880294659300184
Juniper,0.9880217972444992
Landree,0.9880174291938998
Kelsy,0.9880147510755992
Evone,0.9879518072289156
Ashlen,0.9879406307977736
Flor,0.9879201680672269
Jodee,0.9879173290937997
Tasnim,0.9879081015719468
Beverly,0.9879042682369531
Lauren,0.9878946766122572
Braylee,0.9878644368802723
Bonnie,0.9878374307061942
Fynlee,0.9878345498783455
Tommi,0.9877777777777778
Michele,0.9877760130247621
Renay,0.9877551020408163
Ammie,0.9877253548139624
Briann,0.9877225291589933
Micki,0.9877186453293636
Maranatha,0.9877149877149877
Quinlyn,0.9876543209876543
Ryleigh,0.9876265466816648
Shelva,0.9876215738284704
Avani,0.9876074860900355
Clea,0.9875776397515528
Oriah,0.9875621890547264
Reygan,0.9874686716791979
Nicol,0.9874495741819812
Rorie,0.9874396135265701
Elner,0.9874371859296482
Ariann,0.9874213836477987
Nami,0.9873663751214772
Kamara,0.9873479318734794
Aurie,0.9873417721518988
Vada,0.9873289010559249
Demetria,0.9872709217297102
Kaidance,0.9872611464968153
Makena,0.9872476089266737
Shree,0.9872298624754421
Elli,0.9872262773722628
Iza,0.9872068230277186
Maahi,0.9871244635193133
Alexus,0.9871176377034406
Brookie,0.9870848708487084
Jasmin,0.9870529532015915
Rileigh,0.9870365569095152
Nance,0.9870298313878081
Charli,0.987006051975792
Lavonne,0.9869740080437001
Emsley,0.9869281045751634
Avalon,0.9868900218499636
Lexis,0.986873508353222
Brynn,0.9868179656179928
Gabby,0.9867986798679867
Soriya,0.9867724867724867
Daylee,0.9867549668874173
Yuli,0.9866666666666667
Andrea,0.9866408058617825
Alma,0.9866124385697339
Tatumn,0.9865591397849462
Francies,0.9865284974093265
Emonie,0.9865255052935515
Haevyn,0.9865229110512129
Shauntay,0.9865168539325843
Kilynn,0.9864559819413092
Sonnet,0.9864130434782609
Metzli,0.9863945578231292
Muriel,0.9862984140684
Shirley,0.9862732952283496
Charis,0.9862195682131374
Tamiko,0.9861978310877424
Inez,0.9861896429552718
Wesleigh,0.9861878453038674
Isabel,0.9861814936391002
Cena,0.9861751152073732
Zari,0.9861207494795281
Selah,0.9860842120364393
Fern,0.9860811450823554
Shya,0.9860724233983287
Aradhya,0.9860724233983287
Kearston,0.986046511627907
Talynn,0.9860335195530726
May,0.9859961935289993
Larie,0.9859550561797753
Kaili,0.9859251630621353
Hartlee,0.9859154929577465
Hessie,0.9858906525573192
Shian,0.9858823529411764
Sherl,0.9858757062146892
Edie,0.9858632267185015
Delois,0.9858501507770819
Jamye,0.9858323494687131
Aldene,0.9857954545454546
Seraphine,0.9857954545454546
Heaven,0.9857705417121678
Ryelle,0.9857549857549858
Emersyn,0.9857450769080043
Bailee,0.9857178034966757
Toccara,0.9857142857142858
Lakelyn,0.9856755710414247
Blaire,0.9856749311294766
Sophea,0.9856733524355301
Joplin,0.985632183908046
Emree,0.9855907780979827
Taeler,0.9855491329479769
Marlei,0.985545335085414
Ayat,0.9855436832181018
Eunice,0.9855348306052532
Normani,0.9855072463768116
Iva,0.9854788877445932
Zera,0.9854651162790697
Marvine,0.9854545454545455
Brooklyn,0.9854169173384671
Alba,0.9854054054054054
Jacqui,0.9853768278965129
Taja,0.9853403141361257
Xavia,0.9853333333333333
Meher,0.98531211750306
Abbie,0.9852882171994115
Shawntel,0.9852430555555556
Marlee,0.9852347444918675
Addy,0.9852249832102082
Hasel,0.9852216748768473
Infinity,0.9852216748768473
Darling,0.9851924975320829
Rox,0.9850746268656716
Romayne,0.9850220264317181
Kari,0.9849954556721474
Sharmon,0.9849462365591398
Tiney,0.9849397590361446
Azariya,0.9849397590361446
Kierston,0.9849187935034803
Raylynn,0.9848812095032398
Keondra,0.9848754448398577
Altie,0.9848484848484849
Dyani,0.984779299847793
Jancy,0.9847560975609756
Janan,0.9847328244274809
Jayleen,0.984720515970516
Ikea,0.9847198641765704
Joan,0.9847098682661699
Toni,0.9847054194944428
Leni,0.9847025495750709
Jaylee,0.9846920612317551
Kendyll,0.9846743295019157
Soni,0.9846625766871165
Tere,0.9846547314578005
Carlyn,0.9846365512497134
Karis,0.9845971563981043
Nasiyah,0.9845758354755784
Bellamie,0.9845679012345679
Merari,0.9845588235294118
Lorrain,0.9845201238390093
Alessi,0.9844827586206897
Tannis,0.984472049689441
Cherron,0.984472049689441
Thuy,0.9844464775846294
Zeriah,0.9844236760124611
Addie,0.9843576392671184
Natori,0.9843342036553525
Parys,0.9842767295597484
Farah,0.9842240824211204
Eunique,0.9842022116903634
Ame,0.9841688654353562
Evynn,0.9841269841269841
Shantrell,0.9841269841269841
Mieko,0.9841269841269841
Mariel,0.9841052343107701
Ferol,0.9840764331210191
Dot,0.9840695148443157
Darlyn,0.9840193704600484
Rayvin,0.984
Quincie,0.9839743589743589
Chestine,0.9839743589743589
Oliva,0.9839276745354093
Gola,0.9839228295819936
Marcedes,0.9839228295819936
Mithra,0.9839228295819936
Zailynn,0.9838709677419355
Clover,0.983852140077821
Kaci,0.9838357794525981
Hilliary,0.9837662337662337
Lauri,0.9837174125811905
Ardath,0.983679525222552
Areli,0.9836691086691086
Hazell,0.9836512261580381
Jeri,0.9836151071319919
Novie,0.9836065573770492
Ree,0.9836065573770492
Jaelynn,0.9835855894265615
Ronni,0.9834345665378245
Dixie,0.9833779094184478
Cali,0.9832758620689656
Marche,0.9832535885167464
Terrie,0.9831555865643377
Macy,0.9831358249772105
Aerin,0.9831223628691983
Brya,0.9830028328611898
Dallie,0.9829931972789115
Palak,0.9829931972789115
Rhema,0.9829787234042553
Nara,0.9829488465396189
Dellie,0.9829457364341085
Lorel,0.9829351535836177
Brilee,0.9828869047619048
Lyann,0.9828178694158075
June,0.9828074834037417
Milagro,0.9827956989247312
Eun,0.9827586206896551
Tamu,0.9827586206896551
Shawntae,0.9827387802071347
Coral,0.982732121869632
Hazle,0.9826892109500805
Preslee,0.9826780313445147
Shontay,0.9826689774696707
Kelsie,0.9826213983477735
Carin,0.9825935596170583
Dorcus,0.9825783972125436
Leightyn,0.9824561403508771
Pang,0.9824281150159745
Sloane,0.9824271422357547
Jerri,0.9823182711198428
Tyria,0.9823008849557522
Florentine,0.9823008849557522
Star,0.9822307599951975
Wrenley,0.9822207855180216
Kinley,0.9822092672630415
Kharis,0.9822064056939501
Jasmen,0.982200647249191
Miami,0.9821958456973294
Taraji,0.9821364773133262
Mackinzie,0.9821215733015495
Kenna,0.9821069112055468
Najah,0.9819532908704883
Andersyn,0.9819494584837545
Arha,0.9819494584837545
Rilynn,0.9819344080044469
Ashley,0.9818766278649278
Brette,0.9818481848184818
Lea,0.9818394844756884
Suad,0.9818181818181818
Gaby,0.9817799579537492
Caro,0.9817518248175182
Hikari,0.9817518248175182
Joy,0.9817448346020275
Camille,0.9816752199897096
Kelle,0.9816631130063966
Bernice,0.9816546898332588
Wrenly,0.981640146878825
Delona,0.9816176470588235
Aubre,0.981549815498155
Anani,0.9815384615384616
Ember,0.9815280877534546
Oma,0.981490949994887
Mallory,0.9814543186148061
Courtlyn,0.9814385150812065
Madison,0.981422419911986
Luciel,0.981418918918919
Shahad,0.9814126394052045
Kalee,0.981261078754115
Tarryn,0.98125
Christie,0.981144149140395
Ula,0.9811435523114356
Spirit,0.9811320754716981
Elyn,0.9810017271157168
Odalis,0.9809985096870343
Deari,0.9809885931558935
Jailynn,0.9809606231068801
Cidney,0.9809417040358744
Raylee,0.9809330628803246
Jahara,0.9809160305343512
Robyn,0.9808978477103797
Jordynn,0.9808473592571096
Zellie,0.9808429118773946
Kalis,0.9808429118773946
Leslee,0.9808038392321535
Getsemani,0.9807692307692307
Simone,0.9807595482989283
Londyn,0.9807421150278293
Bronte,0.98068669527897
Loraine,0.9806807204954827
Akera,0.9806201550387597
Weslynn,0.9805825242718447
Tinsley,0.9805696621770811
Christy,0.9805074626865672
Olean,0.9804597701149426
Sola,0.9803921568627451
Topaz,0.9803921568627451
Mercy,0.9803231939163498
Dashae,0.9803149606299213
Marka,0.9803149606299213
Kadance,0.9802325581395349
Averie,0.9802315093205051
Lossie,0.9802143446001649
Aggie,0.9801849405548216
Capri,0.9801732755748084
Roshell,0.9801652892561984
Malu,0.9801587301587301
Kassidy,0.9801518892978615
Tari,0.9801295896328294
Mckinsey,0.9800362976406534
Sylva,0.9800221975582686
Norie,0.98
Shelvie,0.98
Eddye,0.98
Dezire,0.98
Kamalani,0.98
Rori,0.9799373040752352
Glory,0.9799303706737661
Saumya,0.9799196787148594
Avree,0.9798534798534798
Dezzie,0.979757085020243
Dorie,0.9796839729119639
Lether,0.9796747967479674
Makia,0.9796067006554989
Elienai,0.9795918367346939
Adna,0.9795221843003413
Kana,0.979498861047836
Jinan,0.9794238683127572
Jurney,0.9794238683127572
Ola,0.9793793992267275
Maryan,0.979375
Ainsley,0.9793712678280609
Rhea,0.9792777693128143
Corda,0.9792746113989638
Braelynn,0.9791731106299618
Davene,0.9790794979079498
Lovette,0.9790356394129979
Courtnay,0.9790356394129979
Sunnie,0.9790015847860539
Mishal,0.9789915966386554
Mertis,0.9789915966386554
Temari,0.9789915966386554
Gwynne,0.9789768745620182
Deziah,0.9789029535864979
Brandy,0.9788876735999412
Kayani,0.9787985865724381
Starlyn,0.9786666666666667
Emlyn,0.9785867237687366
Nealie,0.978562421185372
Sharron,0.9785208405898062
Teighan,0.978448275862069
Jordis,0.9784172661870504
Rielyn,0.9783549783549783
Cannie,0.9782608695652174
Dareen,0.9782608695652174
Elma,0.9781960996749729
Laquinta,0.9781553398058253
Nikki,0.978125
Consepcion,0.9781021897810219
Eryn,0.97809928324927
Kensly,0.9780701754385965
Mozel,0.9780701754385965
Mabrey,0.9780701754385965
Frankye,0.9779411764705882
Areen,0.9778761061946902
Jady,0.9778761061946902
Desire,0.9778481012658228
Berklee,0.9778325123152709
Patrice,0.9778185887686878
Kiki,0.9777580071174378
Angeles,0.9777199074074074
Deva,0.9776876267748479
Wynter,0.9776221054679899
Embree,0.9775784753363229
Adraine,0.9775784753363229
Kenzie,0.9775286126360845
Kyndle,0.9775280898876404
Floyce,0.9773156899810964
Azzie,0.977296181630547
Kasi,0.9772824689241321
Nija,0.9772182254196643
Joni,0.9771891597439738
Bradleigh,0.9771784232365145
Brexlee,0.9771689497716894
Zakeria,0.9771689497716894
Jewels,0.9771615008156607
Ardith,0.9770658263305322
Treasure,0.9769981412639405
Miracle,0.976977540207249
Odelle,0.9769585253456221
Katlin,0.9769273026918147
Clemie,0.9768518518518519
Kiani,0.9768339768339769
Celestine,0.9767814251401121
Pariss,0.9767441860465116
Ynez,0.9767441860465116
Dennise,0.9767115600448933
Kamry,0.9766734279918864
Klover,0.9766606822262118
Zavia,0.9766536964980544
Carlee,0.9766383495145631
Gem,0.9766355140186916
Nolie,0.9765886287625418
Kameko,0.9765258215962441
Nairobi,0.9765100671140939
Vickey,0.9764587186816882
Masa,0.9764243614931237
Jamaica,0.9764181007010835
Shelley,0.9764147135591852
Iyah,0.976303317535545
Carley,0.9762580346285251
Riah,0.9761526232114467
Ebba,0.9761129207383279
Andera,0.9760956175298805
Zaya,0.9760033098882913
Karmon,0.9759615384615384
Shontel,0.9759493670886076
Nautica,0.9759194395796847
Winifred,0.9759120113252749
Laney,0.9758880516684607
Pearl,0.9758879113717823
Gayl,0.9758842443729904
Keona,0.975859987929994
Jeree,0.9758454106280193
Lyne,0.9758454106280193
Ansley,0.9758232596915382
Charlee,0.9758000738124111
Dove,0.9757942511346445
Joanny,0.9757281553398058
Tristine,0.9757281553398058
Malan,0.975609756097561
Patt,0.975609756097561
Vola,0.9755043227665706
Sunni,0.9754746835443038
Brinn,0.9754500818330606
Delta,0.9754377984989766
Winsley,0.9754098360655737
Charo,0.9754098360655737
Aeryn,0.9754028837998303
Kendelle,0.9753694581280788
Lani,0.9753502155172413
Shamaine,0.9752475247524752
Jarah,0.9752252252252253
Blakelee,0.975187969924812
Glee,0.9750312109862672
Khalani,0.974989749897499
Adriene,0.9749794913863823
Ragen,0.9749163879598662
Kia,0.9748621264588945
Clydie,0.9748571428571429
Elva,0.9748390871854886
Jariyah,0.9748322147651006
Neriah,0.9748073503260225
Oceane,0.9747474747474747
Axelle,0.9747474747474747
Shirly,0.9747427502338635
Shelly,0.9747078117060101
Connie,0.9745802656338491
Keala,0.9745370370370371
Lexie,0.974441643707134
Lorien,0.9744408945686901
Laurell,0.9744245524296675
Remedy,0.9743589743589743
Kaloni,0.9742424242424242
Reighn,0.9742268041237113
Tora,0.974180734856008
Aury,0.9739583333333334
Brenley,0.9738878143133463
Trenity,0.9738636363636364
Henlee,0.9737827715355806
Kyann,0.973753280839895
Blessen,0.9736842105263158
Roxy,0.9735761929194459
Delaney,0.9735194249680292
Lacey,0.9734218057859526
Verbie,0.973404255319149
Shandel,0.9733333333333334
Deanie,0.9732977303070761
Kendyl,0.9732846434749183
Eathel,0.9732142857142857
Sharman,0.9731285988483686
Amanie,0.9731182795698925
Stevee,0.9731051344743277
Aviance,0.9730290456431535
Shanta,0.972972972972973
Dessie,0.9729591401518383
Steely,0.9728260869565217
Emmory,0.9728260869565217
Lucero,0.97281702782408
Jaylani,0.9728078215704247
Iyari,0.9727272727272728
Ai,0.9727047146401985
Kali,0.972669850562317
Opha,0.9726651480637813
Cristin,0.9726589200273411
Hinata,0.9724770642201835
Reiko,0.972463768115942
Alcie,0.9724517906336089
Cimani,0.9723756906077348
Chizaram,0.9722921914357683
Saher,0.9722222222222222
Diavian,0.9722222222222222
Taryn,0.9722169578895501
Loni,0.972035214914552
Rayleigh,0.9720327421555253
Janai,0.9720190779014308
Elice,0.9718875502008032
Azaria,0.9717237629146275
Vy,0.9716257668711656
Verneal,0.9715909090909091
Suttyn,0.9715189873417721
Aspyn,0.9715122470713525
Amyri,0.9714285714285714
Elaijah,0.9714285714285714
Tonee,0.9714285714285714
Ayaat,0.9713261648745519
Brinkley,0.9712339137017411
Kenlee,0.9711581793600721
Brailynn,0.9711538461538461
Kiva,0.9711191335740073
Jaid,0.9710982658959537
Erin,0.9709704853808531
Kyndal,0.970969089390142
Haddy,0.9709302325581395
Kairy,0.970873786407767
Clio,0.9707943925233645
Yanel,0.9707317073170731
Rinley,0.9707317073170731
Seraiah,0.9706666666666667
Vanna,0.9706467661691542
Remie,0.9706422018348624
Ronique,0.9705014749262537
Elin,0.9704911667637351
Donae,0.9704433497536946
Karn,0.9704142011834319
Ayris,0.9704142011834319
Cheyene,0.9703504043126685
Essie,0.9703282982838397
Bobbye,0.9703273172223922
Johnelle,0.9703196347031964
Virgie,0.970268826775859
Earsie,0.9702380952380952
Shawnee,0.9702085402184707
Darcus,0.9701897018970189
Namiko,0.9701492537313433
Mckell,0.9701149425287356
Baylee,0.9701101679609897
Tabby,0.9700598802395209
Halley,0.9699642431466031
Shaunta,0.9699186991869919
Kenni,0.9698795180722891
Beverley,0.9697555175744965
Montanna,0.9696969696969697
Arnette,0.9696691176470589
Zaia,0.9696428571428571
Terah,0.969632768361582
Kaile,0.9694868238557559
Laikyn,0.9694619486185168
Jazel,0.9693877551020408
Jersei,0.9693877551020408
Kaoir,0.9693396226415094
Kendy,0.9692898272552783
Laikynn,0.969187675070028
Shanay,0.9691780821917808
Stormey,0.9691629955947136
Disney,0.9691358024691358
Jamaria,0.9689807976366323
Jacee,0.9689592209373098
Rocio,0.9689345876175891
Cielo,0.9688801227262765
Theone,0.9688473520249221
Kismet,0.96875
Lavergne,0.9686924493554327
Kaylin,0.9686837054247904
Australia,0.9685714285714285
Niki,0.9684746696035242
Tori,0.9683783075713911
Doha,0.9683544303797469
Ivry,0.9683544303797469
Joelle,0.9682597814808033
Mizuki,0.9682080924855492
Floris,0.9681620839363242
Kenedy,0.9681528662420382
Zayah,0.9680981595092024
Callyn,0.9680284191829485
Starr,0.9679207920792079
Maddyn,0.9677716390423573
Lesly,0.9677646306363927
Billye,0.967741935483871
Kyndall,0.9677271336800245
Ireland,0.967707045735476
Brionne,0.9676724137931034
Jazman,0.9676470588235294
Thyri,0.9676375404530745
Trinity,0.967584755455918
Donni,0.9675675675675676
Camile,0.967551622418879
Sammi,0.9673088149445418
Luz,0.9673058013765978
Delani,0.9672873678912934
Karma,0.9671154842050751
Jonai,0.9671052631578947
Recie,0.9671052631578947
Eavan,0.967032967032967
Peighton,0.9669039145907473
Kena,0.9668071654373024
Alyric,0.9667590027700831
Rashea,0.9666666666666667
Daun,0.9664596273291925
Peni,0.9664429530201343
Tatym,0.9664429530201343
Mckenzy,0.9664429530201343
Sunday,0.9662475181998676
Jone,0.9662447257383966
Mahi,0.9662379421221865
Mina,0.9661845694580267
Hallie,0.9661528320064905
Mao,0.9661016949152542
Samai,0.9661016949152542
Mckenzie,0.9660927749793249
Arti,0.9660377358490566
Caylin,0.9658823529411765
Kelsey,0.965839248823874
Braley,0.9658385093167702
Abi,0.9658385093167702
Chevi,0.9657534246575342
Renarda,0.9657534246575342
Danni,0.9657206044968669
Toi,0.9657179818887451
Jonie,0.9656786271450858
Dharma,0.965625
Adali,0.9656160458452722
Ivie,0.9656040268456376
Dailynn,0.9655963302752294
Shevon,0.9655172413793104
Lennan,0.9655172413793104
Tommye,0.9655172413793104
Saki,0.9655172413793104
Halstyn,0.9655172413793104
Avy,0.9654427645788337
Logann,0.9654088050314465
Ravneet,0.9653465346534653
Remii,0.9652777777777778
Braylinn,0.9652777777777778
Laparis,0.9652777777777778
Ramiah,0.9652650822669104
Judaea,0.965034965034965
Sayani,0.965034965034965
Matia,0.965034965034965
Jasiya,0.9649122807017544
Maayan,0.9649122807017544
Ziyah,0.9648991784914115
Rana,0.964859652881937
Ziya,0.964804469273743
Siren,0.9647887323943662
Chanin,0.9647435897435898
Rosemond,0.9646365422396856
Paiten,0.964622641509434
Kollins,0.9646107178968655
Shyah,0.9645390070921985
Dacie,0.9645390070921985
Ermie,0.9645390070921985
Dian,0.9644268774703557
Jerzee,0.9643605870020965
Airyn,0.9642857142857143
Shante,0.9641791044776119
Vee,0.96415770609319
Radie,0.9640718562874252
Kensley,0.9640489832603079
Rhodie,0.9640287769784173
Amisadai,0.9640287769784173
Villa,0.9639519359145527
Leoni,0.9637681159420289
Elize,0.963718820861678
Tamryn,0.9636803874092009
Hester,0.9636154210989905
Korrie,0.9635479951397327
Kendi,0.9635258358662614
Tesla,0.9635145197319435
Alga,0.9635036496350365
Alexiss,0.9635036496350365
Kinsey,0.9633949621541135
Katori,0.9633507853403142
Aundrea,0.9633380595503342
Isamar,0.9633212414349053
Jaylinn,0.963302752293578
Kaye,0.9632524839275277
Keziah,0.963238419039524
Nickola,0.9632352941176471
Chinelo,0.9632352941176471
Cheyenne,0.9631366650714432
Blessyn,0.9631255487269534
Taria,0.9631205673758865
Rylynn,0.9631187318020058
Randi,0.9630725221857426
Lace,0.9630484988452656
Corri,0.963013698630137
Jerriah,0.9629629629629629
Pearlie,0.962874442319949
Juri,0.9626865671641791
Sadi,0.962589928057554
Saran,0.9625748502994012
Genesis,0.9624442757721213
Rotha,0.9622641509433962
Alley,0.9622302158273381
Trinidy,0.9621993127147767
Hermie,0.9621451104100947
Mirage,0.9621212121212122
Jacole,0.9621212121212122
Seattle,0.9621212121212122
Lindsay,0.9620732688913668
Aeris,0.9619914346895075
Shunta,0.961892247043364
Versie,0.9618659755646057
Donyelle,0.9618320610687023
Kay,0.9618135164931656
Linder,0.9617834394904459
Laurel,0.9617276075639416
Kimber,0.9616534740545295
Cortlyn,0.9616368286445013
Ardine,0.9615384615384616
Cova,0.9615384615384616
Lexus,0.9614426037237942
Jaziyah,0.9614003590664273
Ski,0.9612403100775194
Miki,0.9610874200426439
Andie,0.9610806725864349
Hennessy,0.9610797237915882
Orlean,0.9610619469026549
Jette,0.961038961038961
Dondra,0.9607072691552063
Raelan,0.9606299212598425
Graylyn,0.9606299212598425
Rae,0.9606055605973105
Paytan,0.96045197740113
Kely,0.9603174603174603
Tyne,0.9602649006622517
Suriya,0.96
Zaelynn,0.9598540145985401
Erinn,0.9598427408031451
Emmery,0.9598173515981735
Kelani,0.9596823457544288
Falon,0.9596695821185617
Bonny,0.9596474953617811
Johnni,0.9595588235294118
Kanya,0.959546925566343
Loan,0.9594594594594594
Kaidynce,0.9593679458239278
Shyan,0.959349593495935
Beckley,0.959349593495935
Londin,0.9591836734693877
Kasiyah,0.9591836734693877
Vallie,0.9591311803372392
Johnnye,0.9590443686006825
Shevy,0.9590361445783132
Navil,0.9590163934426229
Jency,0.9590163934426229
Alvine,0.9590163934426229
Ange,0.9590163934426229
Lakyn,0.958846403110823
Mayar,0.9586956521739131
Rehmat,0.9585987261146497
Bellami,0.9585798816568047
Kerrigan,0.9585798816568047
Sheng,0.9585492227979274
Dymond,0.9585040983606558
Mardell,0.9584805653710248
Inari,0.9583333333333334
Kamrynn,0.9583333333333334
Hillary,0.9582658156685075
Oni,0.9581881533101045
Jami,0.9581789779067172
Esra,0.9581320450885669
Jordane,0.9580838323353293
Kayra,0.9580335731414868
Kaedence,0.957983193277311
Tija,0.957983193277311
Damaris,0.957968476357268
Azaya,0.9576271186440678
Arizona,0.9575824785140006
Jimmye,0.9575289575289575
Gail,0.9575139666130311
Ivy,0.9573719491870671
Sharan,0.9573612228479486
Adriane,0.9573208722741433
Sasha,0.9573034272926149
Jaylyne,0.9572649572649573
Shalan,0.9572649572649573
Dionne,0.9572192513368984
Melrose,0.9571788413098237
Marne,0.9571589627959414
Jerzi,0.9571183533447685
Lumi,0.9570957095709571
Elysha,0.9570637119113573
Brylee,0.9569260461443986
Lari,0.9567690557451649
Loise,0.9567251461988304
Averee,0.9567062818336163
Shemaiah,0.9565217391304348
Cay,0.9563492063492064
Darcey,0.9563399907106364
Mykelle,0.956140350877193
Shandale,0.956140350877193
Nhyira,0.956140350877193
Holley,0.9561195956119596
Audre,0.9560439560439561
Dalis,0.9559228650137741
Lonni,0.9559164733178654
Shonta,0.9558998808104887
Hanh,0.9557894736842105
Anner,0.9557603686635945
Renlee,0.9557344064386318
Jayde,0.9555830428426852
Gracyn,0.9554560452510017
Donielle,0.9554140127388535
Odyssey,0.9553450608930988
Kenyetta,0.955291652113168
Linsey,0.9552071668533034
Tomi,0.9551983584131327
Keari,0.9551451187335093
Hadley,0.9550978195294321
Perri,0.9550473186119873
Gustie,0.954954954954955
Lany,0.954954954954955
Simran,0.9549428379287155
Reathel,0.9548872180451128
Zuri,0.9547693416626621
Cristen,0.9546925566343042
Avis,0.9546462630294965
Kyley,0.9545454545454546
Amryn,0.9545454545454546
Esly,0.9544364508393285
Su,0.9544198895027625
Agusta,0.9543726235741445
Lei,0.9542772861356932
Armonee,0.9541984732824428
Amarea,0.9541984732824428
Sri,0.9541284403669725
Tarrie,0.9541284403669725
Modell,0.9540816326530612
Seren,0.9540566959921799
Kaydence,0.9539895804771045
Mayce,0.9539748953974896
Edlin,0.9537953795379538
Adisson,0.9537037037037037
Bloom,0.9537037037037037
Braydee,0.9537037037037037
Jamara,0.9536560247167868
Waverley,0.9535864978902954
Jury,0.9534883720930233
Nicki,0.9534482758620689
Blessin,0.9534450651769087
Floy,0.9534246575342465
Taylyn,0.9532710280373832
Lindsey,0.9531566994700984
Raygan,0.953125
Linzey,0.9530791788856305
Diamon,0.9530075187969925
Tailyn,0.952912019826518
Neima,0.9528301886792453
Zuriah,0.952808988764045
Imani,0.9527732207057839
Navada,0.952755905511811
Shawntay,0.952054794520548
Lynnie,0.9519519519519519
Avynn,0.9519230769230769
Ikhlas,0.9519230769230769
Olivet,0.9519230769230769
Averi,0.9518993586581155
Aiko,0.9518539014941892
Harper,0.9518235353404461
Ngozi,0.9516728624535316
Hiromi,0.9516616314199395
Kahlan,0.9515816655907037
Karsynn,0.9514824797843666
Jani,0.951417004048583
Espyn,0.9513888888888888
Alexcis,0.9513274336283186
Tali,0.9512195121951219
Novi,0.9511400651465798
Kalyn,0.9509904810908155
Chianti,0.9509803921568627
Rasa,0.9509803921568627
Kinshasa,0.9508196721311475
Blythe,0.9507398389211463
Shaunte,0.9507278835386338
Kaori,0.9506172839506173
Arta,0.9505582137161085
Maysun,0.9504950495049505
Linley,0.9504716981132075
Nema,0.9504132231404959
Bell,0.9503437738731857
Michon,0.9503424657534246
Rabab,0.9503105590062112
Rylie,0.9499076251259657
Germani,0.9498607242339833
Dia,0.949849978568367
Laityn,0.9498069498069498
Sydney,0.9497687316644896
Estee,0.9497663551401869
Bristol,0.9496614397719173
Vennie,0.949645390070922
Shavell,0.9495798319327731
Shavontae,0.9494949494949495
Joee,0.9494949494949495
Aizel,0.9494949494949495
Rylei,0.9494423791821561
Pema,0.9493670886075949
Bailyn,0.9493243243243243
Emeri,0.9493013972055888
Caprice,0.9492814877430262
Ami,0.9492429883345743
Fallon,0.949192462987887
Rise,0.9490500863557858
Legacie,0.9490445859872612
Charm,0.9490161001788909
Zyelle,0.9489795918367347
Kamyri,0.9489795918367347
Jettie,0.9488710096029068
Rasha,0.9488243430152143
Danyale,0.9488229273285568
Lawren,0.9487847222222222
Devann,0.9487179487179487
Marti,0.9487123046445081
Toye,0.9486552567237164
Caryl,0.9485876550590345
Lenni,0.9485530546623794
Jean,0.9485465001976354
Camrynn,0.9484978540772532
Oluwadara,0.9484536082474226
Teniola,0.9484536082474226
Varenya,0.9482758620689655
Savi,0.9481132075471698
Jolani,0.9479166666666666
Shaughnessy,0.9479166666666666
Kielyn,0.9479166666666666
Shakti,0.9478672985781991
Rumani,0.9478672985781991
Shaylen,0.9477124183006536
Meredith,0.947691135631958
Emerald,0.9476738161848514
Bona,0.9476439790575916
Ester,0.9476436714067458
Mackenzie,0.9474468272401628
Tyronza,0.9473684210526315
Luxury,0.9473684210526315
Kensington,0.9472131147540983
Makyah,0.947109471094711
Michi,0.9470198675496688
Merci,0.947
Kenzy,0.946985446985447
Jinx,0.9468599033816425
Tijah,0.9468085106382979
Briante,0.9468085106382979
Oyindamola,0.9468085106382979
Saba,0.9466019417475728
Miel,0.9466019417475728
Shakari,0.9465408805031447
Tanny,0.946524064171123
Aziyah,0.946524064171123
Jordann,0.9464123524069028
Kaycee,0.9463109722067194
Rochell,0.9462302746931619
Skylin,0.9459183673469388
Auri,0.9458023379383634
Kiley,0.9457118820210818
Birdell,0.9456521739130435
Akiba,0.9456521739130435
Willer,0.9456521739130435
Jessel,0.9456521739130435
Avo,0.9456521739130435
Brantleigh,0.9456521739130435
Jerney,0.9456521739130435
Keelynn,0.9456521739130435
Vadis,0.9456521739130435
Rayven,0.945617402431222
Jade,0.9455505548299805
Namaari,0.9455445544554455
Tola,0.9454545454545454
Havyn,0.945424013434089
Jalene,0.9453952730236349
Eura,0.9453480806766428
Harlowe,0.9451612903225807
Diore,0.945054945054945
Taylour,0.9448669201520913
Laury,0.9448648648648649
Ether,0.9447470817120622
Henny,0.9446564885496184
Talma,0.9444444444444444
Manhattan,0.9444444444444444
Abimbola,0.9444444444444444
Daurice,0.9444444444444444
Shukri,0.9444444444444444
Thamar,0.9444444444444444
Jenesis,0.9444347370260353
Mali,0.9440993788819876
Allie,0.944081245186366
Kopelyn,0.944
Quinnie,0.9438202247191011
Kouvr,0.9438202247191011
Wonder,0.9438202247191011
Dymon,0.9437340153452686
Kourtney,0.9435538649639995
Dara,0.9435308935693794
Sherill,0.9435185185185185
Sylver,0.9431818181818182
Akia,0.9431680773881499
Nova,0.9431658662726266
Chesney,0.943095324392896
Adore,0.9430199430199431
Kyndel,0.9429735234215886
Veera,0.9428129829984544
Ashlin,0.942719881744272
Yeshia,0.9425287356321839
Deniss,0.9425287356321839
Ines,0.9424574560138448
Caley,0.942454268292683
Cassidy,0.9424042024295296
Jacey,0.9424009461856889
Whitney,0.9421776931036817
Shannan,0.9421427267749589
Ashanti,0.9421263110239191
Hanalei,0.9420289855072463
Harlee,0.9419956405909421
Nekia,0.9419279907084785
Masiya,0.9418604651162791
Kalifa,0.9418604651162791
Kioni,0.941747572815534
Michie,0.941747572815534
Akela,0.9416282642089093
Sande,0.9416058394160584
Maisyn,0.9415584415584416
Aysa,0.9415204678362573
Jadeyn,0.9414965986394558
Jadynn,0.9414802065404475
Kylinn,0.9413919413919414
Amey,0.9413716814159292
Bertie,0.9412934640971127
Jaylynn,0.9411764705882353
Ishi,0.9411764705882353
Rida,0.9407766990291262
Saylor,0.9407145944388416
Randee,0.9405710491367862
Sena,0.9405637254901961
Justine,0.9405618531296205
Shavaughn,0.9405405405405406
Genie,0.9404269972451791
Kylynn,0.940406976744186
Railey,0.9402241594022416
Cher,0.9399235390496996
Meerab,0.9398907103825137
Arwyn,0.9398496240601504
Blakely,0.9398311739301138
Kaya,0.9398307449083977
Sae,0.9397590361445783
Takaya,0.9397590361445783
Keena,0.9396662387676509
Tarahji,0.9396551724137931
Indie,0.9396244354647016
Dyan,0.9395833333333333
Tahja,0.9395161290322581
Winter,0.939489641232946
Shaia,0.9393939393939394
Patsy,0.939333637464802
Tiki,0.9393139841688655
Saia,0.9392523364485982
Promise,0.9392256671294154
Avri,0.9390862944162437
Revy,0.9390243902439024
Acire,0.9390243902439024
Dareth,0.9390243902439024
Snow,0.9389243391066545
Jama,0.9388989715668482
Shawnta,0.938860103626943
Alize,0.9388226925128935
Teagyn,0.9387755102040817
Paytin,0.9387755102040817
Jerrie,0.938348820586133
Rilei,0.9382716049382716
Chudney,0.9382716049382716
Nikia,0.9380820538635791
Angelis,0.9380530973451328
Doll,0.937984496124031
Elliotte,0.9379310344827586
Jonay,0.937888198757764
Corlis,0.9378640776699029
Dari,0.9378453038674033
Bera,0.9378238341968912
Makkah,0.9375
Zonnie,0.9375
Oluwateniola,0.9375
Azzure,0.9375
Glenis,0.9375
Ashlan,0.9373848987108656
Jann,0.9373081981587024
Ople,0.9372937293729373
Sayler,0.9372093023255814
Rozelle,0.9371428571428572
Lessie,0.9370713191716055
Ryann,0.9370177792687018
Okla,0.937007874015748
Jamae,0.9367088607594937
Chiante,0.9367088607594937
Jalyne,0.9363057324840764
Laverle,0.9362745098039216
Moni,0.9361702127659575
Jesi,0.9361344537815126
Matilde,0.9360891234242158
Azul,0.9360701304254864
Indi,0.9360675512665863
Ananda,0.9360230547550432
Sary,0.9358974358974359
Audyn,0.9358974358974359
Ryane,0.9358407079646017
Atha,0.9357142857142857
Hanan,0.9356779268857011
Mickenzie,0.935672514619883
Azie,0.9354838709677419
Nyrie,0.9352941176470588
Shaquilla,0.935251798561151
Ramah,0.935251798561151
Blakley,0.9350993377483444
Bahati,0.935064935064935
Armie,0.935064935064935
Brean,0.935064935064935
Naseeb,0.935064935064935
Daelynn,0.9349593495934959
Leone,0.9348978046934141
Avary,0.9348943460879497
Roma,0.9347950866720238
Yori,0.9347826086956522
Shahed,0.934640522875817
Keerat,0.934640522875817
Chevelle,0.9345675881308648
Dream,0.9344566803768077
Emary,0.9343434343434344
Shavonta,0.9337748344370861
Lotus,0.9334975369458128
Emani,0.9334039654911458
Darasimi,0.9333333333333333
Harumi,0.9333333333333333
Remmi,0.9330708661417323
Toree,0.9330357142857143
Teaghan,0.9328621908127208
October,0.9326103795507359
Malak,0.9324894514767933
Tymber,0.9324546952224053
Magin,0.9324324324324325
Janal,0.9324324324324325
Shaunessy,0.9324324324324325
Anshu,0.9324324324324325
Royalty,0.9324195956032026
Mehar,0.9322314049586777
Sameen,0.9319727891156463
Kirat,0.9318181818181818
Conda,0.9318181818181818
Lear,0.9316888045540797
Ashlon,0.9315068493150684
Taler,0.9315068493150684
Isia,0.9315068493150684
Aleksis,0.9315068493150684
Shawnte,0.9314055144586416
Kendahl,0.9310829817158931
Fran,0.9309956872304519
Raven,0.9306273062730628
Raimi,0.9305555555555556
Skyylar,0.9305555555555556
Shanti,0.9304865938430983
Valley,0.9303621169916435
Skyy,0.9302325581395349
Maesyn,0.9301310043668122
Diamond,0.9301200154858691
Amaris,0.9300749563610227
Nori,0.9300722258699934
Truc,0.9300411522633745
Camber,0.9300341296928327
Emryn,0.9299781181619255
Franki,0.9299416180150125
Deklynn,0.9299363057324841
Kindall,0.9297971918876755
Ashtynn,0.9297297297297298
Shadell,0.9295774647887324
Steph,0.9295774647887324
Kindel,0.9295774647887324
Romi,0.9294265910523
Levonne,0.9293478260869565
Emoni,0.929299572509043
Jaimy,0.9292682926829269
Denni,0.9292452830188679
Kansas,0.9289533995416348
Pepper,0.9289237017696548
Rhemi,0.9288888888888889
Oaklyn,0.9288183851942241
Vesper,0.9286486486486486
Gay,0.9286415035885786
Echo,0.9286412512218963
Raylyn,0.9286321155480034
Antonia,0.9285870158210584
Katriel,0.9285714285714286
Prue,0.9285714285714286
Nanda,0.9285714285714286
Lamani,0.9285714285714286
Skai,0.9285714285714286
Corrin,0.9285378467324871
Jadie,0.9284876905041032
Tiny,0.9283807829181495
Bunnie,0.9280742459396751
Romy,0.9280667951188183
Tanaka,0.9280575539568345
Tailer,0.9278846153846154
Kindle,0.9278350515463918
Aymar,0.9276729559748428
Verlie,0.9276422764227642
Cayenne,0.9276018099547512
Taytem,0.9276018099547512
Shannen,0.9275712216320618
Jodye,0.927536231884058
Nesly,0.927536231884058
Adrine,0.927536231884058
Claris,0.9274952919020716
Gennie,0.9273722627737226
Ilo,0.9270833333333334
Jandy,0.9270833333333334
Verdie,0.926950354609929
Ruah,0.926829268292683
Dashay,0.926829268292683
Carmell,0.926829268292683
Hollie,0.926786254157009
Anjolaoluwa,0.9265734265734266
Jalynn,0.9265679781846513
Laikin,0.9264705882352942
Shonte,0.9264705882352942
Socorro,0.9263285024154589
Jlynn,0.9262672811059908
Blakeley,0.9261939218523878
Jamee,0.9261517615176151
Chika,0.9259259259259259
Kelcy,0.9258902791145333
Dilynn,0.9256505576208178
Cassady,0.9254498714652957
Meryle,0.9254079254079254
Shaolin,0.9253731343283582
Mardie,0.9253731343283582
Graecyn,0.9253731343283582
Gayle,0.9253344191587869
Kiah,0.9252759694310784
Xolani,0.9252232142857143
Bexley,0.9252103459021502
Cordie,0.9251456745853878
Ngoc,0.9251040221914009
Emra,0.925
Rayel,0.925
Kennedy,0.9248776508972267
Mashal,0.924812030075188
Favour,0.9247967479674797
Amary,0.9246575342465754
Nijae,0.9246231155778895
Rylee,0.9244988248306374
Bunny,0.9242886178861789
Yamani,0.9242424242424242
Kyelle,0.9242424242424242
Chavon,0.9242424242424242
Kortney,0.9241607236041051
Acelyn,0.9238653001464129
Arya,0.9238321033826427
Cuba,0.9237012987012987
Kameo,0.9236641221374046
Westlyn,0.9235807860262009
Arly,0.9231651376146789
Joie,0.9231502064147349
Elga,0.9230769230769231
Reecie,0.9230769230769231
Yen,0.9230769230769231
Sabree,0.9228295819935691
Meryl,0.922829006266786
Story,0.922677737415672
Gussie,0.9225779156677478
Jalyric,0.9224806201550387
Michell,0.9223864836325237
Makya,0.9223057644110275
Fable,0.9222614840989399
Mikelle,0.9221435793731041
Kenya,0.922091626942251
Daloni,0.922077922077922
Shawnell,0.9219330855018587
Machel,0.921875
Joany,0.921875
Taelor,0.9216494845360824
Caydence,0.921644685802948
Haiven,0.9215686274509803
Kawena,0.9214659685863874
Valyn,0.9214285714285714
Shamarie,0.920863309352518
Aryel,0.9207119741100324
Jahzel,0.9206349206349206
Monyae,0.9206349206349206
Ilham,0.9205776173285198
Aryam,0.9205020920502092
Carlie,0.92046783625731
Amri,0.919917864476386
Kleo,0.9196675900277008
Bari,0.9195519348268839
Kairi,0.9194435952308163
Maris,0.918739054290718
Zennie,0.9186991869918699
Tajah,0.9186295503211992
Rikki,0.9185059422750425
Jori,0.9183333333333333
Courtney,0.918255336544443
Delayne,0.9182481751824818
Malikah,0.9182083739045764
Alexius,0.9181818181818182
Lynnix,0.9181494661921709
Linnie,0.9181138585393904
Macayle,0.9180327868852459
Taigan,0.9180327868852459
Hensley,0.917963224893918
Sarin,0.917910447761194
Martrice,0.917910447761194
Jora,0.917910447761194
Yury,0.9178743961352657
Shellie,0.9178561561838107
Brin,0.9177777777777778
Amal,0.9176907025272432
Camry,0.9176548089591567
Aylen,0.9175412293853074
Azra,0.9170437405731523
Zyah,0.9169491525423729
Alexys,0.9167217448777264
Christin,0.9166734877629532
Rocki,0.9166666666666666
Mikayle,0.9166666666666666
Alishah,0.9166666666666666
Ofa,0.9166666666666666
Aree,0.9166666666666666
Kiori,0.9166666666666666
Matteson,0.9166666666666666
Emone,0.9166666666666666
Hilary,0.9165939030408868
Kestrel,0.9164086687306502
Jonell,0.9162929745889388
Ling,0.9162790697674419
Addison,0.9160852774027441
Cassey,0.9160346695557963
Camarie,0.916
Tarae,0.9159663865546218
Valjean,0.915948275862069
Junie,0.9157451290152712
Xiao,0.9154929577464789
Cadence,0.9154389005818993
Elba,0.9153367595347579
Ngun,0.9152542372881356
Kaiori,0.9152542372881356
Krymson,0.9152542372881356
Melvine,0.9152542372881356
Trudell,0.9152542372881356
Keyoni,0.915
Marcelle,0.9149008306492626
Dontavia,0.9147286821705426
Baelyn,0.9147286821705426
Barri,0.9147005444646098
Soo,0.9146919431279621
Marchella,0.9146341463414634
Marki,0.914572864321608
Jetty,0.9142857142857143
Asiyah,0.914238592633315
Kili,0.9140625
Alfa,0.9140625
Sherril,0.9138028169014084
Lashane,0.9137931034482759
Alohi,0.9137931034482759
Jole,0.9137931034482759
Shavon,0.9137567377548629
Stacey,0.9135630648184231
Edyn,0.9134762633996937
Jaimie,0.9134762633996937
Berlyn,0.9134328358208955
Senna,0.9134078212290503
Jordyn,0.9132254173430031
Venice,0.913125
Korin,0.9129734085414988
Torie,0.9129587528418318
Saige,0.9127495426708025
Quincee,0.9126760563380282
Mattison,0.912667191188041
Rynn,0.9125964010282777
Journey,0.9124137304758445
Julianni,0.9122807017543859
Tellie,0.9122807017543859
Haram,0.9122807017543859
Ellyott,0.9122807017543859
Ecko,0.912
Konya,0.9117647058823529
Satori,0.911487758945386
Kapri,0.9112388250319284
Quilla,0.9111111111111111
Whitley,0.9109879745343079
Jaelyn,0.9107996382896266
Clare,0.9107962016070125
Emaan,0.9107142857142857
Phung,0.9106145251396648
Jerae,0.9104477611940298
Demetress,0.9104477611940298
Taziyah,0.9104477611940298
Lorian,0.91015625
Deshea,0.9101123595505618
Shaton,0.9099099099099099
Landrey,0.9099099099099099
Ludy,0.9098712446351931
Tannie,0.9098360655737705
Dandra,0.9097744360902256
Bevely,0.9097222222222222
Haeven,0.9096045197740112
Adream,0.9095744680851063
Wynne,0.9094850948509485
Jazzman,0.909433962264151
Lavone,0.9093023255813953
Gwendell,0.9090909090909091
Medley,0.9090909090909091
Unice,0.9090909090909091
Goldyn,0.9090909090909091
Mckenly,0.9090909090909091
Tracey,0.9087900658703394
Ludie,0.9086912411227596
Brazil,0.9082969432314411
Zia,0.9082866411088174
Dore,0.908256880733945
Wilsie,0.9081632653061225
Jermiyah,0.9081081081081082
Darlin,0.9080717488789237
Cori,0.9079855899129391
Benelli,0.9079497907949791
Anari,0.907942238267148
Kesley,0.9078404401650619
Kalle,0.9078212290502793
Alai,0.9076923076923077
Azariyah,0.9076655052264808
Delaine,0.9074215761285387
Jiaqi,0.9074074074074074
Capree,0.9074074074074074
Augusta,0.9071463829320463
Jhream,0.9069767441860465
Raini,0.9068541300527241
Rea,0.9068170671897989
Camara,0.906789413118527
Wakely,0.9065420560747663
Adeola,0.9065217391304348
Shamone,0.9063829787234042
Xuan,0.9063670411985019
Amazing,0.9063545150501672
Thyme,0.90625
Kimmie,0.906025824964132
Emri,0.9058084772370487
Arlynn,0.9057187017001546
Anuoluwa,0.9056603773584906
Rivi,0.9054054054054054
Solstice,0.9053254437869822
Brelyn,0.9049079754601227
Yari,0.9048414023372288
Adley,0.9047915370255134
Geryl,0.9047619047619048
British,0.9046153846153846
Renne,0.9045383411580594
Kori,0.9045163695098466
Darcel,0.9044493070751276
Daylynn,0.9043062200956937
Adie,0.9041916167664671
Peytin,0.9041666666666667
Tsion,0.9041450777202072
Keani,0.9040852575488455
Rhylee,0.9039252336448598
Dani,0.9038984587488668
Davae,0.9038461538461539
Mekka,0.9038461538461539
Aroosh,0.9038461538461539
So,0.9038461538461539
Jalonni,0.9038461538461539
Taygan,0.9038461538461539
Janeil,0.9037656903765691
Jaedynn,0.9036144578313253
Sonni,0.9036144578313253
Averil,0.9035874439461884
Lovie,0.9034642032332564
Tane,0.9034090909090909
Irish,0.9032459425717853
Lue,0.9030548193611382
Mena,0.9029535864978903
Deonne,0.9028925619834711
Mayze,0.9027777777777778
Navneet,0.9027777777777778
Novis,0.9025974025974026
Johanny,0.9025522041763341
Natha,0.9025270758122743
Bayan,0.902376910016978
Lai,0.90234375
Vernice,0.902339398440401
Taelyn,0.9022185702547247
Sinai,0.9020008166598612
Kirie,0.9019607843137255
Karlen,0.901840490797546
Colbie,0.9015311510031679
Laykin,0.9014778325123153
Declynn,0.9013452914798207
Mackenzy,0.9009983361064892
Copelyn,0.9009433962264151
Shalon,0.900839054157132
Khole,0.9008264462809917
Kyndell,0.9007751937984496
Shelby,0.9004527083611472
Jolin,0.9004237288135594
Bentleigh,0.9003267973856209
Lachon,0.9
Cacey,0.9
Fela,0.9
Lesile,0.9
Iria,0.9
Teva,0.9
Christia,0.8998778998778999
Kellyn,0.8998178506375227
Jia,0.8997658079625293
Karman,0.8996960486322189
Oria,0.8993055555555556
Thailyn,0.898989898989899
Karee,0.8989298454221165
Mccall,0.8988673139158576
Hollace,0.8986301369863013
Eastynn,0.8985507246376812
Eniola,0.8984375
Angle,0.8983580922595777
Raahi,0.8983050847457628
Braylynn,0.8981693363844394
Chevon,0.8980582524271845
Keior,0.8979591836734694
Yasani,0.8979591836734694
Locklyn,0.8978723404255319
Donya,0.8978017740069417
Zuma,0.8974358974358975
Torri,0.8974358974358975
Emori,0.8974175035868006
Rani,0.8973256924546322
Luddie,0.8973214285714286
Auriel,0.8972746331236897
Aleksa,0.8970099667774086
Brexley,0.8968531468531469
Brandis,0.8968058968058968
Galaxy,0.8968058968058968
Vonnie,0.8967867575462513
Sheron,0.8967622080679406
Myca,0.8967551622418879
Loice,0.896551724137931
Heli,0.896551724137931
Dalynn,0.8961864406779662
Martine,0.8960132890365449
Braily,0.8958333333333334
Kamorie,0.8958333333333334
Khalyn,0.8958333333333334
Ramsi,0.8958333333333334
Ajee,0.8958333333333334
Soon,0.8958333333333334
Kristan,0.8957996768982229
Blessing,0.8956671696486311
Stormy,0.8953871499176277
Aspen,0.8952793944235231
Tionne,0.8952496954933008
Yilin,0.8952380952380953
Elia,0.8951588348726276
Ronelle,0.8949771689497716
Asyah,0.894927536231884
Ogechukwu,0.8947368421052632
Lou,0.8947147099792373
Ashante,0.894478527607362
Almas,0.8944723618090452
Terre,0.8943436499466382
Lory,0.8942574257425743
Calyn,0.8942189421894219
Kambryn,0.8941798941798942
Tawn,0.8940397350993378
Amadis,0.8939393939393939
Carmen,0.8938750070825543
Mischa,0.8938337801608579
Dreamer,0.8938053097345132
Marciel,0.8936170212765957
Everyn,0.8936170212765957
Niamiah,0.8936170212765957
Hollen,0.8936170212765957
Rotem,0.8936170212765957
Universe,0.8936170212765957
Reagen,0.8935574229691877
Matti,0.8934993084370678
Rilyn,0.8933428775948461
Mallie,0.8933158584534732
Darcy,0.8932714617169374
Tonie,0.8931203931203932
Honore,0.8928571428571429
Skye,0.8927925211097708
Reagan,0.8927839618984328
Quinci,0.8927536231884058
Hargun,0.8927038626609443
Unique,0.8926118872839214
Corliss,0.8925438596491229
Rendy,0.8924050632911392
Deyonce,0.8923076923076924
Colbi,0.8921875
Braelyn,0.8919322709163346
Shy,0.89171974522293
Orlee,0.8913043478260869
Fair,0.8913043478260869
Vivion,0.8913043478260869
Janas,0.8913043478260869
Farrin,0.8913043478260869
Perrie,0.8910891089108911
Justiss,0.8909090909090909
Azaiyah,0.8909090909090909
Aquilla,0.8906955736224029
Hildreth,0.8905191873589164
Afsheen,0.8905109489051095
Bronnie,0.8904109589041096
Audry,0.8903867403314917
Pearly,0.8903531892461781
Skilar,0.8903508771929824
Melek,0.8899835796387521
Santanna,0.8897058823529411
Sequoia,0.8896871378910777
Rilee,0.8890982503364737
Ruey,0.8888888888888888
Trinell,0.8888888888888888
Diem,0.8886107634543179
Quyen,0.8885941644562334
Lumen,0.8884462151394422
Aarya,0.8884095484613173
Emersen,0.8882978723404256
Elvi,0.8881118881118881
Alee,0.8879003558718861
Jasnoor,0.8876404494382022
Jewel,0.887633935281613
Bayle,0.8875502008032129
Bianco,0.8875
Meron,0.8873873873873874
Leigh,0.8873099582956376
Jaymie,0.8871832358674464
Adri,0.886986301369863
Carrey,0.8867924528301887
Vallee,0.8867924528301887
Raygen,0.8867924528301887
Andi,0.8867604899661193
Teja,0.8866459627329193
Chenxi,0.8863636363636364
Ermine,0.8862478777589134
Abiah,0.8861788617886179
Posie,0.8861480075901328
Danyell,0.8860759493670886
Fay,0.8860447740542934
Gwynn,0.885934819897084
Videl,0.8858267716535433
Georgie,0.8858044164037855
Amorie,0.8857142857142857
Dory,0.8857142857142857
Perlie,0.8855799373040752
Osa,0.8855263157894737
Shandell,0.8855218855218855
Elysium,0.8854166666666666
Halcyon,0.8854166666666666
Kacee,0.8851030110935024
Aseel,0.8850837138508372
Trine,0.8850574712643678
Teylor,0.8849104859335039
Umi,0.8848167539267016
Estell,0.8848003345180849
Wrenn,0.8847826086956522
Emrey,0.8847457627118644
Marle,0.8846153846153846
Keyoir,0.8846153846153846
Marnell,0.8844765342960289
Vi,0.8842592592592593
Ikram,0.8840970350404312
Bevin,0.8840579710144928
Cherokee,0.8839131932483638
Chade,0.8838709677419355
Jee,0.8837209302325582
Orra,0.8835616438356164
Noor,0.883453561767358
Sivan,0.8834269662921348
Bliss,0.883419689119171
Ariam,0.8830188679245283
Holy,0.8829787234042553
Chrisley,0.8829787234042553
Ezzie,0.8827160493827161
Legaci,0.8825112107623319
Jodie,0.8824003092185789
Jamisyn,0.8823529411764706
Kym,0.882312925170068
Camani,0.8818897637795275
Chrys,0.8818181818181818
Raye,0.8816247582205029
Caidence,0.8814102564102564
Karrol,0.8813559322033898
Zareth,0.8813559322033898
Semaja,0.8810810810810811
Trillian,0.8809523809523809
Madrid,0.8809523809523809
Domino,0.8806818181818182
Stacy,0.8805082469241927
Virgin,0.8804780876494024
Saidi,0.8804347826086957
Kelley,0.8801207005213804
Erine,0.88
Mckenley,0.8797653958944281
Eddis,0.8796992481203008
Kalei,0.8795454545454545
Jadore,0.8794992175273866
Donie,0.8794848206071757
Amazin,0.8791946308724832
Alyx,0.8790983606557377
Paiton,0.8790322580645161
Delynn,0.8789731051344744
Lorell,0.8789625360230547
Ura,0.8788927335640139
Pilar,0.878743961352657
Krisna,0.8785046728971962
Denell,0.8784067085953878
Charron,0.878345498783455
Monnie,0.8782444549315715
Noell,0.8781163434903048
Odene,0.8780487804878049
Asyiah,0.8780487804878049
Alexix,0.8780487804878049
Iceland,0.8777777777777778
Kalki,0.8775510204081632
Kadence,0.8775401069518717
Nyree,0.8774783934926284
Navy,0.8774284705051218
Lesley,0.8771947786025083
Jhordyn,0.8770491803278688
Kaziah,0.8768971332209107
Misha,0.8766152563568154
Kenlyn,0.8762886597938144
Anel,0.8762306610407876
Chancie,0.8761467889908257
Lashone,0.8761061946902655
Linh,0.8758741258741258
Rhian,0.8758620689655172
Atlantis,0.8758278145695364
Sabre,0.8756388415672913
Gwyn,0.8756239600665557
Eriel,0.8754716981132076
Aryn,0.8754127889522666
Merriel,0.875
Theori,0.875
Seva,0.875
Daney,0.875
Kassiah,0.875
Jobi,0.875
Jaycee,0.8748694883945065
Ora,0.8747881922768216
Eman,0.8747482883608538
Jamiah,0.8744619799139168
Najae,0.8744326777609682
Keyari,0.8741721854304636
Lynnex,0.8734693877551021
Ta,0.8734177215189873
Salome,0.8732813080639168
Cameo,0.8731820826061664
Lark,0.8730916030534351
Remingtyn,0.873015873015873
Tamar,0.8729908151549942
Indra,0.8728260869565218
Mckinnley,0.872791519434629
Perl,0.8727544910179641
Island,0.8727524204702628
Dorey,0.8727272727272727
Sherrel,0.8727272727272727
Adriann,0.8727272727272727
Prayer,0.8727272727272727
Rus,0.872093023255814
Jahnai,0.872
Forever,0.8719512195121951
Nichola,0.8718466195761857
Alchemy,0.8717948717948718
Ya,0.8717948717948718
Gursanjh,0.8717948717948718
Kwanzaa,0.8717948717948718
Armony,0.8717948717948718
Xin,0.8713692946058091
Tyrea,0.8712871287128713
Fendi,0.8711111111111111
Damaria,0.8710280373831776
Legacee,0.8707865168539326
Lerin,0.8705357142857143
Karol,0.8703653585926928
Argie,0.8702222222222222
Armonii,0.8701923076923077
Lurie,0.8699186991869918
Corrie,0.8696626923468868
Alexsis,0.8693259972489684
Carmin,0.8693009118541033
Nazaret,0.8691275167785235
Nijah,0.8688524590163934
Sandy,0.8685535224383982
Dynver,0.8684863523573201
Stevy,0.868421052631579
Diavion,0.868421052631579
Kency,0.868421052631579
Lundin,0.868421052631579
Tamilore,0.868421052631579
Jayoni,0.868421052631579
Kes,0.868421052631579
Glennie,0.8678651685393258
Ysabel,0.8677248677248677
Na,0.867704280155642
Taytum,0.8676576360584992
Jailyn,0.8675862068965517
Shalen,0.8674698795180723
Camryn,0.8674316126816985
Tylynn,0.8674188998589563
Jersey,0.8672487127826282
Karmel,0.8670886075949367
Manaia,0.8670886075949367
Novah,0.8669724770642202
Damie,0.8666666666666667
Sibley,0.8666666666666667
Imisioluwa,0.8666666666666667
Kenyotta,0.8666666666666667
Jaidynn,0.8664495114006515
Imaan,0.8663697104677061
Kayse,0.8662790697674418
Thi,0.8662420382165605
Demaria,0.8662131519274376
Junnie,0.865979381443299
Seena,0.8658536585365854
Ameri,0.865814696485623
Onie,0.8657295201163354
Kristien,0.8655737704918033
Macyn,0.865530303030303
Iniki,0.8653846153846154
Misbah,0.8653846153846154
Daly,0.8651685393258427
Cheron,0.8651226158038147
Kayle,0.8651152768799828
Amiree,0.8650306748466258
Jarrah,0.8648648648648649
Armonni,0.8648648648648649
Machenzie,0.8648648648648649
Shola,0.8648648648648649
Jakaylin,0.8648648648648649
Sifat,0.8648648648648649
Kailin,0.864516129032258
Orean,0.864406779661017
Alie,0.8641571194762684
Maclyn,0.8640776699029126
Kaior,0.8640776699029126
Sherrell,0.8637069233157405
Shandy,0.863582443653618
Jovonne,0.8634146341463415
Shadie,0.8632478632478633
Myka,0.8631083202511773
Yunuen,0.8630952380952381
Mozell,0.8630447085455575
Suman,0.863013698630137
Kiyo,0.8629032258064516
Jewell,0.8628140850851731
Nou,0.8627450980392157
Waver,0.8625
Kenley,0.8623886347218878
Jerzey,0.8623481781376519
Robin,0.8622914941440909
Presley,0.8622830894862198
Harly,0.8620689655172413
Shawntrell,0.8620689655172413
Jazmon,0.8620689655172413
Laurice,0.8613174839029223
Azhari,0.8611111111111112
Beebe,0.8611111111111112
Jingyi,0.8611111111111112
Airin,0.8611111111111112
Onell,0.8611111111111112
Ardis,0.8611111111111112
Wildred,0.8611111111111112
Kimi,0.8609779482262704
Kaidence,0.8607561929595828
Tuyen,0.8602150537634409
Destine,0.8599577762139339
Marley,0.8599458546653443
Carmie,0.8598130841121495
Afton,0.8597277556440903
Jeriyah,0.8592592592592593
Bradlie,0.8589743589743589
Deryn,0.8589743589743589
Rayne,0.8589515770768548
Avanti,0.8589108910891089
Toshi,0.8585858585858586
Marin,0.8584298584298584
Makaiah,0.8582995951417004
Shanan,0.8582949308755761
Brilyn,0.8581560283687943
Chalon,0.8580645161290322
Teghan,0.8578313253012049
Willia,0.8577340920848422
Tailor,0.8576480990274093
Lanell,0.8571428571428571
Maclaine,0.8571428571428571
Mojolaoluwa,0.8571428571428571
Kenari,0.8571428571428571
Jovial,0.8571428571428571
Modie,0.8571428571428571
Mckinly,0.8571428571428571
Samon,0.8571428571428571
Delain,0.8571428571428571
Felice,0.8567921440261865
Alexie,0.856766719325961
Koren,0.8567399887196842
Sham,0.8565737051792829
Io,0.8564814814814815
Eknoor,0.8564102564102564
Wren,0.8563670542365801
Marlen,0.8560250391236307
Wilmoth,0.8557692307692307
Oza,0.8555555555555555
Adell,0.8554100620261889
Jourdyn,0.8553191489361702
Summers,0.8552631578947368
Fatin,0.855072463768116
Marvelle,0.8549323017408124
Lashan,0.8547579298831386
Yamel,0.8547486033519553
Stevey,0.8544303797468354
Mabry,0.8542094455852156
Euri,0.8541666666666666
Beryle,0.8540372670807453
Mickie,0.8539971278123504
Sian,0.8538538538538538
Delma,0.8538531461468538
Jode,0.8538011695906432
Lennyn,0.8536895674300254
Jireth,0.8536585365853658
Eniko,0.8536585365853658
Haylen,0.8536379018612521
Mattingly,0.8535911602209945
Chene,0.8533333333333334
Egypt,0.8533007334963325
Cozy,0.8531468531468531
Shylan,0.8529411764705882
Shamaree,0.8529411764705882
Jaie,0.8529411764705882
Roni,0.8525454545454545
Ha,0.8525252525252526
Jayni,0.8522167487684729
Devynn,0.8521400778210116
Aquila,0.8519774011299435
Kelly,0.8519366570856072
Ka,0.8516902944383861
Deandra,0.8516531071490393
Jimmi,0.8515151515151516
Brylyn,0.8513513513513513
Hildred,0.8509734513274336
Virdell,0.8508771929824561
Farin,0.8508771929824561
Esosa,0.8507462686567164
Amery,0.8507042253521127
Camoni,0.8505747126436781
Harlie,0.8503846153846154
Jing,0.8503401360544217
Azani,0.8502202643171806
Wavie,0.8501628664495114
Chyler,0.8501440922190202
Colbee,0.85
Nor,0.85
Georgi,0.8498985801217038
Shannon,0.8496290720192159
Bryn,0.849571673329526
Autie,0.8493150684931506
Neely,0.849209409949865
Jozy,0.8492063492063492
Jasman,0.8491803278688524
Arrie,0.8489311163895487
Nirel,0.8488372093023255
Kaylan,0.8486078886310905
Sherron,0.8485459257126403
Cheyney,0.8484848484848485
Shayvon,0.8484848484848485
Zalynn,0.8484848484848485
Chozynn,0.8484848484848485
Testimony,0.8484848484848485
Ebby,0.8484848484848485
Bae,0.8484848484848485
Lanel,0.8484848484848485
Joda,0.8482142857142857
Lyriq,0.8479834539813857
Eppie,0.8477508650519031
Sparrow,0.8476357267950964
Hayven,0.847457627118644
Edell,0.8469387755102041
Benni,0.8468468468468469
Aoi,0.8468085106382979
Teal,0.8462765957446808
Martie,0.8462073764787752
Sukhpreet,0.8461538461538461
Deaundrea,0.8461538461538461
Aley,0.8461538461538461
Ala,0.8458197611292074
Shaylan,0.845360824742268
Kapree,0.845360824742268
Airis,0.8452380952380952
Rylann,0.8449905482041588
Syren,0.8449612403100775
Ramandeep,0.8446601941747572
Scotti,0.8444444444444444
Rosell,0.8444444444444444
Kenly,0.8444444444444444
Thao,0.8441558441558441
Raine,0.8438852813852814
Kwanza,0.8438661710037175
Ahmani,0.84375
Kyarie,0.84375
Brunell,0.84375
Ajream,0.84375
Tayde,0.84375
Rayli,0.84375
Gudalupe,0.84375
Hillory,0.84375
Aba,0.84375
Remi,0.8436905388445812
Concepcion,0.8435176204332363
Briane,0.8433048433048433
Kaylen,0.8432889100428368
Halo,0.8432398493093345
Taetum,0.8424242424242424
Cortney,0.8424013141520235
Shire,0.8421052631578947
Chea,0.8421052631578947
Oaklee,0.8417689591390617
Dailin,0.8414634146341463
Millian,0.8414634146341463
Jihan,0.8414464534075105
Loyalty,0.8414080242240727
Emeral,0.8412698412698413
Mana,0.8411910669975186
Christen,0.8410784743533538
Amoni,0.8410714285714286
Odia,0.8409090909090909
Thuong,0.8409090909090909
Payten,0.8406967937389548
Jonnell,0.8405797101449275
Zaylynn,0.8404040404040404
Teryn,0.8402692778457772
Dandrea,0.8402203856749312
Jermani,0.8402061855670103
Sailor,0.8401781296387927
Mauri,0.8397177419354839
Eris,0.8393473486037025
Shelvy,0.8387909319899244
Carmel,0.8387774148390107
Harlow,0.8387200825753177
Mitsuki,0.8387096774193549
Roo,0.8387096774193549
Banksy,0.8387096774193549
Hilder,0.8387096774193549
Kenyota,0.8387096774193549
Kiare,0.8387096774193549
Jovy,0.8387096774193549
Savonne,0.8387096774193549
Amillian,0.8387096774193549
Destri,0.8387096774193549
Teagan,0.8385284949714756
Delyn,0.8382352941176471
Ijah,0.8382352941176471
Haydenn,0.8378378378378378
Reda,0.8373466606088141
Kim,0.8372616136919315
Paeton,0.8368121442125237
Bethel,0.8367280956999676
Saron,0.8362255965292842
Aza,0.8361774744027304
Hollin,0.8360655737704918
Kacy,0.8360165975103735
Alexis,0.8359900745864208
Rin,0.835920177383592
Aldine,0.8357588357588358
Rmoni,0.8357142857142857
Juni,0.8354430379746836
Robbi,0.8351764086361243
Jakiah,0.8351648351648352
Bailey,0.835024857385049
Bryley,0.8349753694581281
Jaimey,0.8344370860927153
Alexes,0.834326579261025
Sha,0.8342036553524804
Bayley,0.8341593595120091
Dima,0.8340336134453782
Keilyn,0.8335684062059239
Korie,0.8333897731120894
Yahri,0.8333333333333334
Starley,0.8333333333333334
Sevynn,0.8333333333333334
Nahari,0.8333333333333334
Corren,0.8333333333333334
Lenley,0.8333333333333334
Maurya,0.8333333333333334
Yahari,0.8333333333333334
Ragene,0.8333333333333334
Keran,0.8333333333333334
Simranjit,0.8333333333333334
Tylei,0.8333333333333334
Symba,0.8333333333333334
Mika,0.8330397584297936
Amarie,0.8327009313556398
Ryelee,0.8323529411764706
Zacaria,0.8322981366459627
Adison,0.8322613841008489
Arkie,0.8318181818181818
Jessi,0.8317757009345794
Briley,0.8317626082526745
Evon,0.8317361265879206
Morgan,0.8315250882336465
Lindy,0.8314990512333966
Ameris,0.8313817330210773
Kadynn,0.8311688311688312
Emmanuelle,0.8311611374407583
Zhane,0.8310521813515825
Tallie,0.8308157099697885
Sevi,0.8307692307692308
Darriell,0.8307692307692308
Brione,0.8307692307692308
Torrie,0.8305868748193119
Quinta,0.8305785123966942
Dimon,0.8305084745762712
Oshun,0.8296943231441049
Tobi,0.8296906045983536
Ting,0.8295454545454546
Jadence,0.8293838862559242
Ezri,0.8293683347005743
Aby,0.8292682926829268
Khalei,0.8292682926829268
Shavonte,0.8291814946619217
Kerin,0.8289308176100629
Orva,0.8287112561174551
Courtenay,0.8285714285714286
Sovanna,0.8285714285714286
Erys,0.8285714285714286
Raney,0.8280871670702179
Bobbie,0.827810606627272
Lorain,0.8278092158447857
Ande,0.8277310924369747
Shye,0.8275862068965517
Adly,0.8275862068965517
Adaiah,0.8275229357798165
Rocklyn,0.8273809523809523
Robbin,0.8272342064714946
Kilyn,0.8272251308900523
Kauri,0.8266666666666667
Karrington,0.8265424912689173
Jayloni,0.826530612244898
Ardyn,0.8264642082429501
Nour,0.8261919130959565
Roa,0.8260869565217391
Ibis,0.8260869565217391
Breeze,0.8258478460128322
Noa,0.8257916765379452
Oluwatofunmi,0.8253968253968254
Ragan,0.8251996450754214
Markie,0.8251821019771072
Doni,0.8250303766707169
Edner,0.825
Bali,0.825
Skylar,0.8249713233663958
Eden,0.8248902198966973
Ryn,0.8246753246753247
Avari,0.8245283018867925
Sherley,0.8242343541944075
Amani,0.8240805216180287
Carron,0.8240574506283662
Love,0.8239898070622498
Rainey,0.8238747553816047
Ranell,0.8238636363636364
Veryle,0.8235294117647058
Zepplyn,0.8235294117647058
Truee,0.8235294117647058
Torii,0.8229166666666666
Ameya,0.8226822682268227
Charon,0.8225143796220213
Lorry,0.8224899598393575
Artha,0.8224582701062215
Gurmehar,0.8222222222222222
Harlym,0.8220858895705522
Lyn,0.822047423620611
Carlen,0.8218694885361552
Kamryn,0.821849593495935
Khori,0.8218181818181818
Raffie,0.8214285714285714
Oluwalonimi,0.8214285714285714
Gertis,0.8214285714285714
Taitum,0.8213660245183888
La,0.8211845102505695
Kerrington,0.8209255533199196
Bralynn,0.8207407407407408
Matty,0.8207126948775055
My,0.8205705705705706
Daniele,0.8201521789255246
Dailyn,0.8196647032170367
Harbour,0.8195488721804511
Choua,0.819327731092437
Carry,0.8191681735985533
Juelle,0.8189655172413793
Arlowe,0.8188976377952756
Loyce,0.8188405797101449
Rue,0.8186619718309859
Jacy,0.8181818181818182
Siyah,0.8181818181818182
Malikia,0.8181818181818182
Jariah,0.818070818070818
Lyric,0.817963304222418
Eliya,0.8178096212896623
Haven,0.8177265898848273
Donyale,0.8175519630484989
Amore,0.8174216027874565
Dondrea,0.8172043010752689
Makiah,0.8170462894930198
Boots,0.8169934640522876
Diarra,0.8169014084507042
Amyre,0.8166666666666667
Zeplyn,0.8166666666666667
Coti,0.8166666666666667
Asanti,0.8163934426229508
Zamani,0.816
Nevada,0.815966822187662
Zabdi,0.8156424581005587
Harlyn,0.8152274837511606
Chevie,0.8152173913043478
Jernell,0.8148148148148148
Nghi,0.8148148148148148
Lyndan,0.8148148148148148
Nadar,0.8148148148148148
Midnight,0.8148148148148148
Savya,0.8148148148148148
Montrese,0.8148148148148148
Oda,0.8147692307692308
Dorris,0.8146098505810736
Irie,0.814395099540582
Marsai,0.8142857142857143
Di,0.8142857142857143
Henley,0.8140646622216631
Skyelar,0.8138728323699422
Montoya,0.8137715179968701
Weslyn,0.8136826783114993
Tran,0.8136826783114993
Jirah,0.8136645962732919
Nakia,0.8131520119225037
Tayler,0.8131154715880079
Regan,0.8130887953497695
Talley,0.812933025404157
Vannie,0.8129285014691479
Gift,0.812807881773399
Oasis,0.8126801152737753
Lakin,0.8125802310654685
England,0.8125
Aseda,0.8125
Rovan,0.8125
Beryl,0.8123595505617978
Cambryn,0.8118811881188119
Kekeli,0.8113207547169812
London,0.8111478086614465
Amran,0.8110831234256927
Shiya,0.8110236220472441
Murriel,0.8104265402843602
Kalani,0.8103876101651407
Ramelle,0.8103448275862069
Venis,0.8103448275862069
Norell,0.810126582278481
Lynel,0.810126582278481
Bayly,0.8095238095238095
Aubrey,0.8091114967568832
Rama,0.8089401586157173
Gatlynn,0.8088235294117647
Greer,0.8087476229285521
Nyx,0.8079584775086506
Sador,0.8076923076923077
Kishara,0.8076923076923077
Henly,0.8076923076923077
Delancy,0.8076923076923077
Dorcie,0.8076923076923077
In,0.8076923076923077
Nollie,0.8071748878923767
Dione,0.8071428571428572
Keimani,0.806930693069307
Horizon,0.8068965517241379
Juno,0.8067951318458418
Kemonie,0.8066666666666666
Gursimran,0.8064516129032258
Kacei,0.8064516129032258
Demetrise,0.8064516129032258
Yireh,0.8064516129032258
Shi,0.8058252427184466
Emiri,0.8058252427184466
Finesse,0.8057851239669421
Liel,0.8057142857142857
Amour,0.8056112224448898
Amilian,0.8055555555555556
Nao,0.8050847457627118
Lamoni,0.8043478260869565
Clevie,0.8040540540540541
Novell,0.803921568627451
Emmerson,0.8037974683544303
Ashland,0.8037825059101655
Tracy,0.8034651217812222
Kimm,0.8032786885245902
Sonam,0.8030050083472454
Cleaster,0.8029197080291971
Oshyn,0.8023255813953488
Nohea,0.8018867924528302
Adean,0.8017241379310345
Damilola,0.8016528925619835
Sayge,0.8012519561815337
Yer,0.8011204481792717
Artemis,0.8009453781512605
Azure,0.8008699855002417
Rowyn,0.8007136975020588
Layken,0.8006872852233677
Vega,0.8006718924972005
Tally,0.8002915451895044
Langley,0.8
Tolulope,0.8
Parkyr,0.8
Andrean,0.8
Shawan,0.8
Delacy,0.8
Sherone,0.8
Ziyi,0.8
Frenchie,0.8
Keyori,0.8
Karmani,0.8
Yihan,0.8
Unborn,0.8
Greylyn,0.8
Justise,0.8
Cassander,0.8
Verley,0.8
Faran,0.8
Ravin,0.8
Kovie,0.8
Jaazaniah,0.8
Isley,0.7995705082319255
Kahlen,0.7994011976047904
Kiari,0.7991379310344827
Bertice,0.7990867579908676
Marvie,0.798219584569733
Jeylani,0.7981651376146789
Kahli,0.7979274611398963
Orla,0.7978798586572439
Mosley,0.7978723404255319
Jream,0.7974735126324368
Rily,0.7974683544303798
Ilia,0.7973657548125633
Marjon,0.7972972972972973
Tylee,0.7968106995884774
Kimmy,0.7964731814842028
Larken,0.7964601769911505
Deni,0.7964071856287425
Cubie,0.7962962962962963
Pita,0.7962962962962963
Wonnie,0.7962962962962963
Kamalei,0.7959183673469388
Jonquil,0.7955390334572491
Sharone,0.7953615279672579
Vail,0.7950191570881227
Peyten,0.7949921752738655
Aime,0.7947163274144652
Kenyada,0.7946554149085795
Nai,0.7945945945945946
Vinnie,0.7945380296069423
Kesiah,0.7945205479452054
Reylin,0.7941176470588235
Adrienn,0.7941176470588235
Doninique,0.7934782608695652
Akira,0.7933424341068991
Swayze,0.7931354359925789
Uganda,0.7931034482758621
Marvel,0.7930506658502985
Haile,0.7923292797006548
Davine,0.7917570498915402
Chesleigh,0.7916666666666666
Laylan,0.7916666666666666
Ryna,0.7916666666666666
Seely,0.7916666666666666
Avionne,0.7916666666666666
Jahnari,0.7916666666666666
Brendell,0.7916666666666666
Turi,0.7916666666666666
Zamarie,0.7916666666666666
Pearley,0.790834312573443
Kulture,0.7903780068728522
Fonnie,0.7903225806451613
Kacey,0.7902206080172182
Azarie,0.7901234567901234
Munachiso,0.7901234567901234
Anu,0.7899159663865546
Izel,0.7895304910955208
Nikita,0.7894930198383542
Rodas,0.7894736842105263
Bhavya,0.7894736842105263
Airam,0.7893106119287374
Favor,0.7893030794165316
Karey,0.7892457596535547
Tokyo,0.7884615384615384
Troi,0.7876777251184834
Deshae,0.7872340425531915
Milaan,0.7872340425531915
Yiran,0.7872340425531915
Jen,0.7871287128712872
Danila,0.7869565217391304
Shae,0.7869284490710239
Oceann,0.7868852459016393
Aniko,0.7865168539325843
Justyce,0.786376718899904
Binnie,0.7863247863247863
Elvie,0.7861987614273076
Amanpreet,0.7861635220125787
Phynix,0.7860696517412935
Keilin,0.7860082304526749
Laiken,0.785744411640658
Ive,0.7857142857142857
Kadison,0.7857142857142857
Simar,0.7857142857142857
Deoveon,0.7857142857142857
Jamyri,0.7857142857142857
Peris,0.7857142857142857
Phuong,0.785551330798479
Abiola,0.7854077253218884
Yasha,0.7851851851851852
Taydem,0.7851851851851852
Jordain,0.7846715328467153
Apurva,0.7846153846153846
Elham,0.7845433255269321
Alix,0.7844865579550463
Chau,0.7842741935483871
Ariel,0.7840871308675809
Dana,0.7839941274759502
Corie,0.7838696020321761
Tashi,0.7837398373983739
Donis,0.7836338418862691
Jayme,0.7835442332348515
Sherrill,0.7835424437662485
Aaliyan,0.7834394904458599
Monserrate,0.7834394904458599
Anael,0.7829457364341085
Iman,0.7828251400124455
Amai,0.7828054298642534
Paris,0.7827985929126237
Dores,0.782608695652174
Tinashe,0.782608695652174
Lotis,0.782608695652174
Tazmin,0.782608695652174
Jeeva,0.782608695652174
Monell,0.782608695652174
Chizitere,0.782608695652174
Renley,0.7825421133231241
Harnoor,0.7825112107623319
Omni,0.7822966507177034
Renell,0.7821782178217822
Kristain,0.7821782178217822
Dominigue,0.7819905213270142
Malin,0.7817836812144212
Navi,0.7817059483726151
Domingue,0.7816091954022989
Deshante,0.7816091954022989
Carliss,0.781491002570694
Keylin,0.7814018043025677
Aloise,0.78125
Hiraeth,0.78125
Nealy,0.7810026385224275
Demaris,0.7806748466257669
Wannie,0.78
Hannan,0.78
Najai,0.7799043062200957
Sabriel,0.7794117647058824
Majesty,0.7791215786123489
Macklyn,0.7787878787878788
Lesslie,0.7784711388455539
Emel,0.7777777777777778
Korei,0.7777777777777778
Rabaab,0.7777777777777778
Diep,0.7777777777777778
Otie,0.7777777777777778
Quinzel,0.7777777777777778
Kawaii,0.7777777777777778
Zelle,0.7777777777777778
Donelle,0.7772413793103449
Lynn,0.776834220315223
Kentlee,0.7764705882352941
Loxley,0.7764705882352941
Afnan,0.7763975155279503
Cameryn,0.7762392689005816
Tiegan,0.7760814249363868
Alin,0.7757009345794392
Kaede,0.7756410256410257
Earth,0.7755102040816326
Daily,0.7753846153846153
Garnet,0.7750589291727467
Rhyley,0.775
Danyel,0.7742830712303422
Myrle,0.7738095238095238
Maciel,0.7734375
Daune,0.7730496453900709
Jarae,0.7728937728937729
Jona,0.7728077945084145
Justi,0.7727272727272727
Coma,0.7727272727272727
Rhenn,0.7727272727272727
Kemarii,0.7727272727272727
Layle,0.7727272727272727
Adedoyin,0.7727272727272727
Garie,0.7727272727272727
Azaniah,0.7727272727272727
Shadyn,0.7727272727272727
Alonzia,0.7727272727272727
Rhemy,0.7727272727272727
Shoua,0.7726027397260274
Ferrin,0.7723577235772358
Donique,0.7721518987341772
Kumari,0.7721518987341772
Rahi,0.7719298245614035
Azizi,0.7717391304347826
Americus,0.7717041800643086
Sina,0.7716606498194946
Shylo,0.7712952158693116
Kyari,0.7710280373831776
Joules,0.7708333333333334
Meddie,0.7708333333333334
Delancey,0.7704918032786885
Reegan,0.7704381948986265
Baily,0.7703744493392071
Germaine,0.7702952928564467
Jordyan,0.77
Finlee,0.7699849170437406
Lochlyn,0.7699316628701595
Kindell,0.7699115044247787
Silver,0.7698915009041591
Indigo,0.769710838360724
Javae,0.7696629213483146
Trellis,0.7695749440715883
Mikiah,0.7694915254237288
Kendis,0.7692307692307693
Ohara,0.7692307692307693
Mar,0.7691579943235572
Laurin,0.7685274302213667
Camdynn,0.7684210526315789
Hiyab,0.7683823529411765
Phenyx,0.7682119205298014
Sacred,0.7678571428571429
Eztli,0.7676056338028169
Waldean,0.7674418604651163
Cairi,0.7674418604651163
Viridian,0.7674418604651163
Chaney,0.767402376910017
Rylyn,0.7667804323094426
Karsyn,0.7667720707631827
Joshlin,0.7666666666666667
Osha,0.7664835164835165
Shaye,0.7664438972915933
Erza,0.7662650602409639
Larri,0.7660377358490567
Lean,0.7659817351598174
Bryann,0.7655601659751037
Billie,0.7655327856698004
Burnette,0.7655310621242485
Deondra,0.7654041831543245
Amor,0.7651705565529623
Hollan,0.7643312101910829
Jadyn,0.7640710823909531
Laverne,0.7639626474676551
Maurie,0.763855421686747
Jasmeet,0.7638376383763837
Zo,0.7638190954773869
Baley,0.7637614678899083
Kolbie,0.7636262513904338
Judea,0.763458401305057
Admire,0.7631578947368421
Kamyrn,0.7631578947368421
Alaa,0.7630625969994826
Chaka,0.7624660018132366
Vali,0.7621621621621621
Mio,0.7620137299771167
Taree,0.7619047619047619
Sehajpreet,0.7619047619047619
Tiante,0.7619047619047619
Laurien,0.7619047619047619
Aeries,0.7619047619047619
Ursel,0.7619047619047619
Jaylein,0.7619047619047619
Shamair,0.7619047619047619
Peyden,0.7619047619047619
Charone,0.7619047619047619
Xong,0.7619047619047619
Kamsiyochi,0.7619047619047619
Mital,0.7619047619047619
Orea,0.7619047619047619
Breaun,0.7619047619047619
Dahn,0.7619047619047619
Narvie,0.7619047619047619
Cola,0.7617647058823529
Kieryn,0.76171875
Josey,0.7615384615384615
Romaine,0.7615347255949491
Ashtyn,0.7611922432367728
Kyung,0.7610619469026548
Sani,0.7609561752988048
Haidyn,0.7604456824512534
Dasiah,0.7601809954751131
Kayland,0.76
Pheonyx,0.76
Jaylyn,0.7598012889366272
Roux,0.7597402597402597
Gabriell,0.7597173144876325
Rhiley,0.7596964586846543
July,0.7593097184377838
Armanie,0.758893280632411
Versailles,0.7586206896551724
Kenyell,0.7586206896551724
Paz,0.7584134615384616
Brook,0.7583911829957776
Mitchelle,0.7583081570996979
Rain,0.7581179589131876
Morgen,0.7580711074785451
Jewelz,0.7578947368421053
Errin,0.7578194816800715
Challis,0.7578125
Ardel,0.7578125
Arcie,0.7571428571428571
Lacy,0.7567628494138864
Maryland,0.7567359507313318
Shyloh,0.7565320665083135
Tyjah,0.7563025210084033
Lind,0.7563025210084033
Chia,0.7561837455830389
Ronnye,0.7560975609756098
Areion,0.7560975609756098
Michaiah,0.756007393715342
Shenandoah,0.7559912854030502
Janus,0.7559523809523809
Izzy,0.7557732680195941
Lupe,0.7556935817805382
Caron,0.7556453529831234
Knightley,0.7555555555555555
Kaena,0.7553191489361702
Deandrea,0.7551572539736219
Leotha,0.7551440329218106
Emer,0.7549019607843137
Callisto,0.7549019607843137
Rhyen,0.7548076923076923
Sacha,0.754739336492891
Sutten,0.7547169811320755
Abeer,0.7544303797468355
Jamie,0.7543239574419454
Gari,0.7542768273716952
Robi,0.7542372881355932
Soe,0.7540983606557377
Amirie,0.7540983606557377
Nur,0.7539975399753998
Yali,0.753968253968254
Vanny,0.7538461538461538
Pier,0.7536231884057971
France,0.7535760728218466
Daley,0.7532679738562091
Taylin,0.7529711375212224
Kelcey,0.7528368794326241
Earlee,0.7528089887640449
Shams,0.7518796992481203
Angell,0.7515723270440252
Jovi,0.7512140455734031
San,0.7505022097227803
Jadeen,0.75
Kandia,0.75
Gefen,0.75
Jadean,0.75
Yun,0.75
Ireon,0.75
Terrylee,0.75
Maxiel,0.75
Mancy,0.75
Kish,0.75
Chali,0.75
Stellar,0.75
Naje,0.75
Dayl,0.75
Dali,0.75
Beckette,0.75
Idel,0.75
Adebola,0.75
Elyah,0.75
Jacobia,0.75
Keelin,0.7498197548666186
Armonie,0.7491995731056563
Mecca,0.7488418266048974
Randie,0.7487852283770651
Darcell,0.7485207100591716
Kaelin,0.7480832420591457
Daytona,0.7479338842975206
Amzie,0.7477064220183486
Sascha,0.7476943346508564
Teryl,0.7476007677543186
Nana,0.7473246135552913
Hamdi,0.7471698113207547
Shirl,0.7470355731225297
Marlyn,0.7463146314631464
Neema,0.7462834489593657
Mursal,0.746268656716418
Loris,0.7460526315789474
Trini,0.7460484720758693
Harsimran,0.746031746031746
Shermaine,0.7459618208516887
Sugar,0.7458563535911602
Nesiah,0.7457627118644068
Jayd,0.7456521739130435
Kayren,0.7456140350877193
Nolynn,0.7454545454545455
Cyan,0.7447386286490156
Danell,0.7447058823529412
Taylor,0.7443191191725067
Jaydynn,0.7441860465116279
Kippie,0.7441860465116279
Nature,0.7438231469440832
Esli,0.7435897435897436
Azarya,0.7430167597765364
Lattie,0.7429111531190926
Keelyn,0.74263431542461
Sunny,0.7421017924584857
Cleo,0.7416950978631711
Keni,0.7411764705882353
Sloan,0.7408326440584505
Zemi,0.7407407407407407
Glennis,0.7403673028447966
Jensyn,0.740234375
Waylynn,0.7396963123644251
Yani,0.7394366197183099
Khalis,0.7394366197183099
Langstyn,0.7391304347826086
Joddie,0.7391304347826086
Juliani,0.7391304347826086
Braidy,0.7391304347826086
Arlee,0.7390521895620876
Sora,0.7390169638973467
Breckyn,0.7389858686616791
Perle,0.7386018237082067
Darby,0.7385673454805287
Noha,0.7383720930232558
Giavanni,0.7383177570093458
Shalamar,0.7381703470031545
Khouri,0.7380952380952381
Talor,0.7379679144385026
Goodness,0.7377049180327869
Mica,0.7376061353053958
Bradie,0.737597911227154
Jaidence,0.7375886524822695
Taegan,0.7374076561450638
Nihan,0.7372549019607844
Ziah,0.7369308600337268
Mor,0.7368421052631579
Yixuan,0.7368421052631579
Diorr,0.7368421052631579
Dennell,0.7368421052631579
Laken,0.7366087920206871
Jayonni,0.7361111111111112
Dorean,0.7360703812316716
Araoluwa,0.7357142857142858
Domenique,0.7356948228882834
Shanon,0.7355321423118033
Saje,0.7354497354497355
Kylyn,0.7349624060150376
Avonni,0.7349397590361446
Moon,0.7348754448398577
Dontia,0.7346938775510204
Krys,0.734375
Oluwatamilore,0.734006734006734
Omega,0.7338492597577388
Tarin,0.7336641852770885
Kairie,0.7333333333333333
Sherald,0.7333333333333333
Shiron,0.7333333333333333
Domonique,0.7333049766056997
Safari,0.7329192546583851
Terryn,0.7328339575530587
Danne,0.7324159021406728
Kersey,0.7323943661971831
Ivis,0.7323943661971831
Brailyn,0.7322291235334714
Riki,0.7322201607915894
Julani,0.7321428571428571
Tasi,0.7321428571428571
Agape,0.7320261437908496
Arshia,0.7319587628865979
Shanen,0.7318435754189944
Dor,0.7317073170731707
Lougene,0.7317073170731707
Aubren,0.7317073170731707
Ara,0.7314891846921797
Kashi,0.7307692307692307
Clemmie,0.7306733167082294
Cambell,0.7306273062730627
Song,0.7304964539007093
Lile,0.7304347826086957
Reve,0.73
Jalyn,0.7298894106953492
Shaddai,0.7297979797979798
Abiyah,0.7297297297297297
Murphey,0.7297297297297297
Rameen,0.729381443298969
Zariel,0.7287066246056783
Adoree,0.7286821705426356
Ramie,0.7286166842661035
Dasani,0.7284183994959043
Arlanda,0.7282608695652174
Tylyn,0.7282608695652174
Kenyata,0.7282415630550622
Khamil,0.7281553398058253
Arryn,0.728
Kasey,0.7275196005431211
Paddy,0.7272727272727273
Armer,0.7272727272727273
Kharri,0.7272727272727273
Guadalupe,0.7270370087919031
Undrea,0.7265625
Tegan,0.7263864818024264
Argusta,0.7263157894736842
Peja,0.7261904761904762
Deaundra,0.726027397260274
Dailey,0.7250673854447439
Deloni,0.725
Morireoluwa,0.725
Pure,0.7246376811594203
Mccartney,0.7245370370370371
Ripley,0.7245058048321306
Denali,0.7243562684677078
Jood,0.7242206235011991
Korbynn,0.7241379310344828
Traeh,0.7238095238095238
Tochi,0.7236842105263158
Kolbi,0.7234782608695652
Rmani,0.7232876712328767
Bemnet,0.7230769230769231
Marion,0.7230516315256246
Collins,0.7228823887873248
Ilhan,0.7228070175438597
Mavi,0.72265625
Marlowe,0.7222412025965153
Eversyn,0.7222222222222222
Tennell,0.7222222222222222
Daebreon,0.7222222222222222
Rauri,0.7222222222222222
Siu,0.7222222222222222
Oluwaseyifunmi,0.7222222222222222
Peppi,0.7222222222222222
Yandi,0.7222222222222222
Traice,0.7222222222222222
Tennessee,0.7221385542168675
Conny,0.722027972027972
Biak,0.7215189873417721
Perfect,0.7209302325581395
Ova,0.7209302325581395
Larue,0.7206095791001451
Masani,0.7205882352941176
Alpha,0.7205779070934083
Kior,0.7204545454545455
Rayme,0.7204301075268817
Tsering,0.7203389830508474
Ilerioluwa,0.72
Rakhi,0.72
Ivey,0.7198570540708514
Domanique,0.7197696737044146
Page,0.7197011117186076
Jentry,0.719562243502052
Dene,0.7194968553459119
Nehal,0.718978102189781
Nouri,0.71875
Mendy,0.7183239108746259
Victory,0.7181515403830142
Bradee,0.717948717948718
Bay,0.717663421418637
Sadra,0.717391304347826
Shajuan,0.7171717171717171
Massie,0.7171428571428572
Kameryn,0.7159804605722261
Hser,0.7155963302752294
Raylin,0.7152852529601722
Avery,0.714787341629303
Indy,0.7144408251900108
Ferrari,0.7142857142857143
Iyanuoluwa,0.7142857142857143
Arona,0.7142857142857143
Ovi,0.7142857142857143
Lunar,0.7142857142857143
Xzavia,0.7142857142857143
Marrin,0.7142857142857143
Dior,0.713256076879593
Kasani,0.7131147540983607
Scout,0.7130727565510174
Phinley,0.7129629629629629
Lan,0.7126969416126042
Kamori,0.7124645892351275
Phalon,0.7115384615384616
Bennette,0.7115384615384616
Daniell,0.7112578179291175
Zoah,0.7111111111111111
Munachi,0.7105263157894737
Velmar,0.7105263157894737
Demery,0.7105263157894737
Azeriah,0.7105263157894737
Kang,0.7105263157894737
Karcyn,0.7102272727272727
Bostyn,0.7100712105798576
Jan,0.7092297286751125
Kiryn,0.7088607594936709
Jiwoo,0.7088607594936709
Scotland,0.7088465845464725
Jene,0.7087466185752931
Amavi,0.7087378640776699
Mykelti,0.7086614173228346
Dalys,0.7083333333333334
Deylin,0.7083333333333334
Teigan,0.7081384471468662
Osceola,0.7081339712918661
Kelynn,0.7078651685393258
Emry,0.7078005115089514
Chisom,0.7076502732240437
Roben,0.7072072072072072
Amiko,0.7068965517241379
Alexi,0.7068151147098516
Payton,0.706676195580966
Berkley,0.705978039853599
Laquay,0.7058823529411765
Corbie,0.7058823529411765
Tupou,0.7058823529411765
Kalae,0.7058823529411765
Ahari,0.7058823529411765
Lasiah,0.7058823529411765
Alique,0.7058823529411765
Levvy,0.7058823529411765
Jerlin,0.7058823529411765
Zikora,0.7058823529411765
Holland,0.7057854443260005
Jerusalem,0.7057522123893806
Purpose,0.7055214723926381
Maven,0.7053406998158379
Leslie,0.705060485081739
Aroyal,0.7049180327868853
Gabriele,0.7048622917375043
Ollie,0.7047173330620273
Chanon,0.7045454545454546
Lynell,0.704382183908046
Jehlani,0.704225352112676
Coree,0.7040998217468806
Desani,0.7037037037037037
Jamine,0.7034632034632035
Catlin,0.7028647568287808
Sakari,0.7027027027027027
Krimson,0.7027027027027027
Montrice,0.7027027027027027
Rossie,0.7022101589763474
Honour,0.7021857923497268
Yanai,0.7021276595744681
Tahari,0.7018633540372671
Ly,0.7017543859649122
Yuhan,0.7017543859649122
Leaster,0.7017543859649122
Lundon,0.7017543859649122
Tatum,0.7015732674554674
Praise,0.7011308562197092
Toshua,0.7010869565217391
Kamarie,0.7008871989860583
Sequoyah,0.7004470938897168
Dylann,0.7002360346184107
Ayrian,0.7
Aideen,0.7
Dosie,0.7
Attley,0.7
